element,minutes,goals_scored,assists,clean_sheets,goals_conceded,yellow_cards,red_cards,total_points,influence,creativity,threat,ict_index,Gameweek,season,name,team,opponent_team,was_home
1,90,0,0,0,1,0,0,2,15.8,0.0,0.0,1.6,6,2025-26,David Raya Martín,1,15,False
2,0,0,0,0,0,0,0,0,0.0,0.0,0.0,0.0,6,2025-26,Kepa Arrizabalaga Revuelta,1,15,False
3,0,0,0,0,0,0,0,0,0.0,0.0,0.0,0.0,6,2025-26,Karl Hein,1,15,False
4,0,0,0,0,0,0,0,0,0.0,0.0,0.0,0.0,6,2025-26,Tommy Setford,1,15,False
5,90,1,0,0,1,0,0,13,76.8,2.5,33.0,11.2,6,2025-26,Gabriel dos Santos Magalhães,1,15,False
6,45,0,0,0,0,0,0,1,5.4,11.8,2.0,1.9,6,2025-26,William Saliba,1,15,False
7,69,0,0,0,1,1,0,1,3.6,16.8,10.0,3.0,6,2025-26,Riccardo Calafiori,1,15,False
8,90,0,0,0,1,0,0,2,24.6,38.2,25.0,8.8,6,2025-26,Jurriën Timber,1,15,False
9,0,0,0,0,0,0,0,0,0.0,0.0,0.0,0.0,6,2025-26,Jakub Kiwior,1,15,False
10,2,0,0,0,0,0,0,1,0.0,0.9,2.0,0.2,6,2025-26,Myles Lewis-Skelly,1,15,False
11,0,0,0,0,0,0,0,0,0.0,0.0,0.0,0.0,6,2025-26,Benjamin White,1,15,False
12,90,0,0,0,1,0,0,2,14.8,19.3,0.0,3.4,6,2025-26,Oleksandr Zinchenko,16,17,True
13,0,0,0,0,0,0,0,0,0.0,0.0,0.0,0.0,6,2025-26,Brayden Clarke,1,15,False
14,0,0,0,0,0,0,0,0,0.0,0.0,0.0,0.0,6,2025-26,Maldini Kacurri,1,15,False
15,0,0,0,0,0,0,0,0,0.0,0.0,0.0,0.0,6,2025-26,Josh Nichols,1,15,False
16,69,0,0,0,1,0,0,2,4.4,11.4,30.0,4.6,6,2025-26,Bukayo Saka,1,15,False
17,8,0,1,0,0,0,0,4,19.0,16.4,0.0,3.5,6,2025-26,Martin Ødegaard,1,15,False
18,0,0,0,0,0,0,0,0,0.0,0.0,0.0,0.0,6,2025-26,Noni Madueke,1,15,False
19,20,0,0,0,0,0,0,1,2.2,0.5,4.0,0.7,6,2025-26,Gabriel Martinelli Silva,1,15,False
20,87,0,0,0,1,0,0,2,2.4,17.0,12.0,3.1,6,2025-26,Leandro Trossard,1,15,False
21,90,0,1,0,1,0,0,9,47.6,53.7,4.0,10.5,6,2025-26,Declan Rice,1,15,False
22,20,1,0,0,0,0,0,6,35.2,0.1,19.0,5.4,6,2025-26,Mikel Merino Zazón,1,15,False
23,0,0,0,0,0,0,0,0,0.0,0.0,0.0,0.0,6,2025-26,Fábio Ferreira Vieira,1,15,False
24,0,0,0,0,0,0,0,0,0.0,0.0,0.0,0.0,6,2025-26,Christian Nørgaard,1,15,False
25,0,0,0,0,0,0,0,0,0.0,0.0,0.0,0.0,6,2025-26,Ethan Nwaneri,1,15,False
26,81,0,0,0,1,0,0,2,17.8,31.9,0.0,5.0,6,2025-26,Martín Zubimendi Ibáñez,1,15,False
27,0,0,0,0,0,0,0,0,0.0,0.0,0.0,0.0,6,2025-26,Reiss Nelson,5,14,True
28,0,0,0,0,0,0,0,0,0.0,0.0,0.0,0.0,6,2025-26,Ismeal Kabia,1,15,False
29,0,0,0,0,0,0,0,0,0.0,0.0,0.0,0.0,6,2025-26,Albert Sambi Lokonga,1,15,False
30,0,0,0,0,0,0,0,0,0.0,0.0,0.0,0.0,6,2025-26,Kai Havertz,1,15,False
31,0,0,0,0,0,0,0,0,0.0,0.0,0.0,0.0,6,2025-26,Gabriel Fernando de Jesus,1,15,False
32,90,0,0,0,1,0,0,3,23.0,3.0,0.0,2.6,6,2025-26,Emiliano Martínez Romero,2,10,True
33,0,0,0,0,0,0,0,0,0.0,0.0,0.0,0.0,6,2025-26,Marco Bizot,2,10,True
34,0,0,0,0,0,0,0,0,0.0,0.0,0.0,0.0,6,2025-26,Joe Gauci,2,10,True
35,0,0,0,0,0,0,0,0,0.0,0.0,0.0,0.0,6,2025-26,Filip Marschall,2,10,True
36,90,0,0,0,1,0,0,2,18.0,1.5,1.0,2.1,6,2025-26,Matty Cash,2,10,True
37,90,0,1,0,1,0,0,5,28.2,15.2,11.0,5.4,6,2025-26,Lucas Digne,2,10,True
38,90,0,0,0,1,0,0,2,22.4,0.7,0.0,2.3,6,2025-26,Ezri Konsa Ngoyo,2,10,True
39,0,0,0,0,0,0,0,0,0.0,0.0,0.0,0.0,6,2025-26,Ian Maatsen,2,10,True
40,31,0,0,0,1,0,0,1,2.8,0.4,0.0,0.3,6,2025-26,Tyrone Mings,2,10,True
41,58,0,0,0,0,0,0,1,12.6,0.5,0.0,1.3,6,2025-26,Pau Torres,2,10,True
42,0,0,0,0,0,0,0,0,0.0,0.0,0.0,0.0,6,2025-26,Andrés García,2,10,True
43,0,0,0,0,0,0,0,0,0.0,0.0,0.0,0.0,6,2025-26,Álex Moreno Lopera,2,10,True
44,81,0,0,0,1,0,0,2,3.2,12.8,0.0,1.6,6,2025-26,Lamare Bogarde,2,10,True
45,0,0,0,0,0,0,0,0,0.0,0.0,0.0,0.0,6,2025-26,Lino da Cruz Sousa,2,10,True
46,0,0,0,0,0,0,0,0,0.0,0.0,0.0,0.0,6,2025-26,Yasin Özcan,2,10,True
47,90,0,1,0,1,0,0,5,26.8,30.9,6.0,6.4,6,2025-26,Morgan Rogers,2,10,True
48,0,0,0,0,0,0,0,0,0.0,0.0,0.0,0.0,6,2025-26,Youri Tielemans,2,10,True
49,0,0,0,0,0,0,0,0,0.0,0.0,0.0,0.0,6,2025-26,Leon Bailey,2,10,True
50,45,1,1,0,0,0,0,12,51.0,14.3,34.0,9.9,6,2025-26,Emiliano Buendía Stati,2,10,True
51,0,0,0,0,0,0,0,0,0.0,0.0,0.0,0.0,6,2025-26,Samuel Iling-Junior,2,10,True
52,0,0,0,0,0,0,0,0,0.0,0.0,0.0,0.0,6,2025-26,Jacob Ramsey,15,1,True
53,7,0,0,0,0,0,0,1,2.0,0.0,0.0,0.2,6,2025-26,Donyell Malen,2,10,True
54,71,1,0,0,1,1,0,6,36.0,18.5,13.0,6.8,6,2025-26,John McGinn,2,10,True
55,0,0,0,0,0,0,0,0,0.0,0.0,0.0,0.0,6,2025-26,Ross Barkley,2,10,True
56,0,0,0,0,0,0,0,0,0.0,0.0,0.0,0.0,6,2025-26,Enzo Barrenechea,2,10,True
57,0,0,0,0,0,0,0,0,0.0,0.0,0.0,0.0,6,2025-26,Lewis Dobbin,2,10,True
58,18,0,0,0,0,0,0,1,7.6,0.7,0.0,0.8,6,2025-26,Boubacar Kamara,2,10,True
59,0,0,0,0,0,0,0,0,0.0,0.0,0.0,0.0,6,2025-26,Amadou Onana,2,10,True
60,0,0,0,0,0,0,0,0,0.0,0.0,0.0,0.0,6,2025-26,Ben Broggio,2,10,True
61,0,0,0,0,0,0,0,0,0.0,0.0,0.0,0.0,6,2025-26,Leander Dendoncker,2,10,True
62,0,0,0,0,0,0,0,0,0.0,0.0,0.0,0.0,6,2025-26,Jamaldeen Jimoh-Aloba,2,10,True
63,0,0,0,0,0,0,0,0,0.0,0.0,0.0,0.0,6,2025-26,Kadan Young,2,10,True
64,90,1,0,0,1,0,0,8,37.4,4.3,27.0,6.9,6,2025-26,Ollie Watkins,2,10,True
65,0,0,0,0,0,0,0,0,0.0,0.0,0.0,0.0,6,2025-26,Zépiqueno Redmond,2,10,True
66,0,0,0,0,0,0,0,0,0.0,0.0,0.0,0.0,6,2025-26,Norberto Murara Neto,4,11,False
67,90,0,0,0,2,0,0,3,47.0,0.0,0.0,4.7,6,2025-26,Đorđe Petrović,4,11,False
68,0,0,0,0,0,0,0,0,0.0,0.0,0.0,0.0,6,2025-26,Will Dennis,4,11,False
69,0,0,0,0,0,0,0,0,0.0,0.0,0.0,0.0,6,2025-26,Callan McKenna,4,11,False
70,0,0,0,0,0,0,0,0,0.0,0.0,0.0,0.0,6,2025-26,Alex Paulsen,4,11,False
71,0,0,0,0,0,0,0,0,0.0,0.0,0.0,0.0,6,2025-26,Illia Zabarnyi,4,11,False
72,90,0,1,0,2,0,0,7,57.8,16.9,4.0,7.9,6,2025-26,Marcos Senesi Barón,4,11,False
73,0,0,0,0,0,0,0,0,0.0,0.0,0.0,0.0,6,2025-26,Adam Smith,4,11,False
74,90,0,0,0,2,0,0,3,29.0,5.0,2.0,3.6,6,2025-26,Adrien Truffert,4,11,False
75,0,0,0,0,0,0,0,0,0.0,0.0,0.0,0.0,6,2025-26,Matai Akinmboni,4,11,False
76,0,0,0,0,0,0,0,0,0.0,0.0,0.0,0.0,6,2025-26,Owen Bevan,4,11,False
77,0,0,0,0,0,0,0,0,0.0,0.0,0.0,0.0,6,2025-26,James Hill,4,11,False
78,0,0,0,0,0,0,0,0,0.0,0.0,0.0,0.0,6,2025-26,Julián Araujo Zúñiga,4,11,False
79,0,0,0,0,0,0,0,0,0.0,0.0,0.0,0.0,6,2025-26,Chris Mepham,4,11,False
80,0,0,0,0,0,0,0,0,0.0,0.0,0.0,0.0,6,2025-26,Julio Soler Barreto,4,11,False
81,59,0,0,0,2,0,0,1,4.6,16.5,2.0,2.3,6,2025-26,Justin Kluivert,4,11,False
82,90,1,0,0,2,0,0,7,42.4,16.6,9.0,6.8,6,2025-26,Antoine Semenyo,13,3,True
83,74,0,0,0,1,0,0,2,3.6,11.1,27.0,4.2,6,2025-26,Dango Ouattara,5,14,True
84,30,0,0,0,0,0,0,1,4.0,12.2,4.0,2.0,6,2025-26,Marcus Tavernier,4,11,False
85,80,0,0,0,2,0,0,2,13.2,3.3,2.0,1.9,6,2025-26,Tyler Adams,4,11,False
86,30,0,0,0,0,0,0,1,4.8,6.8,18.0,3.0,6,2025-26,David Brooks,4,11,False
87,59,0,1,0,2,0,0,4,0.0,4.4,5.0,0.9,6,2025-26,Ryan Christie,4,11,False
88,0,0,0,0,0,0,0,0,0.0,0.0,0.0,0.0,6,2025-26,Lewis Cook,4,11,False
89,0,0,0,0,0,0,0,0,0.0,0.0,0.0,0.0,6,2025-26,Philip Billing,4,11,False
90,30,0,0,0,0,0,0,1,3.8,6.3,0.0,1.0,6,2025-26,Alex Scott,4,11,False
91,0,0,0,0,0,0,0,0,0.0,0.0,0.0,0.0,6,2025-26,Luis Sinisterra Lucumí,4,11,False
92,0,0,0,0,0,0,0,0,0.0,0.0,0.0,0.0,6,2025-26,Romain Faivre,4,11,False
93,0,0,0,0,0,0,0,0,0.0,0.0,0.0,0.0,6,2025-26,Hamed Traorè,4,11,False
94,0,0,0,0,0,0,0,0,0.0,0.0,0.0,0.0,6,2025-26,Dominic Sadi,4,11,False
95,0,0,0,0,0,0,0,0,0.0,0.0,0.0,0.0,6,2025-26,Zain Silcott-Duberry,4,11,False
96,0,0,0,0,0,0,0,0,0.0,0.0,0.0,0.0,6,2025-26,Ben Winterburn,4,11,False
97,90,0,0,0,2,0,0,2,0.8,12.8,8.0,2.2,6,2025-26,Francisco Evanilson de Lima Barbosa,4,11,False
98,0,0,0,0,0,0,0,0,0.0,0.0,0.0,0.0,6,2025-26,Enes Ünal,4,11,False
99,0,0,0,0,0,0,0,0,0.0,0.0,0.0,0.0,6,2025-26,Daniel Adu-Adjei,4,11,False
100,9,1,0,0,0,1,0,6,35.0,0.6,38.0,7.4,6,2025-26,Junior Kroupi,4,11,False
101,90,0,0,0,1,0,0,8,56.4,10.0,0.0,6.6,6,2025-26,Caoimhín Kelleher,5,14,True
102,0,0,0,0,0,0,0,0,0.0,0.0,0.0,0.0,6,2025-26,Ellery Balcombe,5,14,True
103,0,0,0,0,0,0,0,0,0.0,0.0,0.0,0.0,6,2025-26,Matthew Cox,5,14,True
104,0,0,0,0,0,0,0,0,0.0,0.0,0.0,0.0,6,2025-26,Julian Eyestone,5,14,True
105,0,0,0,0,0,0,0,0,0.0,0.0,0.0,0.0,6,2025-26,Hákon Rafn Valdimarsson,5,14,True
106,90,0,0,0,1,1,0,1,20.6,10.9,21.0,5.3,6,2025-26,Nathan Collins,5,14,True
107,15,0,0,0,0,0,0,1,5.2,0.3,0.0,0.6,6,2025-26,Keane Lewis-Potter,5,14,True
108,0,0,0,0,0,0,0,0,0.0,0.0,0.0,0.0,6,2025-26,Kristoffer Ajer,5,14,True
109,15,0,0,0,0,0,0,1,5.4,0.3,0.0,0.6,6,2025-26,Rico Henry,5,14,True
110,90,0,0,0,1,0,0,2,16.2,1.3,0.0,1.8,6,2025-26,Michael Kayode,5,14,True
111,0,0,0,0,0,0,0,0,0.0,0.0,0.0,0.0,6,2025-26,Ethan Pinnock,5,14,True
112,0,0,0,0,0,0,0,0,0.0,0.0,0.0,0.0,6,2025-26,Mads Roerslev Rasmussen,5,14,True
113,90,0,0,0,1,0,0,2,14.6,0.4,68.0,8.3,6,2025-26,Sepp van den Berg,5,14,True
114,0,0,0,0,0,0,0,0,0.0,0.0,0.0,0.0,6,2025-26,Benjamin Arthur,5,14,True
115,0,0,0,0,0,0,0,0,0.0,0.0,0.0,0.0,6,2025-26,Benjamin Fredrick,5,14,True
116,74,0,0,0,1,0,0,2,3.0,1.8,0.0,0.5,6,2025-26,Aaron Hickey,5,14,True
117,0,0,0,0,0,0,0,0,0.0,0.0,0.0,0.0,6,2025-26,Kim Ji-soo,5,14,True
118,0,0,0,0,0,0,0,0,0.0,0.0,0.0,0.0,6,2025-26,Jayden Meghoma,5,14,True
119,90,0,0,0,3,0,0,2,10.8,40.3,10.0,6.1,6,2025-26,Bryan Mbeumo,14,5,False
120,90,0,1,0,1,1,0,4,8.6,16.2,25.0,5.0,6,2025-26,Kevin Schade,5,14,True
121,80,0,0,0,1,0,0,2,4.2,20.3,0.0,2.5,6,2025-26,Mikkel Damsgaard,5,14,True
122,0,0,0,0,0,0,0,0,0.0,0.0,0.0,0.0,6,2025-26,Antoni Milambo,5,14,True
123,0,0,0,0,0,0,0,0,0.0,0.0,0.0,0.0,6,2025-26,Fábio Freitas Gouveia Carvalho,5,14,True
124,80,0,1,0,1,0,0,6,28.2,30.8,0.0,5.9,6,2025-26,Jordan Henderson,5,14,True
125,9,0,0,0,0,0,0,1,4.8,14.8,0.0,2.0,6,2025-26,Vitaly Janelt,5,14,True
126,1,1,0,0,0,0,0,6,33.6,0.4,9.0,4.3,6,2025-26,Mathias Jensen,5,14,True
127,0,0,0,0,0,0,0,0,0.0,0.0,0.0,0.0,6,2025-26,Gustavo Nunes Fernandes Gomes,5,14,True
128,9,0,0,0,0,0,0,1,1.4,0.4,0.0,0.2,6,2025-26,Frank Onyeka,5,14,True
129,90,0,1,0,1,0,0,7,30.4,13.4,2.0,4.6,6,2025-26,Yehor Yarmoliuk,5,14,True
130,0,0,0,0,0,0,0,0,0.0,0.0,0.0,0.0,6,2025-26,Romelle Donovan,5,14,True
131,0,0,0,0,0,0,0,0,0.0,0.0,0.0,0.0,6,2025-26,Yunus Emre Konak,5,14,True
132,0,0,0,0,0,0,0,0,0.0,0.0,0.0,0.0,6,2025-26,Paris Maghoma,5,14,True
133,0,0,0,0,0,0,0,0,0.0,0.0,0.0,0.0,6,2025-26,Myles Peart-Harris,5,14,True
134,0,0,0,0,0,0,0,0,0.0,0.0,0.0,0.0,6,2025-26,Ryan Trevitt,5,14,True
135,0,0,0,0,0,0,0,0,0.0,0.0,0.0,0.0,6,2025-26,Yoane Wissa,15,1,True
136,89,2,0,0,1,0,0,13,72.6,3.9,41.0,11.8,6,2025-26,Igor Thiago Nascimento Rodrigues,5,14,True
137,0,0,0,0,0,0,0,0,0.0,0.0,0.0,0.0,6,2025-26,Iwan Morgan,5,14,True
138,0,0,0,0,0,0,0,0,0.0,0.0,0.0,0.0,6,2025-26,Jason Steele,6,7,False
139,90,0,0,0,1,0,0,2,11.8,0.0,0.0,1.2,6,2025-26,Bart Verbruggen,6,7,False
140,0,0,0,0,0,0,0,0,0.0,0.0,0.0,0.0,6,2025-26,Tom McGill,6,7,False
141,0,0,0,0,0,0,0,0,0.0,0.0,0.0,0.0,6,2025-26,Carl Rushworth,6,7,False
142,0,0,0,0,0,0,0,0,0.0,0.0,0.0,0.0,6,2025-26,Kjell Scherpen,6,7,False
143,0,0,0,0,0,0,0,0,0.0,0.0,0.0,0.0,6,2025-26,Olivier Boscagli,6,7,False
144,0,0,0,0,0,0,0,0,0.0,0.0,0.0,0.0,6,2025-26,Diego Coppola,6,7,False
145,5,1,0,0,0,0,0,8,33.2,0.5,33.0,6.7,6,2025-26,Maxim De Cuyper,6,7,False
146,90,0,0,0,1,1,0,1,10.6,1.6,4.0,1.6,6,2025-26,Lewis Dunk,6,7,False
147,0,0,0,0,0,0,0,0,0.0,0.0,0.0,0.0,6,2025-26,Pervis Estupiñán Tenorio,6,7,False
148,90,0,0,0,1,0,0,2,27.4,20.3,2.0,5.0,6,2025-26,Ferdi Kadıoğlu,6,7,False
149,1,0,0,0,0,0,0,1,0.0,0.0,0.0,0.0,6,2025-26,Igor Julio dos Santos de Paulo,6,7,False
150,0,0,0,0,0,0,0,0,0.0,0.0,0.0,0.0,6,2025-26,Tariq Lamptey,6,7,False
151,90,0,0,0,1,1,0,3,34.6,1.8,4.0,4.0,6,2025-26,Jan Paul van Hecke,6,7,False
152,54,0,0,0,1,1,0,0,10.6,0.1,0.0,1.1,6,2025-26,Joël Veltman,6,7,False
153,0,0,0,0,0,0,0,0,0.0,0.0,0.0,0.0,6,2025-26,Adam Webster,6,7,False
154,0,0,0,0,0,0,0,0,0.0,0.0,0.0,0.0,6,2025-26,Eiran Cashin,6,7,False
155,0,0,0,0,0,0,0,0,0.0,0.0,0.0,0.0,6,2025-26,Jacob Slater,6,7,False
156,0,0,0,0,0,0,0,0,0.0,0.0,0.0,0.0,6,2025-26,Charlie Tasker,6,7,False
157,66,0,0,0,1,0,0,2,2.2,1.5,4.0,0.8,6,2025-26,Mitoma Kaoru,6,7,False
158,84,0,0,0,1,0,0,2,10.4,15.3,2.0,2.8,6,2025-26,Georginio Rutter,6,7,False
159,0,0,0,0,0,0,0,0,0.0,0.0,0.0,0.0,6,2025-26,Solly March,6,7,False
160,90,0,1,0,1,0,0,5,23.4,19.3,28.0,7.1,6,2025-26,Yankuba Minteh,6,7,False
161,0,0,0,0,0,0,0,0,0.0,0.0,0.0,0.0,6,2025-26,Julio Enciso Espínola,6,7,False
162,23,0,1,0,0,0,0,4,20.0,14.8,2.0,3.7,6,2025-26,Brajan Gruda,6,7,False
163,0,0,0,0,0,0,0,0,0.0,0.0,0.0,0.0,6,2025-26,Jack Hinshelwood,6,7,False
164,0,0,0,0,0,0,0,0,0.0,0.0,0.0,0.0,6,2025-26,Matt O'Riley,6,7,False
165,0,0,0,0,0,0,0,0,0.0,0.0,0.0,0.0,6,2025-26,Abdallah Sima,6,7,False
166,90,0,0,0,1,0,0,2,13.0,21.3,3.0,3.7,6,2025-26,Yasin Ayari,6,7,False
167,66,0,0,0,1,0,0,2,2.0,2.2,2.0,0.6,6,2025-26,Carlos Baleba,6,7,False
168,0,0,0,0,0,0,0,0,0.0,0.0,0.0,0.0,6,2025-26,Facundo Buonanotte,11,4,True
169,84,0,0,0,1,0,0,2,2.8,1.8,3.0,0.8,6,2025-26,Diego Gómez Amarilla,6,7,False
170,0,0,0,0,0,0,0,0,0.0,0.0,0.0,0.0,6,2025-26,James Milner,6,7,False
171,0,0,0,0,0,0,0,0,0.0,0.0,0.0,0.0,6,2025-26,Jeremy Sarmiento Morante,6,7,False
172,0,0,0,0,0,0,0,0,0.0,0.0,0.0,0.0,6,2025-26,Tom Watson,6,7,False
173,35,0,1,0,0,1,0,3,20.2,11.6,2.0,3.4,6,2025-26,Mats Wieffer,6,7,False
174,0,0,0,0,0,0,0,0,0.0,0.0,0.0,0.0,6,2025-26,Malick Yalcouyé,6,7,False
175,0,0,0,0,0,0,0,0,0.0,0.0,0.0,0.0,6,2025-26,Joe Knight,6,7,False
176,0,0,0,0,0,0,0,0,0.0,0.0,0.0,0.0,6,2025-26,Adrian Mazilu,6,7,False
177,0,0,0,0,0,0,0,0,0.0,0.0,0.0,0.0,6,2025-26,Andrew Moran,6,7,False
178,23,2,0,0,0,1,0,11,65.2,0.1,54.0,11.9,6,2025-26,Danny Welbeck,6,7,False
179,0,0,0,0,0,0,0,0,0.0,0.0,0.0,0.0,6,2025-26,Evan Ferguson,6,7,False
180,5,0,0,0,0,0,0,1,4.0,10.0,4.0,1.8,6,2025-26,Stefanos Tzimas,6,7,False
181,0,0,0,0,0,0,0,0,0.0,0.0,0.0,0.0,6,2025-26,Charalampos Kostoulas,6,7,False
182,0,0,0,0,0,0,0,0,0.0,0.0,0.0,0.0,6,2025-26,James Trafford,13,3,True
183,0,0,0,0,0,0,0,0,0.0,0.0,0.0,0.0,6,2025-26,Max Weiß,3,13,False
184,0,0,0,0,0,0,0,0,0.0,0.0,0.0,0.0,6,2025-26,Etienne Green,3,13,False
185,0,0,0,0,0,0,0,0,0.0,0.0,0.0,0.0,6,2025-26,Václav Hladký,3,13,False
186,0,0,0,0,0,0,0,0,0.0,0.0,0.0,0.0,6,2025-26,Connor Roberts,3,13,False
187,90,0,0,0,5,1,0,-1,11.4,2.2,4.0,1.8,6,2025-26,Kyle Walker,3,13,False
188,0,0,0,0,0,0,0,0,0.0,0.0,0.0,0.0,6,2025-26,Hannes Delcroix,3,13,False
189,0,0,0,0,0,0,0,0,0.0,0.0,0.0,0.0,6,2025-26,Owen Dodgson,3,13,False
190,90,0,0,0,5,0,0,0,18.6,10.6,4.0,3.3,6,2025-26,Hjalmar Ekdal,3,13,False
191,90,0,0,0,5,0,0,-2,9.2,0.7,1.0,1.1,6,2025-26,Maxime Estève,3,13,False
192,87,0,1,0,3,1,0,3,28.6,11.4,7.0,4.7,6,2025-26,Quilindschy Hartman,3,13,False
193,2,0,0,0,2,0,0,0,0.2,0.0,0.0,0.0,6,2025-26,Bashir Humphreys,3,13,False
194,0,0,0,0,0,0,0,0,0.0,0.0,0.0,0.0,6,2025-26,Jordan Beyer,3,13,False
195,0,0,0,0,0,0,0,0,0.0,0.0,0.0,0.0,6,2025-26,Lucas Pires Silva,3,13,False
196,0,0,0,0,0,0,0,0,0.0,0.0,0.0,0.0,6,2025-26,Shurandy Sambo,3,13,False
197,0,0,0,0,0,0,0,0,0.0,0.0,0.0,0.0,6,2025-26,Oliver Sonne,3,13,False
198,0,0,0,0,0,0,0,0,0.0,0.0,0.0,0.0,6,2025-26,Axel Tuanzebe,3,13,False
199,0,0,0,0,0,0,0,0,0.0,0.0,0.0,0.0,6,2025-26,Joe Worrall,3,13,False
200,87,1,0,0,3,1,0,6,45.4,36.5,19.0,10.1,6,2025-26,Jaidon Anthony,3,13,False
201,0,0,0,0,0,0,0,0,0.0,0.0,0.0,0.0,6,2025-26,Manuel Benson Hedilazio,3,13,False
202,28,0,0,0,3,0,0,1,0.0,1.6,0.0,0.2,6,2025-26,Jacob Bruun Larsen,3,13,False
203,0,0,0,0,0,0,0,0,0.0,0.0,0.0,0.0,6,2025-26,Enock Agyei,3,13,False
204,0,0,0,0,0,0,0,0,0.0,0.0,0.0,0.0,6,2025-26,Darko Churlinov,3,13,False
205,78,0,0,0,3,0,0,4,27.0,13.5,0.0,4.1,6,2025-26,Josh Cullen,3,13,False
206,0,0,0,0,0,0,0,0,0.0,0.0,0.0,0.0,6,2025-26,Marcus Edwards,3,13,False
207,2,0,0,0,2,0,0,1,1.0,0.0,0.0,0.1,6,2025-26,Hannibal Mejbri,3,13,False
208,0,0,0,0,0,0,0,0,0.0,0.0,0.0,0.0,6,2025-26,Luca Koleosho,3,13,False
209,90,0,0,0,5,0,0,2,4.0,0.7,5.0,1.0,6,2025-26,Josh Laurent,3,13,False
210,61,0,0,0,2,0,0,2,5.4,1.2,5.0,1.2,6,2025-26,Loum Tchaouna,3,13,False
211,0,0,0,0,0,0,0,0,0.0,0.0,0.0,0.0,6,2025-26,Aaron Ramsey,3,13,False
212,0,0,0,0,0,0,0,0,0.0,0.0,0.0,0.0,6,2025-26,Oluwaseun Adewumi,3,13,False
213,0,0,0,0,0,0,0,0,0.0,0.0,0.0,0.0,6,2025-26,Jaydon Banel,3,13,False
214,0,0,0,0,0,0,0,0,0.0,0.0,0.0,0.0,6,2025-26,Mike Trésor Ndayishimiye,3,13,False
215,0,0,0,0,0,0,0,0,0.0,0.0,0.0,0.0,6,2025-26,Zian Flemming,3,13,False
216,0,0,0,0,0,0,0,0,0.0,0.0,0.0,0.0,6,2025-26,Zeki Amdouni,3,13,False
217,79,0,0,0,3,0,0,2,1.6,11.6,13.0,2.6,6,2025-26,Lyle Foster,3,13,False
218,0,0,0,0,0,0,0,0,0.0,0.0,0.0,0.0,6,2025-26,Ashley Barnes,3,13,False
219,0,0,0,0,0,0,0,0,0.0,0.0,0.0,0.0,6,2025-26,Michael Obafemi,3,13,False
220,90,0,0,0,3,0,0,1,10.0,20.0,0.0,3.0,6,2025-26,Robert Lynch Sánchez,7,6,True
221,0,0,0,0,0,0,0,0,0.0,0.0,0.0,0.0,6,2025-26,Filip Jörgensen,7,6,True
222,0,0,0,0,0,0,0,0,0.0,0.0,0.0,0.0,6,2025-26,Mike Penders,7,6,True
223,0,0,0,0,0,0,0,0,0.0,0.0,0.0,0.0,6,2025-26,Gabriel Słonina,7,6,True
224,90,0,0,0,3,1,0,0,9.0,16.9,3.0,2.9,6,2025-26,Marc Cucurella Saseta,7,6,True
225,90,0,1,0,3,1,0,3,13.8,18.0,13.0,4.5,6,2025-26,Reece James,7,6,True
226,52,0,0,0,3,0,1,-3,0.0,1.3,0.0,0.0,6,2025-26,Trevoh Chalobah,7,6,True
227,0,0,0,0,0,0,0,0,0.0,0.0,0.0,0.0,6,2025-26,Levi Samuels Colwill,7,6,True
228,27,0,0,0,3,0,0,0,4.2,1.8,2.0,0.8,6,2025-26,Malo Gusto,7,6,True
229,11,0,0,0,2,1,0,-1,1.4,0.3,0.0,0.2,6,2025-26,Benoît Badiashile Mukinayi,7,6,True
230,0,0,0,0,0,0,0,0,0.0,0.0,0.0,0.0,6,2025-26,Wesley Fofana,7,6,True
231,0,0,0,0,0,0,0,0,0.0,0.0,0.0,0.0,6,2025-26,Mamadou Sarr,7,6,True
232,0,0,0,0,0,0,0,0,0.0,0.0,0.0,0.0,6,2025-26,Tosin Adarabioyo,7,6,True
233,36,0,0,0,3,0,0,0,0.0,0.1,0.0,0.0,6,2025-26,Josh Acheampong,7,6,True
234,0,0,0,0,0,0,0,0,0.0,0.0,0.0,0.0,6,2025-26,Aarón Anselmino,7,6,True
235,0,0,0,0,0,0,0,0,0.0,0.0,0.0,0.0,6,2025-26,Cole Palmer,7,6,True
236,78,0,0,0,1,0,0,2,4.6,17.3,11.0,3.3,6,2025-26,Pedro Lomba Neto,7,6,True
237,90,1,0,0,3,0,0,9,43.4,20.2,52.0,11.6,6,2025-26,Enzo Fernández,7,6,True
238,63,0,0,1,0,0,0,3,9.2,3.3,19.0,3.2,6,2025-26,Estêvão Almeida de Oliveira Gonçalves,7,6,True
239,0,0,0,0,0,0,0,0,0.0,0.0,0.0,0.0,6,2025-26,Jamie Bynoe-Gittens,7,6,True
240,0,0,0,0,0,0,0,0,0.0,0.0,0.0,0.0,6,2025-26,Christopher Nkunku,7,6,True
241,90,0,0,0,3,0,0,2,17.4,4.4,2.0,2.4,6,2025-26,Moisés Caicedo Corozo,7,6,True
242,90,0,0,0,1,1,0,1,4.4,17.0,17.0,3.8,6,2025-26,Kiernan Dewsbury-Hall,9,19,True
243,0,0,0,0,0,0,0,0,0.0,0.0,0.0,0.0,6,2025-26,Tyrique George,9,19,True
244,11,0,0,0,2,0,0,1,2.8,0.3,0.0,0.3,6,2025-26,Roméo Lavia,7,6,True
245,0,0,0,0,0,0,0,0,0.0,0.0,0.0,0.0,6,2025-26,Mykhailo Mudryk,7,6,True
246,53,0,0,0,0,0,0,1,6.6,11.0,0.0,1.8,6,2025-26,Andrey Nascimento dos Santos,7,6,True
247,0,0,0,0,0,0,0,0,0.0,0.0,0.0,0.0,6,2025-26,Dário Luís Essugo,7,6,True
248,0,0,0,0,0,0,0,0,0.0,0.0,0.0,0.0,6,2025-26,Kendry Páez Andrade,7,6,True
249,90,0,0,0,3,0,0,2,8.6,30.5,0.0,3.9,6,2025-26,João Pedro Junqueira de Jesus,7,6,True
250,0,0,0,0,0,0,0,0,0.0,0.0,0.0,0.0,6,2025-26,Liam Delap,7,6,True
251,0,0,0,0,0,0,0,0,0.0,0.0,0.0,0.0,6,2025-26,Nicolas Jackson,7,6,True
252,0,0,0,0,0,0,0,0,0.0,0.0,0.0,0.0,6,2025-26,Marc Guiu Paz,7,6,True
253,90,0,0,0,1,0,0,3,21.4,0.0,0.0,2.1,6,2025-26,Dean Henderson,8,12,True
254,0,0,0,0,0,0,0,0,0.0,0.0,0.0,0.0,6,2025-26,Walter Benítez,8,12,True
255,0,0,0,0,0,0,0,0,0.0,0.0,0.0,0.0,6,2025-26,Remi Matthews,8,12,True
256,90,0,0,0,1,0,0,2,19.4,11.1,46.0,7.7,6,2025-26,Daniel Muñoz Mejía,8,12,True
257,90,0,0,0,1,0,0,4,27.6,0.1,0.0,2.8,6,2025-26,Maxence Lacroix,8,12,True
258,90,0,0,0,1,0,0,4,24.8,15.3,8.0,4.8,6,2025-26,Tyrick Mitchell,8,12,True
259,0,0,0,0,0,0,0,0,0.0,0.0,0.0,0.0,6,2025-26,Borna Sosa,8,12,True
260,90,0,1,0,1,0,0,7,35.4,11.1,4.0,5.1,6,2025-26,Marc Guéhi,13,3,True
261,90,0,0,0,1,0,0,4,19.8,0.2,0.0,2.0,6,2025-26,Chris Richards,8,12,True
262,0,0,0,0,0,0,0,0,0.0,0.0,0.0,0.0,6,2025-26,Chadi Riad Dnanou,8,12,True
263,0,0,0,0,0,0,0,0,0.0,0.0,0.0,0.0,6,2025-26,Nathaniel Clyne,8,12,True
264,0,0,0,0,0,0,0,0,0.0,0.0,0.0,0.0,6,2025-26,Rob Holding,8,12,True
265,0,0,0,0,0,0,0,0,0.0,0.0,0.0,0.0,6,2025-26,Caleb Kporha,8,12,True
266,90,0,0,0,1,0,0,2,10.6,17.1,47.0,7.5,6,2025-26,Eberechi Eze,1,15,False
267,74,1,0,1,0,0,0,11,33.0,12.8,53.0,9.9,6,2025-26,Ismaïla Sarr,8,12,True
268,0,0,0,0,0,0,0,0,0.0,0.0,0.0,0.0,6,2025-26,Cheick Doucouré,8,12,True
269,0,0,0,0,0,0,0,0,0.0,0.0,0.0,0.0,6,2025-26,Romain Esse,8,12,True
270,28,0,0,0,1,0,0,1,1.6,0.8,4.0,0.6,6,2025-26,Will Hughes,8,12,True
271,90,0,1,0,1,0,0,5,2.0,12.2,2.0,1.6,6,2025-26,Daichi Kamada,8,12,True
272,16,0,0,0,1,0,0,1,2.2,0.6,3.0,0.6,6,2025-26,Jefferson Lerma Solís,8,12,True
273,61,0,0,1,0,0,0,3,13.0,48.3,5.0,6.6,6,2025-26,Adam Wharton,8,12,True
274,0,0,0,0,0,0,0,0,0.0,0.0,0.0,0.0,6,2025-26,Asher Agbinone,8,12,True
275,0,0,0,0,0,0,0,0,0.0,0.0,0.0,0.0,6,2025-26,Naouirou Ahamada,8,12,True
276,1,0,0,0,0,0,0,1,1.2,0.1,0.0,0.1,6,2025-26,Justin Devenny,8,12,True
277,0,0,0,0,0,0,0,0,0.0,0.0,0.0,0.0,6,2025-26,Malcolm Ebiowei,8,12,True
278,0,0,0,0,0,0,0,0,0.0,0.0,0.0,0.0,6,2025-26,Jesurun Rak-Sakyi,8,12,True
279,0,0,0,0,0,0,0,0,0.0,0.0,0.0,0.0,6,2025-26,Matheus França de Oliveira,8,12,True
280,0,0,0,0,0,0,0,0,0.0,0.0,0.0,0.0,6,2025-26,David Ozoh,8,12,True
281,0,0,0,0,0,0,0,0,0.0,0.0,0.0,0.0,6,2025-26,Kaden Rodney,8,12,True
282,0,0,0,0,0,0,0,0,0.0,0.0,0.0,0.0,6,2025-26,Franco Umeh-Chibueze,8,12,True
283,90,0,0,0,1,0,0,2,7.6,15.8,39.0,6.2,6,2025-26,Jean-Philippe Mateta,8,12,True
284,15,1,0,0,1,1,0,4,31.0,10.1,23.0,6.4,6,2025-26,Eddie Nketiah,8,12,True
285,0,0,0,0,0,0,0,0,0.0,0.0,0.0,0.0,6,2025-26,Odsonne Édouard,8,12,True
286,0,0,0,0,0,0,0,0,0.0,0.0,0.0,0.0,6,2025-26,Zach Marsh,8,12,True
287,90,0,0,0,1,0,0,2,23.2,0.0,0.0,2.3,6,2025-26,Jordan Pickford,9,19,True
288,0,0,0,0,0,0,0,0,0.0,0.0,0.0,0.0,6,2025-26,Mark Travers,9,19,True
289,0,0,0,0,0,0,0,0,0.0,0.0,0.0,0.0,6,2025-26,Harry Tyrer,9,19,True
290,0,0,0,0,0,0,0,0,0.0,0.0,0.0,0.0,6,2025-26,Jarrad Branthwaite,9,19,True
291,90,0,0,0,1,1,0,1,21.6,15.7,0.0,3.7,6,2025-26,James Tarkowski,9,19,True
292,90,0,0,0,1,1,0,1,20.6,3.5,2.0,2.6,6,2025-26,Vitalii Mykolenko,9,19,True
293,90,0,0,0,1,0,0,2,12.6,5.3,5.0,2.3,6,2025-26,Jake O'Brien,9,19,True
294,0,0,0,0,0,0,0,0,0.0,0.0,0.0,0.0,6,2025-26,Séamus Coleman,9,19,True
295,90,1,0,0,1,0,0,11,63.4,0.9,19.0,8.3,6,2025-26,Michael Keane,9,19,True
296,0,0,0,0,0,0,0,0,0.0,0.0,0.0,0.0,6,2025-26,Nathan Patterson,9,19,True
297,0,0,0,0,0,0,0,0,0.0,0.0,0.0,0.0,6,2025-26,Roman Dixon,9,19,True
298,0,0,0,0,0,0,0,0,0.0,0.0,0.0,0.0,6,2025-26,Reece Welch,9,19,True
299,80,0,0,0,1,0,0,2,12.2,27.9,21.0,6.1,6,2025-26,Iliman Ndiaye,9,19,True
300,0,0,0,0,0,0,0,0,0.0,0.0,0.0,0.0,6,2025-26,Dwight McNeil,9,19,True
301,0,0,0,0,0,0,0,0,0.0,0.0,0.0,0.0,6,2025-26,Carlos Alcaraz Durán,9,19,True
302,90,0,0,0,1,0,0,2,12.2,9.6,1.0,2.3,6,2025-26,Idrissa Gana Gueye,9,19,True
303,90,0,1,0,1,0,0,7,34.4,22.1,49.0,10.6,6,2025-26,James Garner,9,19,True
304,0,0,0,0,0,0,0,0,0.0,0.0,0.0,0.0,6,2025-26,Tim Iroegbunam,9,19,True
305,0,0,0,0,0,0,0,0,0.0,0.0,0.0,0.0,6,2025-26,Harrison Armstrong,9,19,True
306,0,0,0,0,0,0,0,0,0.0,0.0,0.0,0.0,6,2025-26,Callum Bates,9,19,True
307,0,0,0,0,0,0,0,0,0.0,0.0,0.0,0.0,6,2025-26,Coby Ebere,9,19,True
308,0,0,0,0,0,0,0,0,0.0,0.0,0.0,0.0,6,2025-26,Isaac Heath,9,19,True
309,0,0,0,0,0,0,0,0,0.0,0.0,0.0,0.0,6,2025-26,Jenson Metcalfe,9,19,True
310,21,0,0,0,0,0,0,1,2.0,1.3,0.0,0.3,6,2025-26,Thierno Barry,9,19,True
311,68,0,0,0,1,0,0,2,5.0,1.6,21.0,2.8,6,2025-26,Norberto Bercique Gomes Betuncal,9,19,True
312,0,0,0,0,0,0,0,0,0.0,0.0,0.0,0.0,6,2025-26,Youssef Ramalho Chermiti,9,19,True
313,0,0,0,0,0,0,0,0,0.0,0.0,0.0,0.0,6,2025-26,Martin Sherif,9,19,True
314,90,0,0,0,3,0,0,1,9.2,0.0,0.0,0.9,6,2025-26,Bernd Leno,10,2,False
315,0,0,0,0,0,0,0,0,0.0,0.0,0.0,0.0,6,2025-26,Steven Benda,10,2,False
316,10,0,0,0,0,0,0,1,1.8,1.3,0.0,0.3,6,2025-26,Antonee Robinson,10,2,False
317,90,0,0,0,3,0,0,3,18.8,0.8,2.0,2.2,6,2025-26,Joachim Andersen,10,2,False
318,90,0,0,0,3,1,0,0,16.6,11.8,0.0,2.8,6,2025-26,Calvin Bassey,10,2,False
319,90,0,0,0,3,0,0,3,23.2,20.2,4.0,4.7,6,2025-26,Timothy Castagne,10,2,False
320,0,0,0,0,0,0,0,0,0.0,0.0,0.0,0.0,6,2025-26,Issa Diop,10,2,False
321,0,0,0,0,0,0,0,0,0.0,0.0,0.0,0.0,6,2025-26,Jorge Cuenca Barreno,10,2,False
322,0,0,0,0,0,0,0,0,0.0,0.0,0.0,0.0,6,2025-26,Kenny Tete,10,2,False
323,0,0,0,0,0,0,0,0,0.0,0.0,0.0,0.0,6,2025-26,Samuel Amissah,10,2,False
324,64,0,0,0,3,0,0,2,2.6,7.8,0.0,1.0,6,2025-26,Alex Iwobi,10,2,False
325,25,0,0,0,0,0,0,1,1.4,3.0,0.0,0.4,6,2025-26,Emile Smith Rowe,10,2,False
326,79,0,0,0,3,0,0,2,7.6,33.3,4.0,4.5,6,2025-26,Adama Traoré Diarra,19,9,False
327,0,0,0,0,0,0,0,0,0.0,0.0,0.0,0.0,6,2025-26,Andreas Hoelgebaum Pereira,10,2,False
328,79,0,0,0,3,0,0,2,20.4,1.0,6.0,2.7,6,2025-26,Ryan Sessegnon,10,2,False
329,79,0,0,0,3,1,0,1,1.6,3.2,8.0,1.3,6,2025-26,Harry Wilson,10,2,False
330,90,0,0,0,3,0,0,2,7.4,2.5,0.0,1.0,6,2025-26,Sander Berge,10,2,False
331,0,0,0,0,0,0,0,0,0.0,0.0,0.0,0.0,6,2025-26,Tom Cairney,10,2,False
332,90,0,1,0,3,1,0,4,22.4,31.5,14.0,6.8,6,2025-26,Saša Lukić,10,2,False
333,0,0,0,0,0,0,0,0,0.0,0.0,0.0,0.0,6,2025-26,Martial Godo,10,2,False
334,0,0,0,0,0,0,0,0,0.0,0.0,0.0,0.0,6,2025-26,Luke Harris,10,2,False
335,64,0,0,0,3,1,0,1,16.8,11.1,47.0,7.5,6,2025-26,Josh King,10,2,False
336,0,0,0,0,0,0,0,0,0.0,0.0,0.0,0.0,6,2025-26,Harrison Reed,10,2,False
337,10,1,0,0,0,0,0,6,32.0,0.0,33.0,6.5,6,2025-26,Raúl Jiménez Rodríguez,10,2,False
338,0,0,0,0,0,0,0,0,0.0,0.0,0.0,0.0,6,2025-26,Rodrigo Muniz Carvalho,10,2,False
339,0,0,0,0,0,0,0,0,0.0,0.0,0.0,0.0,6,2025-26,Illan Meslier,11,4,True
340,0,0,0,0,0,0,0,0,0.0,0.0,0.0,0.0,6,2025-26,Alex Cairns,11,4,True
341,90,0,0,0,2,0,0,2,29.4,0.0,0.0,2.9,6,2025-26,Karl Darlow,11,4,True
342,90,0,0,0,2,0,0,3,22.8,14.9,8.0,4.6,6,2025-26,Jayden Bogle,11,4,True
343,90,0,0,0,2,0,0,3,23.4,10.6,6.0,4.0,6,2025-26,Pascal Struijk,11,4,True
344,0,0,0,0,0,0,0,0,0.0,0.0,0.0,0.0,6,2025-26,Jaka Bijol,11,4,True
345,0,0,0,0,0,0,0,0,0.0,0.0,0.0,0.0,6,2025-26,Sebastiaan Bornauw,11,4,True
346,0,0,0,0,0,0,0,0,0.0,0.0,0.0,0.0,6,2025-26,Sam Byram,11,4,True
347,90,0,0,0,2,0,0,1,13.2,0.9,8.0,2.2,6,2025-26,Gabriel Gudmundsson,11,4,True
348,90,1,0,0,2,0,0,7,55.0,0.3,47.0,10.2,6,2025-26,Joe Rodon,11,4,True
349,0,0,0,0,0,0,0,0,0.0,0.0,0.0,0.0,6,2025-26,Isaac Schmidt,11,4,True
350,86,0,1,0,1,1,0,4,7.8,12.3,35.0,5.5,6,2025-26,Brenden Aaronson,11,4,True
351,0,0,0,0,0,0,0,0,0.0,0.0,0.0,0.0,6,2025-26,Wilfried Gnonto,11,4,True
352,23,0,0,0,1,0,0,1,4.0,0.4,11.0,1.5,6,2025-26,Jack Harrison,11,4,True
353,0,0,0,0,0,0,0,0,0.0,0.0,0.0,0.0,6,2025-26,Daniel James,11,4,True
354,90,0,0,0,2,1,0,1,6.8,7.7,2.0,1.7,6,2025-26,Ethan Ampadu,11,4,True
355,0,0,0,0,0,0,0,0,0.0,0.0,0.0,0.0,6,2025-26,Sam Greenwood,11,4,True
356,0,0,0,0,0,0,0,0,0.0,0.0,0.0,0.0,6,2025-26,Ilia Gruev,11,4,True
357,0,0,0,0,0,0,0,0,0.0,0.0,0.0,0.0,6,2025-26,Largie Ramazani,11,4,True
358,3,0,0,0,1,0,0,1,1.0,0.0,0.0,0.1,6,2025-26,Tanaka Ao,11,4,True
359,0,0,0,0,0,0,0,0,0.0,0.0,0.0,0.0,6,2025-26,Charlie Crew,11,4,True
360,0,0,0,0,0,0,0,0,0.0,0.0,0.0,0.0,6,2025-26,Joe Gelhardt,11,4,True
361,0,0,0,0,0,0,0,0,0.0,0.0,0.0,0.0,6,2025-26,Darko Gyabi,11,4,True
362,0,0,0,0,0,0,0,0,0.0,0.0,0.0,0.0,6,2025-26,Joël Piroe,11,4,True
363,0,0,0,0,0,0,0,0,0.0,0.0,0.0,0.0,6,2025-26,Patrick Bamford,11,4,True
364,0,0,0,0,0,0,0,0,0.0,0.0,0.0,0.0,6,2025-26,Mateo Joseph Fernández-Regatillo,11,4,True
365,1,0,0,0,1,0,0,1,0.0,1.0,0.0,0.1,6,2025-26,Lukas Nmecha,11,4,True
366,90,0,0,0,2,0,0,2,46.2,0.0,0.0,4.6,6,2025-26,Alisson Becker,12,8,False
367,0,0,0,0,0,0,0,0,0.0,0.0,0.0,0.0,6,2025-26,Giorgi Mamardashvili,12,8,False
368,0,0,0,0,0,0,0,0,0.0,0.0,0.0,0.0,6,2025-26,Ármin Pécsi,12,8,False
369,0,0,0,0,0,0,0,0,0.0,0.0,0.0,0.0,6,2025-26,Freddie Woodman,12,8,False
370,16,0,0,0,1,0,0,1,6.0,1.3,4.0,1.1,6,2025-26,Jeremie Frimpong,12,8,False
371,90,0,0,0,2,0,0,1,9.6,16.4,8.0,3.4,6,2025-26,Milos Kerkez,12,8,False
372,0,0,0,0,0,0,0,0,0.0,0.0,0.0,0.0,6,2025-26,Andrew Robertson,12,8,False
373,90,0,0,0,2,1,0,2,34.2,3.1,0.0,3.7,6,2025-26,Virgil van Dijk,12,8,False
374,73,0,0,0,1,1,0,3,27.8,13.8,4.0,4.6,6,2025-26,Ibrahima Konaté,12,8,False
375,45,0,0,0,1,0,0,1,11.0,8.2,0.0,1.9,6,2025-26,Conor Bradley,12,8,False
376,0,0,0,0,0,0,0,0,0.0,0.0,0.0,0.0,6,2025-26,Joe Gomez,12,8,False
377,0,0,0,0,0,0,0,0,0.0,0.0,0.0,0.0,6,2025-26,Konstantinos Tsimikas,12,8,False
378,0,0,0,0,0,0,0,0,0.0,0.0,0.0,0.0,6,2025-26,Amara Nallo,12,8,False
379,0,0,0,0,0,0,0,0,0.0,0.0,0.0,0.0,6,2025-26,Rhys Williams,12,8,False
380,0,0,0,0,0,0,0,0,0.0,0.0,0.0,0.0,6,2025-26,Calvin Ramsay,12,8,False
381,90,0,0,0,2,0,0,2,4.6,28.4,31.0,6.4,6,2025-26,Mohamed Salah,12,8,False
382,73,0,0,0,1,0,0,2,7.8,15.5,26.0,4.9,6,2025-26,Florian Wirtz,12,8,False
383,0,0,0,0,0,0,0,0,0.0,0.0,0.0,0.0,6,2025-26,Luis Díaz Marulanda,12,8,False
384,45,0,0,0,1,0,0,1,0.0,12.9,16.0,2.9,6,2025-26,Cody Gakpo,12,8,False
385,16,1,0,0,1,1,0,5,30.2,3.3,18.0,5.2,6,2025-26,Federico Chiesa,12,8,False
386,64,0,0,0,1,0,0,2,6.8,13.5,2.0,2.2,6,2025-26,Alexis Mac Allister,12,8,False
387,90,0,0,0,2,0,0,5,25.8,73.5,9.0,10.8,6,2025-26,Dominik Szoboszlai,12,8,False
388,25,0,0,0,1,0,0,1,4.8,17.1,1.0,2.3,6,2025-26,Curtis Jones,12,8,False
389,45,0,0,0,1,0,0,1,4.8,6.2,7.0,1.8,6,2025-26,Harvey Elliott,2,10,True
390,90,0,1,0,2,0,0,8,21.2,5.8,8.0,3.5,6,2025-26,Ryan Gravenberch,12,8,False
391,17,0,0,0,0,0,0,1,1.0,1.2,5.0,0.7,6,2025-26,Ben Gannon-Doak,4,11,False
392,0,0,0,0,0,0,0,0,0.0,0.0,0.0,0.0,6,2025-26,Endo Wataru,12,8,False
393,0,0,0,0,0,0,0,0,0.0,0.0,0.0,0.0,6,2025-26,Stefan Bajčetić Maquieira,12,8,False
394,0,0,0,0,0,0,0,0,0.0,0.0,0.0,0.0,6,2025-26,James McConnell,12,8,False
395,0,0,0,0,0,0,0,0,0.0,0.0,0.0,0.0,6,2025-26,Tyler Morton,12,8,False
396,0,0,0,0,0,0,0,0,0.0,0.0,0.0,0.0,6,2025-26,Trey Nyoni,12,8,False
397,0,0,0,0,0,0,0,0,0.0,0.0,0.0,0.0,6,2025-26,Darwin Núñez Ribeiro,12,8,False
398,0,0,0,0,0,0,0,0,0.0,0.0,0.0,0.0,6,2025-26,Jayden Danns,12,8,False
399,0,0,0,0,0,0,0,0,0.0,0.0,0.0,0.0,6,2025-26,Ederson Santana de Moraes,13,3,True
400,0,0,0,0,0,0,0,0,0.0,0.0,0.0,0.0,6,2025-26,Stefan Ortega Moreno,16,17,True
401,0,0,0,0,0,0,0,0,0.0,0.0,0.0,0.0,6,2025-26,Marcus Bettinelli,13,3,True
402,0,0,0,0,0,0,0,0,0.0,0.0,0.0,0.0,6,2025-26,Rayan Aït-Nouri,13,3,True
403,69,0,0,0,1,0,0,2,25.8,24.2,4.0,5.4,6,2025-26,Joško Gvardiol,13,3,True
404,0,0,0,0,0,0,0,0,0.0,0.0,0.0,0.0,6,2025-26,Manuel Akanji,13,3,True
405,20,0,0,0,0,0,0,1,1.4,10.8,4.0,1.6,6,2025-26,Nathan Aké,13,3,True
406,0,0,0,0,0,0,0,0,0.0,0.0,0.0,0.0,6,2025-26,Abdukodir Khusanov,13,3,True
407,90,1,1,0,1,0,0,12,50.6,12.8,22.0,8.5,6,2025-26,Matheus Nunes,13,3,True
408,90,0,0,0,1,0,0,2,16.4,4.5,0.0,2.1,6,2025-26,Rúben dos Santos Gato Alves Dias,13,3,True
409,0,0,0,0,0,0,0,0,0.0,0.0,0.0,0.0,6,2025-26,John Stones,13,3,True
410,7,0,0,0,0,0,0,1,0.4,0.3,2.0,0.3,6,2025-26,Rico Lewis,13,3,True
411,82,0,0,0,1,0,0,2,27.2,30.8,12.0,7.0,6,2025-26,Nico O'Reilly,13,3,True
412,0,0,0,0,0,0,0,0,0.0,0.0,0.0,0.0,6,2025-26,Vitor de Oliveira Nunes dos Reis,13,3,True
413,0,0,0,0,0,0,0,0,0.0,0.0,0.0,0.0,6,2025-26,Omar Marmoush,13,3,True
414,90,0,0,0,1,1,0,1,12.4,57.8,10.0,8.0,6,2025-26,Phil Foden,13,3,True
415,61,0,0,0,1,0,0,2,0.0,5.3,18.0,2.2,6,2025-26,Sávio Moreira de Oliveira,13,3,True
416,7,0,0,0,0,0,0,1,0.2,1.0,0.0,0.1,6,2025-26,Bernardo Mota Veiga de Carvalho e Silva,13,3,True
417,0,0,0,0,0,0,0,0,0.0,0.0,0.0,0.0,6,2025-26,Rayan Cherki,13,3,True
418,90,0,2,0,1,0,0,10,45.2,50.1,89.0,18.4,6,2025-26,Jérémy Doku,13,3,True
419,90,0,0,0,1,0,0,2,13.8,46.3,20.0,8.0,6,2025-26,Jack Grealish,9,19,True
420,0,0,0,0,0,0,0,0,0.0,0.0,0.0,0.0,6,2025-26,İlkay Gündoğan,13,3,True
421,0,0,0,0,0,0,0,0,0.0,0.0,0.0,0.0,6,2025-26,Rodrigo 'Rodri' Hernandez Cascante,13,3,True
422,0,0,0,0,0,0,0,0,0.0,0.0,0.0,0.0,6,2025-26,Mateo Kovačić,13,3,True
423,90,0,0,0,1,0,0,2,17.8,30.2,6.0,5.4,6,2025-26,Nico González Iglesias,13,3,True
424,28,0,0,0,0,0,0,1,2.2,9.3,2.0,1.4,6,2025-26,Oscar Bobb,10,2,False
425,0,0,0,0,0,0,0,0,0.0,0.0,0.0,0.0,6,2025-26,Claudio Echeverri,13,3,True
426,59,0,0,0,1,0,0,1,4.4,4.1,2.0,1.1,6,2025-26,James McAtee,16,17,True
427,82,0,0,0,1,0,0,2,10.6,11.0,18.0,4.0,6,2025-26,Tijjani Reijnders,13,3,True
428,0,0,0,0,0,0,0,0,0.0,0.0,0.0,0.0,6,2025-26,Sverre Nypan,13,3,True
429,0,0,0,0,0,0,0,0,0.0,0.0,0.0,0.0,6,2025-26,Kalvin Phillips,13,3,True
430,90,2,1,0,1,0,0,16,85.4,20.8,78.0,18.4,6,2025-26,Erling Haaland,13,3,True
431,90,0,0,0,3,0,0,2,44.4,0.0,0.0,4.4,6,2025-26,Altay Bayındır,14,5,False
432,0,0,0,0,0,0,0,0,0.0,0.0,0.0,0.0,6,2025-26,André Onana,14,5,False
433,0,0,0,0,0,0,0,0,0.0,0.0,0.0,0.0,6,2025-26,Elyh Harrison,14,5,False
434,0,0,0,0,0,0,0,0,0.0,0.0,0.0,0.0,6,2025-26,Tom Heaton,14,5,False
435,0,0,0,0,0,0,0,0,0.0,0.0,0.0,0.0,6,2025-26,Dermot Mee,14,5,False
436,90,0,0,0,3,0,0,3,20.0,0.9,4.0,2.5,6,2025-26,Matthijs de Ligt,14,5,False
437,0,0,0,0,0,0,0,0,0.0,0.0,0.0,0.0,6,2025-26,Lisandro Martínez,14,5,False
438,0,0,0,0,0,0,0,0,0.0,0.0,0.0,0.0,6,2025-26,Noussair Mazraoui,14,5,False
439,0,0,0,0,0,0,0,0,0.0,0.0,0.0,0.0,6,2025-26,Diego León Blanco,14,5,False
440,90,0,0,0,3,0,0,1,11.6,36.8,0.0,4.8,6,2025-26,Diogo Dalot Teixeira,14,5,False
441,84,0,0,0,2,1,0,0,8.6,1.1,2.0,1.2,6,2025-26,Patrick Dorgu,14,5,False
442,65,0,0,0,2,0,0,1,8.4,0.2,7.0,1.6,6,2025-26,Harry Maguire,14,5,False
443,80,0,0,0,2,0,0,1,10.4,0.8,0.0,1.1,6,2025-26,Luke Shaw,14,5,False
444,24,0,0,0,1,0,0,1,9.4,1.0,0.0,1.0,6,2025-26,Leny Yoro,14,5,False
445,0,0,0,0,0,0,0,0,0.0,0.0,0.0,0.0,6,2025-26,Harry Amass,14,5,False
446,0,0,0,0,0,0,0,0,0.0,0.0,0.0,0.0,6,2025-26,Tyler Fredricson,14,5,False
447,0,0,0,0,0,0,0,0,0.0,0.0,0.0,0.0,6,2025-26,Ayden Heaven,14,5,False
448,0,0,0,0,0,0,0,0,0.0,0.0,0.0,0.0,6,2025-26,Tyrell Malacia,14,5,False
449,90,0,0,0,3,1,0,-1,17.6,12.7,17.0,4.7,6,2025-26,Bruno Borges Fernandes,14,5,False
450,90,0,0,0,3,0,0,2,11.8,18.8,12.0,4.3,6,2025-26,Matheus Santos Carneiro da Cunha,14,5,False
451,0,0,0,0,0,0,0,0,0.0,0.0,0.0,0.0,6,2025-26,Marcus Rashford,14,5,False
452,0,0,0,0,0,0,0,0,0.0,0.0,0.0,0.0,6,2025-26,Amad Diallo,14,5,False
453,0,0,0,0,0,0,0,0,0.0,0.0,0.0,0.0,6,2025-26,Alejandro Garnacho Ferreyra,7,6,True
454,0,0,0,0,0,0,0,0,0.0,0.0,0.0,0.0,6,2025-26,Antony dos Santos,14,5,False
455,9,0,0,0,1,0,0,1,2.4,1.7,2.0,0.6,6,2025-26,Mason Mount,14,5,False
456,0,0,0,0,0,0,0,0,0.0,0.0,0.0,0.0,6,2025-26,Jadon Sancho,2,10,True
457,0,0,0,0,0,0,0,0,0.0,0.0,0.0,0.0,6,2025-26,Carlos Henrique Casimiro,14,5,False
458,24,0,0,0,1,0,0,1,2.4,4.8,0.0,0.7,6,2025-26,Kobbie Mainoo,14,5,False
459,65,0,0,0,2,0,0,2,6.8,2.6,0.0,0.9,6,2025-26,Manuel Ugarte Ribeiro,14,5,False
460,0,0,0,0,0,0,0,0,0.0,0.0,0.0,0.0,6,2025-26,Toby Collyer,14,5,False
461,0,0,0,0,0,0,0,0,0.0,0.0,0.0,0.0,6,2025-26,Jayce Fitzgerald,14,5,False
462,0,0,0,0,0,0,0,0,0.0,0.0,0.0,0.0,6,2025-26,Jack Fletcher,14,5,False
463,0,0,0,0,0,0,0,0,0.0,0.0,0.0,0.0,6,2025-26,Sékou Koné,14,5,False
464,0,0,0,0,0,0,0,0,0.0,0.0,0.0,0.0,6,2025-26,Jack Moorhouse,14,5,False
465,0,0,0,0,0,0,0,0,0.0,0.0,0.0,0.0,6,2025-26,Rasmus Højlund,14,5,False
466,5,0,0,0,1,0,0,1,0.0,0.3,4.0,0.2,6,2025-26,Joshua Zirkzee,14,5,False
467,0,0,0,0,0,0,0,0,0.0,0.0,0.0,0.0,6,2025-26,Chido Obi,14,5,False
468,0,0,0,0,0,0,0,0,0.0,0.0,0.0,0.0,6,2025-26,Ethan Wheatley,14,5,False
469,90,0,0,0,2,0,0,2,46.8,0.0,0.0,4.7,6,2025-26,Nick Pope,15,1,True
470,90,0,0,0,5,0,0,1,40.8,0.0,0.0,4.1,6,2025-26,Martin Dúbravka,3,13,False
471,0,0,0,0,0,0,0,0,0.0,0.0,0.0,0.0,6,2025-26,Mark Gillespie,15,1,True
472,0,0,0,0,0,0,0,0,0.0,0.0,0.0,0.0,6,2025-26,Odysseas Vlachodimos,15,1,True
473,0,0,0,0,0,0,0,0,0.0,0.0,0.0,0.0,6,2025-26,Lewis Hall,15,1,True
474,0,0,0,0,0,0,0,0,0.0,0.0,0.0,0.0,6,2025-26,Fabian Schär,15,1,True
475,90,0,0,0,2,0,0,3,40.6,10.3,4.0,5.5,6,2025-26,Sven Botman,15,1,True
476,90,0,0,0,2,1,0,0,12.4,0.1,6.0,1.9,6,2025-26,Dan Burn,15,1,True
477,76,0,0,1,0,0,0,6,3.2,1.1,0.0,0.4,6,2025-26,Tino Livramento,15,1,True
478,23,0,0,0,2,0,0,0,6.4,0.8,0.0,0.7,6,2025-26,Kieran Trippier,15,1,True
479,0,0,0,0,0,0,0,0,0.0,0.0,0.0,0.0,6,2025-26,Emil Krafth,15,1,True
480,13,0,0,0,2,0,0,0,7.2,0.0,7.0,1.4,6,2025-26,Jamaal Lascelles,15,1,True
481,0,0,0,0,0,0,0,0,0.0,0.0,0.0,0.0,6,2025-26,Alex Murphy,15,1,True
482,0,0,0,0,0,0,0,0,0.0,0.0,0.0,0.0,6,2025-26,Harrison Ashby,15,1,True
483,0,0,0,0,0,0,0,0,0.0,0.0,0.0,0.0,6,2025-26,Miodrag Pivaš,15,1,True
484,0,0,0,0,0,0,0,0,0.0,0.0,0.0,0.0,6,2025-26,Matt Targett,15,1,True
485,66,0,0,1,0,0,0,3,13.0,11.4,9.0,3.3,6,2025-26,Anthony Gordon,15,1,True
486,24,0,0,0,2,0,0,1,0.6,1.0,5.0,0.7,6,2025-26,Anthony Elanga,15,1,True
487,1,0,0,0,1,0,0,1,0.0,0.0,0.0,0.0,6,2025-26,Harvey Barnes,15,1,True
488,90,0,0,0,2,0,0,2,9.4,26.3,2.0,3.8,6,2025-26,Bruno Guimarães Rodriguez Moura,15,1,True
489,65,0,0,1,0,0,0,3,1.6,0.3,7.0,0.9,6,2025-26,Jacob Murphy,15,1,True
490,90,0,0,0,1,1,0,3,6.6,11.2,4.0,2.2,6,2025-26,Joelinton Cássio Apolinário de Lira,15,1,True
491,90,0,1,0,2,0,0,6,40.2,43.3,0.0,8.4,6,2025-26,Sandro Tonali,15,1,True
492,0,0,0,0,0,0,0,0,0.0,0.0,0.0,0.0,6,2025-26,Antoñito Cordero Campillo,15,1,True
493,90,1,1,0,2,0,0,15,86.2,99.3,21.0,20.7,6,2025-26,Sean Longstaff,11,4,True
494,0,0,0,0,0,0,0,0,0.0,0.0,0.0,0.0,6,2025-26,Joe Willock,15,1,True
495,0,0,0,0,0,0,0,0,0.0,0.0,0.0,0.0,6,2025-26,Isaac Hayden,15,1,True
496,0,0,0,0,0,0,0,0,0.0,0.0,0.0,0.0,6,2025-26,Garang Kuol,15,1,True
497,0,0,0,0,0,0,0,0,0.0,0.0,0.0,0.0,6,2025-26,Lewis Miley,15,1,True
498,0,0,0,0,0,0,0,0,0.0,0.0,0.0,0.0,6,2025-26,Joe White,15,1,True
499,83,0,0,0,1,0,0,2,0.0,1.2,15.0,0.9,6,2025-26,Alexander Isak,12,8,False
500,23,0,0,0,2,0,0,1,0.0,0.1,0.0,0.0,6,2025-26,William Osula,15,1,True
501,0,0,0,0,0,0,0,0,0.0,0.0,0.0,0.0,6,2025-26,Sean Neave,15,1,True
502,90,0,0,0,1,0,0,2,19.4,0.0,0.0,1.9,6,2025-26,Matz Sels,16,17,True
503,0,0,0,0,0,0,0,0,0.0,0.0,0.0,0.0,6,2025-26,Carlos Miguel dos Santos Pereira,16,17,True
504,0,0,0,0,0,0,0,0,0.0,0.0,0.0,0.0,6,2025-26,Matt Turner,16,17,True
505,90,0,0,0,1,1,0,1,22.2,3.3,4.0,3.0,6,2025-26,Nikola Milenković,16,17,True
506,0,0,0,0,0,0,0,0,0.0,0.0,0.0,0.0,6,2025-26,Murillo Costa dos Santos,16,17,True
507,0,0,0,0,0,0,0,0,0.0,0.0,0.0,0.0,6,2025-26,Ola Aina,16,17,True
508,90,0,0,0,1,1,0,1,26.0,56.8,6.0,8.9,6,2025-26,Neco Williams,16,17,True
509,0,0,0,0,0,0,0,0,0.0,0.0,0.0,0.0,6,2025-26,David Mota Veiga Teixeira do Carmo,16,17,True
510,0,0,0,0,0,0,0,0,0.0,0.0,0.0,0.0,6,2025-26,Jair Paula da Cunha Filho,16,17,True
511,90,0,0,0,1,0,0,2,19.8,1.9,3.0,2.5,6,2025-26,Felipe Rodrigues da Silva,16,17,True
512,0,0,0,0,0,0,0,0,0.0,0.0,0.0,0.0,6,2025-26,Omar Richards,16,17,True
513,0,0,0,0,0,0,0,0,0.0,0.0,0.0,0.0,6,2025-26,Zach Abbott,16,17,True
514,0,0,0,0,0,0,0,0,0.0,0.0,0.0,0.0,6,2025-26,Willy Boly,16,17,True
515,45,0,0,0,0,0,0,1,5.0,17.1,15.0,3.7,6,2025-26,Morgan Gibbs-White,16,17,True
516,30,0,0,0,0,0,0,1,5.8,23.3,8.0,3.7,6,2025-26,Callum Hudson-Odoi,16,17,True
517,90,0,0,0,1,1,0,3,15.8,22.8,22.0,6.1,6,2025-26,Elliot Anderson,16,17,True
518,0,0,0,0,0,0,0,0,0.0,0.0,0.0,0.0,6,2025-26,João Pedro Ferreira da Silva,16,17,True
519,45,0,0,0,1,1,0,0,2.4,3.3,0.0,0.6,6,2025-26,Nicolás Domínguez,16,17,True
520,0,0,0,0,0,0,0,0,0.0,0.0,0.0,0.0,6,2025-26,Lewis O'Brien,16,17,True
521,0,0,0,0,0,0,0,0,0.0,0.0,0.0,0.0,6,2025-26,Ibrahim Sangaré,16,17,True
522,0,0,0,0,0,0,0,0,0.0,0.0,0.0,0.0,6,2025-26,Ryan Yates,16,17,True
523,0,0,0,0,0,0,0,0,0.0,0.0,0.0,0.0,6,2025-26,Eric da Silva Moreira,16,17,True
524,0,0,0,0,0,0,0,0,0.0,0.0,0.0,0.0,6,2025-26,Marko Stamenić,16,17,True
525,89,0,0,0,1,0,0,2,0.0,2.0,44.0,4.2,6,2025-26,Chris Wood,16,17,True
526,30,0,0,0,0,0,0,1,5.0,2.8,22.0,3.0,6,2025-26,Igor Jesus Maciel da Cruz,16,17,True
527,0,0,0,0,0,0,0,0,0.0,0.0,0.0,0.0,6,2025-26,Taiwo Awoniyi,16,17,True
528,0,0,0,0,0,0,0,0,0.0,0.0,0.0,0.0,6,2025-26,Anthony Patterson,17,16,False
529,0,0,0,0,0,0,0,0,0.0,0.0,0.0,0.0,6,2025-26,Simon Moore,17,16,False
530,0,0,0,0,0,0,0,0,0.0,0.0,0.0,0.0,6,2025-26,Blondy Nna Noukeu,17,16,False
531,15,0,0,0,0,0,0,1,4.2,0.0,7.0,1.1,6,2025-26,Daniel Ballard,17,16,False
532,90,0,0,1,0,0,0,6,10.6,0.9,3.0,1.5,6,2025-26,Trai Hume,17,16,False
533,0,0,0,0,0,0,0,0,0.0,0.0,0.0,0.0,6,2025-26,Aji Alese,17,16,False
534,0,0,0,0,0,0,0,0,0.0,0.0,0.0,0.0,6,2025-26,Joe Anderson,17,16,False
535,0,0,0,0,0,0,0,0,0.0,0.0,0.0,0.0,6,2025-26,Dennis Cirkin,17,16,False
536,0,0,0,0,0,0,0,0,0.0,0.0,0.0,0.0,6,2025-26,Leo Fuhr Hjelde,17,16,False
537,0,0,0,0,0,0,0,0,0.0,0.0,0.0,0.0,6,2025-26,Niall Huggins,17,16,False
538,0,0,0,0,0,0,0,0,0.0,0.0,0.0,0.0,6,2025-26,Zak Johnson,17,16,False
539,0,0,0,0,0,0,0,0,0.0,0.0,0.0,0.0,6,2025-26,Luke O'Nien,17,16,False
540,0,0,0,0,0,0,0,0,0.0,0.0,0.0,0.0,6,2025-26,Timothée Pembélé,17,16,False
541,0,0,0,0,0,0,0,0,0.0,0.0,0.0,0.0,6,2025-26,Reinildo Mandava,17,16,False
542,0,0,0,0,0,0,0,0,0.0,0.0,0.0,0.0,6,2025-26,Jenson Seelt,17,16,False
543,5,0,0,0,0,0,0,1,0.0,0.0,2.0,0.2,6,2025-26,Simon Adingra,17,16,False
544,0,0,0,0,0,0,0,0,0.0,0.0,0.0,0.0,6,2025-26,Habib Diarra,17,16,False
545,0,0,0,0,0,0,0,0,0.0,0.0,0.0,0.0,6,2025-26,Patrick Roberts,17,16,False
546,0,0,0,0,0,0,0,0,0.0,0.0,0.0,0.0,6,2025-26,Milan Aleksić,17,16,False
547,74,0,0,1,0,0,0,3,7.4,11.8,4.0,2.3,6,2025-26,Enzo Le Fée,17,16,False
548,0,0,0,0,0,0,0,0,0.0,0.0,0.0,0.0,6,2025-26,Romaine Mundle,17,16,False
549,0,0,0,0,0,0,0,0,0.0,0.0,0.0,0.0,6,2025-26,Dan Neil,17,16,False
550,0,0,0,0,0,0,0,0,0.0,0.0,0.0,0.0,6,2025-26,Ian Poveda-Ocampo,17,16,False
551,58,0,0,0,0,0,0,1,3.6,2.1,1.0,0.7,6,2025-26,Chris Rigg,17,16,False
552,90,0,0,1,0,1,0,2,5.0,6.1,2.0,1.3,6,2025-26,Noah Sadiki,17,16,False
553,84,0,0,1,0,0,0,3,3.4,1.9,6.0,1.1,6,2025-26,Chemsdine Talbi,17,16,False
554,0,0,0,0,0,0,0,0,0.0,0.0,0.0,0.0,6,2025-26,Abdoullah Ba,17,16,False
555,0,0,0,0,0,0,0,0,0.0,0.0,0.0,0.0,6,2025-26,Alan Browne,17,16,False
556,0,0,0,0,0,0,0,0,0.0,0.0,0.0,0.0,6,2025-26,Pierre Ekwah Elimby,17,16,False
557,0,0,0,0,0,0,0,0,0.0,0.0,0.0,0.0,6,2025-26,Harrison Jones,17,16,False
558,0,0,0,0,0,0,0,0,0.0,0.0,0.0,0.0,6,2025-26,Jay Matete,17,16,False
559,0,0,0,0,0,0,0,0,0.0,0.0,0.0,0.0,6,2025-26,Nectarios Triantis,17,16,False
560,84,0,0,1,0,0,0,2,1.0,2.8,19.0,2.3,6,2025-26,Wilson Isidor,17,16,False
561,0,0,0,0,0,0,0,0,0.0,0.0,0.0,0.0,6,2025-26,Eliezer Mayenda Dossou,17,16,False
562,0,0,0,0,0,0,0,0,0.0,0.0,0.0,0.0,6,2025-26,Ahmed Abdullahi,17,16,False
563,0,0,0,0,0,0,0,0,0.0,0.0,0.0,0.0,6,2025-26,Luís Hemir Silva Semedo,17,16,False
564,0,0,0,0,0,0,0,0,0.0,0.0,0.0,0.0,6,2025-26,Nazarii Rusyn,17,16,False
565,90,0,0,0,1,0,0,2,19.0,0.0,0.0,1.9,6,2025-26,Guglielmo Vicario,18,20,True
566,0,0,0,0,0,0,0,0,0.0,0.0,0.0,0.0,6,2025-26,Brandon Austin,18,20,True
567,0,0,0,0,0,0,0,0,0.0,0.0,0.0,0.0,6,2025-26,Antonín Kinský,18,20,True
568,27,0,0,0,0,0,0,1,8.8,15.7,0.0,2.5,6,2025-26,Pedro Porro Sauceda,18,20,True
569,90,0,0,0,1,0,0,2,9.2,1.9,5.0,1.6,6,2025-26,Cristian Romero,18,20,True
570,0,0,0,0,0,0,0,0,0.0,0.0,0.0,0.0,6,2025-26,Kevin Danso,18,20,True
571,0,0,0,0,0,0,0,0,0.0,0.0,0.0,0.0,6,2025-26,Ben Davies,18,20,True
572,0,0,0,0,0,0,0,0,0.0,0.0,0.0,0.0,6,2025-26,Radu Drăgușin,18,20,True
573,62,0,0,0,1,0,0,2,8.4,16.7,0.0,2.5,6,2025-26,Djed Spence,18,20,True
574,83,0,0,0,1,0,0,2,12.6,4.3,4.0,2.1,6,2025-26,Destiny Udogie,18,20,True
575,90,0,0,0,1,0,0,2,16.6,12.2,11.0,4.0,6,2025-26,Micky van de Ven,18,20,True
576,0,0,0,0,0,0,0,0,0.0,0.0,0.0,0.0,6,2025-26,Ashley Phillips,18,20,True
577,0,0,0,0,0,0,0,0,0.0,0.0,0.0,0.0,6,2025-26,Takai Kōta,18,20,True
578,0,0,0,0,0,0,0,0,0.0,0.0,0.0,0.0,6,2025-26,Luka Vušković,18,20,True
579,0,0,0,0,0,0,0,0,0.0,0.0,0.0,0.0,6,2025-26,Son Heung-min,18,20,True
580,28,0,0,0,0,0,0,1,2.0,0.1,0.0,0.2,6,2025-26,Brennan Johnson,8,12,True
581,0,0,0,0,0,0,0,0,0.0,0.0,0.0,0.0,6,2025-26,James Maddison,18,20,True
582,90,0,0,0,1,0,0,2,22.2,23.4,52.0,9.8,6,2025-26,Mohammed Kudus,18,20,True
583,0,0,0,0,0,0,0,0,0.0,0.0,0.0,0.0,6,2025-26,Dejan Kulusevski,18,20,True
584,6,0,0,0,0,0,0,1,5.2,4.3,0.0,1.0,6,2025-26,Mathys Tel,18,20,True
585,61,0,0,0,1,0,0,2,12.8,3.5,9.0,2.5,6,2025-26,Rodrigo Bentancur,18,20,True
586,77,0,0,0,1,1,0,1,0.2,5.8,12.0,1.8,6,2025-26,Lucas Bergvall,18,20,True
587,0,0,0,0,0,0,0,0,0.0,0.0,0.0,0.0,6,2025-26,Yves Bissouma,18,20,True
588,12,0,0,0,0,0,0,1,4.6,1.1,0.0,0.6,6,2025-26,Wilson Odobert,18,20,True
589,0,0,0,0,0,0,0,0,0.0,0.0,0.0,0.0,6,2025-26,Manor Solomon,18,20,True
590,0,0,0,0,0,0,0,0,0.0,0.0,0.0,0.0,6,2025-26,Bryan Gil Salvatierra,18,20,True
591,0,0,0,0,0,0,0,0,0.0,0.0,0.0,0.0,6,2025-26,Archie Gray,18,20,True
592,0,0,0,0,0,0,0,0,0.0,0.0,0.0,0.0,6,2025-26,Mikey Moore,18,20,True
593,12,0,1,0,0,0,0,4,17.6,12.2,2.0,3.2,6,2025-26,Pape Matar Sarr,18,20,True
594,0,0,0,0,0,0,0,0,0.0,0.0,0.0,0.0,6,2025-26,Yang Min-hyeok,18,20,True
595,0,0,0,0,0,0,0,0,0.0,0.0,0.0,0.0,6,2025-26,Callum Olusesi,18,20,True
596,0,0,0,0,0,0,0,0,0.0,0.0,0.0,0.0,6,2025-26,Dominic Solanke-Mitchell,18,20,True
597,90,0,0,0,1,0,0,2,2.4,0.8,6.0,0.9,6,2025-26,Richarlison de Andrade,18,20,True
598,0,0,0,0,0,0,0,0,0.0,0.0,0.0,0.0,6,2025-26,Will Lankshear,18,20,True
599,0,0,0,0,0,0,0,0,0.0,0.0,0.0,0.0,6,2025-26,Dane Scarlett,18,20,True
600,90,0,0,0,1,0,0,3,40.0,0.0,0.0,4.0,6,2025-26,Alphonse Areola,19,9,False
601,0,0,0,0,0,0,0,0,0.0,0.0,0.0,0.0,6,2025-26,Wes Foderingham,19,9,False
602,0,0,0,0,0,0,0,0,0.0,0.0,0.0,0.0,6,2025-26,Krisztián Hegyi,19,9,False
603,90,0,1,0,1,0,0,5,5.6,5.9,3.0,1.5,6,2025-26,El Hadji Malick Diouf,19,9,False
604,0,0,0,0,0,0,0,0,0.0,0.0,0.0,0.0,6,2025-26,Emerson Palmieri dos Santos,19,9,False
605,90,0,0,0,1,1,0,3,29.2,10.8,2.0,4.2,6,2025-26,Maximilian Kilman,19,9,False
606,90,0,0,0,1,1,0,1,11.4,0.8,16.0,2.8,6,2025-26,Konstantinos Mavropanos,19,9,False
607,0,0,0,0,0,0,0,0,0.0,0.0,0.0,0.0,6,2025-26,Nayef Aguerd,19,9,False
608,0,0,0,0,0,0,0,0,0.0,0.0,0.0,0.0,6,2025-26,Ollie Scarles,19,9,False
609,0,0,0,0,0,0,0,0,0.0,0.0,0.0,0.0,6,2025-26,Jean-Clair Todibo,19,9,False
610,0,0,0,0,0,0,0,0,0.0,0.0,0.0,0.0,6,2025-26,Aaron Wan-Bissaka,19,9,False
611,0,0,0,0,0,0,0,0,0.0,0.0,0.0,0.0,6,2025-26,Kaelan Casey,19,9,False
612,90,0,0,0,1,0,0,4,19.6,48.4,6.0,7.4,6,2025-26,Lucas Tolentino Coelho de Lima,19,9,False
613,0,0,0,0,0,0,0,0,0.0,0.0,0.0,0.0,6,2025-26,Tomáš Souček,19,9,False
614,0,0,0,0,0,0,0,0,0.0,0.0,0.0,0.0,6,2025-26,James Ward-Prowse,3,13,False
615,76,0,0,0,1,0,0,2,17.4,21.6,34.0,7.3,6,2025-26,Crysencio Summerville,19,9,False
616,0,0,0,0,0,0,0,0,0.0,0.0,0.0,0.0,6,2025-26,Edson Álvarez Velázquez,19,9,False
617,0,0,0,0,0,0,0,0,0.0,0.0,0.0,0.0,6,2025-26,Maxwel Cornet,19,9,False
618,0,0,0,0,0,0,0,0,0.0,0.0,0.0,0.0,6,2025-26,Guido Rodríguez,19,9,False
619,13,0,0,0,0,0,0,1,0.2,0.6,0.0,0.1,6,2025-26,Luis Guilherme Lira dos Santos,19,9,False
620,0,0,0,0,0,0,0,0,0.0,0.0,0.0,0.0,6,2025-26,George Earthy,19,9,False
621,1,0,0,0,0,0,0,1,0.0,0.0,0.0,0.0,6,2025-26,Andy Irving,19,9,False
622,0,0,0,0,0,0,0,0,0.0,0.0,0.0,0.0,6,2025-26,Lewis Orford,19,9,False
623,31,0,0,0,0,0,0,1,7.6,1.3,0.0,0.9,6,2025-26,Freddie Potts,19,9,False
624,90,1,0,0,1,0,0,9,35.2,3.3,35.0,7.4,6,2025-26,Jarrod Bowen,19,9,False
625,90,0,0,0,1,0,0,2,16.8,35.0,47.0,9.9,6,2025-26,Niclas Füllkrug,19,9,False
626,0,0,0,0,0,0,0,0,0.0,0.0,0.0,0.0,6,2025-26,Callum Marshall,19,9,False
627,90,0,0,0,1,0,0,2,19.6,0.0,0.0,2.0,6,2025-26,Sam Johnstone,20,18,False
628,0,0,0,0,0,0,0,0,0.0,0.0,0.0,0.0,6,2025-26,José Malheiro de Sá,20,18,False
629,0,0,0,0,0,0,0,0,0.0,0.0,0.0,0.0,6,2025-26,Daniel Bentley,20,18,False
630,0,0,0,0,0,0,0,0,0.0,0.0,0.0,0.0,6,2025-26,Tom King,9,19,True
631,45,0,0,0,1,0,0,1,5.2,0.0,0.0,0.5,6,2025-26,Emmanuel Agbadou,20,18,False
632,45,0,0,0,0,1,0,0,1.2,1.4,4.0,0.7,6,2025-26,Matt Doherty,20,18,False
633,90,0,0,0,1,0,0,2,25.8,6.1,17.0,4.9,6,2025-26,Hugo Bueno López,20,18,False
634,0,0,0,0,0,0,0,0,0.0,0.0,0.0,0.0,6,2025-26,Yerson Mosquera Valdelamar,20,18,False
635,0,0,0,0,0,0,0,0,0.0,0.0,0.0,0.0,6,2025-26,Rodrigo Martins Gomes,20,18,False
636,90,1,0,0,1,0,0,12,61.8,11.2,37.0,11.0,6,2025-26,Santiago Ignacio Bueno,20,18,False
637,1,0,0,0,1,0,0,1,0.0,0.0,0.0,0.0,6,2025-26,Toti Gomes,20,18,False
638,0,0,0,0,0,0,0,0,0.0,0.0,0.0,0.0,6,2025-26,Ki-Jana Hoever,20,18,False
639,0,0,0,0,0,0,0,0,0.0,0.0,0.0,0.0,6,2025-26,Bastien Meupiyou Menadjou,20,18,False
640,0,0,0,0,0,0,0,0,0.0,0.0,0.0,0.0,6,2025-26,Pedro Cardoso de Lima,20,18,False
641,0,0,0,0,0,0,0,0,0.0,0.0,0.0,0.0,6,2025-26,Alfie Pond,20,18,False
642,45,0,0,0,0,0,0,1,4.2,1.4,1.0,0.7,6,2025-26,Hwang Hee-chan,20,18,False
643,90,0,0,0,1,0,0,5,15.8,1.3,2.0,1.9,6,2025-26,André Trindade da Costa Neto,20,18,False
644,26,0,0,0,1,0,0,1,4.6,2.3,6.0,1.3,6,2025-26,Jean-Ricner Bellegarde,20,18,False
645,0,0,0,0,0,0,0,0,0.0,0.0,0.0,0.0,6,2025-26,Fer López González,20,18,False
646,63,0,0,1,0,1,0,2,1.4,2.6,0.0,0.4,6,2025-26,João Victor Gomes da Silva,20,18,False
647,0,0,0,0,0,0,0,0,0.0,0.0,0.0,0.0,6,2025-26,Gonçalo Manuel Ganchinho Guedes,20,18,False
648,90,0,0,0,1,0,0,4,27.6,3.3,4.0,3.5,6,2025-26,Marshall Munetsi,20,18,False
649,0,0,0,0,0,0,0,0,0.0,0.0,0.0,0.0,6,2025-26,Boubacar Traoré,20,18,False
650,0,0,0,0,0,0,0,0,0.0,0.0,0.0,0.0,6,2025-26,Tawanda Chirewa,20,18,False
651,0,0,0,0,0,0,0,0,0.0,0.0,0.0,0.0,6,2025-26,Tom Edozie,20,18,False
652,0,0,0,0,0,0,0,0,0.0,0.0,0.0,0.0,6,2025-26,Enso González Medina,20,18,False
653,0,0,0,0,0,0,0,0,0.0,0.0,0.0,0.0,6,2025-26,Joe Hodge,20,18,False
654,83,0,0,1,0,0,0,2,1.6,1.6,11.0,1.4,6,2025-26,Jørgen Strand Larsen,8,12,True
655,0,0,0,0,0,0,0,0,0.0,0.0,0.0,0.0,6,2025-26,Fábio Soares Silva,20,18,False
656,0,0,0,0,0,0,0,0,0.0,0.0,0.0,0.0,6,2025-26,Saša Kalajdžić,20,18,False
657,0,0,0,0,0,0,0,0,0.0,0.0,0.0,0.0,6,2025-26,Leon Chiwome,20,18,False
658,0,0,0,0,0,0,0,0,0.0,0.0,0.0,0.0,6,2025-26,Nathan Fraser,20,18,False
659,90,0,0,0,1,1,0,1,11.8,23.9,0.0,3.6,6,2025-26,Kyle Walker-Peters,19,9,False
660,90,0,0,0,2,0,0,2,7.0,15.6,0.0,2.3,6,2025-26,Anton Stach,11,4,True
661,0,0,0,0,0,0,0,0,0.0,0.0,0.0,0.0,6,2025-26,Hugo Ekitiké,12,8,False
662,45,0,0,0,1,0,0,1,3.8,0.2,0.0,0.4,6,2025-26,Cristhian Mosquera,1,15,False
663,90,0,0,1,0,0,0,5,21.0,48.3,9.0,7.8,6,2025-26,Jhon Arias,20,18,False
664,0,0,0,0,0,0,0,0,0.0,0.0,0.0,0.0,6,2025-26,Benjamin Lecomte,10,2,False
665,0,0,0,0,0,0,0,0,0.0,0.0,0.0,0.0,6,2025-26,Lucas Estella Perri,11,4,True
666,90,0,0,0,1,0,0,2,7.6,21.7,52.0,8.1,6,2025-26,Viktor Gyökeres,1,15,False
667,0,0,0,0,0,0,0,0,0.0,0.0,0.0,0.0,6,2025-26,Adam Aznou,9,19,True
668,90,0,1,1,0,0,0,9,47.8,16.3,0.0,6.4,6,2025-26,Granit Xhaka,17,16,False
669,59,0,0,0,1,0,0,1,2.4,3.1,13.0,1.9,6,2025-26,Dan Ndoye,16,17,True
670,90,0,0,1,0,0,0,10,48.6,20.0,0.0,6.9,6,2025-26,Robin Roefs,17,16,False
671,0,0,0,0,0,0,0,0,0.0,0.0,0.0,0.0,6,2025-26,Callum Wilson,19,9,False
672,78,0,0,0,1,0,0,2,12.0,0.4,2.0,1.4,6,2025-26,Jorrel Hato,7,6,True
673,90,1,0,0,1,1,0,9,45.6,11.0,12.0,6.9,6,2025-26,João Maria Lobo Alves Palhares Costa Palhinha Gonçalves,18,20,True
674,0,0,0,0,0,0,0,0,0.0,0.0,0.0,0.0,6,2025-26,Aaron Ramsdale,15,1,True
675,0,0,0,0,0,0,0,0,0.0,0.0,0.0,0.0,6,2025-26,Angus Gunn,16,17,True
676,11,0,0,0,2,0,0,1,0.4,0.0,0.0,0.0,6,2025-26,Lesley Ugochukwu,3,13,False
677,82,0,0,0,1,0,0,2,7.6,1.3,6.0,1.5,6,2025-26,Evann Guessand,8,12,True
678,58,0,0,0,0,1,0,0,8.8,4.8,7.0,2.1,6,2025-26,Arthur Masuaku,17,16,False
679,0,0,0,0,0,0,0,0,0.0,0.0,0.0,0.0,6,2025-26,Mads Hermansen,19,9,False
680,10,0,0,0,2,0,0,1,0.0,0.5,2.0,0.3,6,2025-26,Armando Broja,3,13,False
681,90,1,0,0,3,0,0,8,48.0,12.7,120.0,18.1,6,2025-26,Benjamin Sesko,14,5,False
682,0,0,0,0,0,0,0,0,0.0,0.0,0.0,0.0,6,2025-26,David Møller Wolfe,20,18,False
683,90,1,0,1,0,0,0,17,62.0,3.3,35.0,10.0,6,2025-26,Omar Alderete,17,16,False
684,90,0,0,0,2,0,0,3,17.8,0.1,22.0,4.0,6,2025-26,Malick Thiaw,15,1,True
685,90,0,0,0,2,0,0,3,31.4,2.1,0.0,3.4,6,2025-26,Bafodé Diakité,4,11,False
686,6,0,0,0,1,0,0,1,2.0,0.5,0.0,0.3,6,2025-26,Rio Ngumoha,12,8,False
687,0,0,0,0,0,0,0,0,0.0,0.0,0.0,0.0,6,2025-26,Remy Rees-Dottin,4,11,False
688,0,0,0,0,0,0,0,0,0.0,0.0,0.0,0.0,6,2025-26,James Wright,2,10,True
689,0,0,0,0,0,0,0,0,0.0,0.0,0.0,0.0,6,2025-26,Seung-Soo Park,15,1,True
690,0,0,0,0,0,0,0,0,0.0,0.0,0.0,0.0,6,2025-26,Rio Cardines,8,12,True
691,90,0,0,0,1,0,0,2,12.0,13.4,55.0,8.0,6,2025-26,Dominic Calvert-Lewin,11,4,True
692,0,0,0,0,0,0,0,0,0.0,0.0,0.0,0.0,6,2025-26,Giovanni Leoni,12,8,False
693,18,0,0,0,0,0,0,1,22.6,53.2,26.0,10.2,6,2025-26,Omari Hutchinson,16,17,True
694,90,0,0,1,0,0,0,6,19.6,1.1,0.0,2.1,6,2025-26,Nordi Mukiele,17,16,False
695,45,0,0,0,1,0,0,1,9.8,0.8,0.0,1.1,6,2025-26,Jackson Tchatchoua,20,18,False
696,1,0,0,0,0,0,0,1,0.0,0.3,0.0,0.0,6,2025-26,Arnaud Kalimuendo,16,17,True
697,59,0,0,0,2,0,0,1,16.8,23.1,23.0,6.3,6,2025-26,Amine Adli,4,11,False
698,66,0,0,0,1,0,0,2,10.0,15.3,15.0,4.0,6,2025-26,Noah Okafor,11,4,True
699,0,0,0,0,0,0,0,0,0.0,0.0,0.0,0.0,6,2025-26,Douglas Luiz Soares de Paulo,2,10,True
700,0,0,0,0,0,0,0,0,0.0,0.0,0.0,0.0,6,2025-26,Max Dowman,1,15,False
701,0,0,0,0,0,0,0,0,0.0,0.0,0.0,0.0,6,2025-26,Triston Rowe,2,10,True
702,0,0,0,0,0,0,0,0,0.0,0.0,0.0,0.0,6,2025-26,Bradley Burrowes,2,10,True
703,0,0,0,0,0,0,0,0,0.0,0.0,0.0,0.0,6,2025-26,Sam Proctor,2,10,True
704,0,0,0,0,0,0,0,0,0.0,0.0,0.0,0.0,6,2025-26,Tyler Onyango,9,19,True
705,0,0,0,0,0,0,0,0,0.0,0.0,0.0,0.0,6,2025-26,Elijah Campbell,9,19,True
706,0,0,0,0,0,0,0,0,0.0,0.0,0.0,0.0,6,2025-26,James Justin,11,4,True
707,9,0,0,0,0,0,0,1,3.0,0.3,0.0,0.3,6,2025-26,Tyler Dibling,9,19,True
708,90,0,0,0,1,0,0,2,3.8,4.4,3.0,1.1,6,2025-26,Mateus Gonçalo Espanha Fernandes,19,9,False
709,90,0,0,0,1,0,0,2,19.4,11.1,17.0,4.8,6,2025-26,Ladislav Krejcí,20,18,False
710,0,0,0,0,0,0,0,0,0.0,0.0,0.0,0.0,6,2025-26,Travis Patterson,2,10,True
711,0,0,0,0,0,0,0,0,0.0,0.0,0.0,0.0,6,2025-26,Andre Harriman-Annous,1,15,False
712,73,0,0,1,0,0,0,3,10.0,12.2,19.0,4.1,6,2025-26,Yéremy Pino Santos,8,12,True
713,72,0,0,0,2,1,0,0,15.6,12.8,2.0,3.0,6,2025-26,Álex Jiménez Sánchez,4,11,False
714,66,1,0,1,0,0,0,7,33.2,2.3,19.0,5.5,6,2025-26,Nick Woltemade,15,1,True
715,0,0,0,0,0,0,0,0,0.0,0.0,0.0,0.0,6,2025-26,John Victor Maciel Furtado,16,17,True
716,0,0,0,0,0,0,0,0,0.0,0.0,0.0,0.0,6,2025-26,Nicolò Savona,16,17,True
717,77,0,0,0,1,1,0,1,12.4,25.8,2.0,4.0,6,2025-26,Xavi Simons,18,20,True
718,58,0,0,0,1,1,0,0,9.2,3.5,0.0,1.3,6,2025-26,Soungoutou Magassa,19,9,False
719,8,0,0,0,0,0,0,1,0.2,0.0,0.0,0.0,6,2025-26,Victor Lindelöf,2,10,True
720,6,0,0,0,1,0,0,1,3.0,0.1,0.0,0.3,6,2025-26,Tolu Arokodare,20,18,False
721,0,0,0,0,0,0,0,0,0.0,0.0,0.0,0.0,6,2025-26,Veljko Milosavljevic,4,11,False
722,90,0,0,0,5,0,0,4,17.0,1.7,0.0,1.9,6,2025-26,Florentino Ibrain Morris Luís,3,13,False
723,0,0,0,0,0,0,0,0,0.0,0.0,0.0,0.0,6,2025-26,Jaydee Canvot,8,12,True
724,31,0,0,0,0,0,0,1,4.0,0.6,19.0,2.4,6,2025-26,Lutsharel Geertruida,17,16,False
725,0,0,0,0,0,0,0,0,0.0,0.0,0.0,0.0,6,2025-26,Piero Hincapié,1,15,False
726,0,0,0,0,0,0,0,0,0.0,0.0,0.0,0.0,6,2025-26,Randal Kolo Muani,18,20,True
727,10,0,0,0,0,0,0,1,0.4,0.5,12.0,1.3,6,2025-26,Samuel Chukwueze,10,2,False
728,0,0,0,0,0,0,0,0,0.0,0.0,0.0,0.0,6,2025-26,Merlin Röhl,9,19,True
729,0,0,0,0,0,0,0,0,0.0,0.0,0.0,0.0,6,2025-26,Luis Eduardo Soares da Silva,16,17,True
730,5,0,0,0,0,0,0,1,2.4,0.2,0.0,0.3,6,2025-26,Brian Brobbey,17,16,False
731,25,0,0,0,0,0,0,1,3.8,2.8,2.0,0.9,6,2025-26,Kevin Santos Lopes de Macedo,10,2,False
732,0,0,0,0,0,0,0,0,0.0,0.0,0.0,0.0,6,2025-26,Christantus Uche,8,12,True
733,0,0,0,0,0,0,0,0,0.0,0.0,0.0,0.0,6,2025-26,Senne Lammens,14,5,False
734,71,0,0,0,1,0,0,2,14.0,45.3,17.0,7.6,6,2025-26,Dilane Bakwa,16,17,True
735,31,0,0,0,0,0,0,1,10.2,10.7,17.0,3.8,6,2025-26,Bertrand Traoré,17,16,False
736,90,0,0,0,1,0,0,2,6.8,0.0,0.0,0.7,6,2025-26,Gianluigi Donnarumma,13,3,True
737,0,0,0,0,0,0,0,0,0.0,0.0,0.0,0.0,6,2025-26,Jonah Kusi-Asare,10,2,False
738,0,0,0,0,0,0,0,0,0.0,0.0,0.0,0.0,6,2025-26,Lukasz Fabianski,19,9,False
739,0,0,0,0,0,0,0,0,0.0,0.0,0.0,0.0,6,2025-26,Divine Mukasa,13,3,True
740,0,0,0,0,0,0,0,0,0.0,0.0,0.0,0.0,6,2025-26,Stephen Mfuni,13,3,True
741,0,0,0,0,0,0,0,0,0.0,0.0,0.0,0.0,6,2025-26,Harry Gray,11,4,True
742,0,0,0,0,0,0,0,0,0.0,0.0,0.0,0.0,6,2025-26,Ryan McAidoo,13,3,True
