element,team,element_type,first_name,second_name,web_name
1,1,1,David,Raya Martín,Raya
2,1,1,Kepa,Arrizabalaga Revuelta,Arrizabalaga
3,1,1,Karl,Hein,Hein
4,1,1,Tommy,Setford,Setford
5,1,2,Gabriel,dos Santos Magalhães,Gabriel
6,1,2,William,Saliba,Saliba
7,1,2,Riccardo,Calafiori,Calafiori
8,1,2,Jurriën,Timber,J.Timber
9,1,2,Jakub,Kiwior,Kiwior
10,1,2,Myles,Lewis-Skelly,Lewis-Skelly
11,1,2,Benjamin,White,White
13,1,2,Brayden,Clarke,Clarke
14,1,2,Maldini,Kacurri,Kacurri
15,1,2,Josh,Nichols,Nichols
16,1,3,Bukayo,Saka,Saka
17,1,3,Martin,Ødegaard,Ødegaard
18,1,3,Noni,Madueke,Madueke
19,1,3,Gabriel,Martinelli Silva,Martinelli
20,1,3,Leandro,Trossard,Trossard
21,1,3,Declan,Rice,Rice
22,1,3,Mikel,Merino Zazón,Merino
23,1,3,Fábio,Ferreira Vieira,Fábio Vieira
24,1,3,Christian,Nørgaard,Nørgaard
25,1,3,Ethan,Nwaneri,Nwaneri
26,1,3,Martín,Zubimendi Ibáñez,Zubimendi
28,1,3,Ismeal,Kabia,Kabia
29,1,3,Albert,Sambi Lokonga,Sambi
30,1,4,Kai,Havertz,Havertz
31,1,4,Gabriel,Fernando de Jesus,G.Jesus
266,1,3,Eberechi,Eze,Eze
662,1,2,Cristhian,Mosquera,Mosquera
666,1,4,Viktor,Gyökeres,Gyökeres
700,1,3,Max,Dowman,Dowman
711,1,3,Andre,Harriman-Annous,Harriman-Annous
725,1,2,Piero,Hincapié,Hincapie
759,1,2,Marli,Salmon,Salmon
32,2,1,Emiliano,Martínez Romero,Martinez
33,2,1,Marco,Bizot,M.Bizot
34,2,1,Joe,Gauci,Gauci
35,2,1,Filip,Marschall,Marschall
36,2,2,Matty,Cash,Cash
37,2,2,Lucas,Digne,Digne
38,2,2,Ezri,Konsa Ngoyo,Konsa
39,2,2,Ian,Maatsen,Maatsen
40,2,2,Tyrone,Mings,Mings
41,2,2,Pau,Torres,Pau
42,2,2,Andrés,García,A.García
43,2,2,Álex,Moreno Lopera,Alex Moreno
44,2,2,Lamare,Bogarde,Bogarde
45,2,2,Lino,da Cruz Sousa,Sousa
46,2,2,Yasin,Özcan,Yasin
47,2,3,Morgan,Rogers,Rogers
48,2,3,Youri,Tielemans,Tielemans
49,2,3,Leon,Bailey,Bailey
50,2,3,Emiliano,Buendía Stati,Buendía
51,2,3,Samuel,Iling-Junior,Iling Jr
53,2,3,Donyell,Malen,Malen
54,2,3,John,McGinn,McGinn
55,2,3,Ross,Barkley,Barkley
56,2,3,Enzo,Barrenechea,Barrenechea
57,2,3,Lewis,Dobbin,Dobbin
58,2,3,Boubacar,Kamara,Kamara
59,2,3,Amadou,Onana,Onana
60,2,3,Ben,Broggio,Broggio
61,2,3,Leander,Dendoncker,Dendoncker
62,2,3,Jamaldeen,Jimoh-Aloba,Jimoh-Aloba
63,2,3,Kadan,Young,Young
64,2,4,Ollie,Watkins,Watkins
65,2,4,Zépiqueno,Redmond,Redmond
389,2,3,Harvey,Elliott,Elliott
456,2,3,Jadon,Sancho,Sancho
688,2,1,James,Wright,Wright
699,2,3,Douglas Luiz,Soares de Paulo,Douglas Luiz
701,2,2,Triston,Rowe,Rowe
702,2,3,Bradley,Burrowes,Burrowes
703,2,1,Sam,Proctor,Proctor
710,2,2,Travis,Patterson,Patterson
719,2,2,Victor,Lindelöf,Lindelöf
754,2,3,George,Hemmings,George Hemmings
757,2,1,Ronnie,Hollingshead,Hollingshead
768,2,2,Leon,Routh,Leon Routh
781,2,2,TJ,Carroll,Carroll
792,2,3,Alysson Edward Franco,da Rocha dos Santos,Alysson
808,2,4,Tammy,Abraham,Abraham
183,3,1,Max,Weiß,Weiss
184,3,1,Etienne,Green,Green
185,3,1,Václav,Hladký,Hladký
186,3,2,Connor,Roberts,Roberts
187,3,2,Kyle,Walker,Walker
188,3,2,Hannes,Delcroix,Delcroix
189,3,2,Owen,Dodgson,Dodgson
190,3,2,Hjalmar,Ekdal,Ekdal
191,3,2,Maxime,Estève,Estève
192,3,2,Quilindschy,Hartman,Hartman
193,3,2,Bashir,Humphreys,Humphreys
194,3,2,Jordan,Beyer,Jordan
195,3,2,Lucas,Pires Silva,Lucas Pires
196,3,2,Shurandy,Sambo,Sambo
197,3,2,Oliver,Sonne,Sonne
198,3,2,Axel,Tuanzebe,Tuanzebe
199,3,2,Joe,Worrall,Worrall
200,3,3,Jaidon,Anthony,Anthony
201,3,3,Manuel,Benson Hedilazio,Benson
202,3,3,Jacob,Bruun Larsen,Bruun Larsen
203,3,3,Enock,Agyei,Boateng
204,3,3,Darko,Churlinov,Churlinov
205,3,3,Josh,Cullen,Cullen
206,3,3,Marcus,Edwards,Edwards
207,3,3,Hannibal,Mejbri,Hannibal
208,3,3,Luca,Koleosho,Koleosho
209,3,3,Josh,Laurent,Laurent
210,3,3,Loum,Tchaouna,Tchaouna
211,3,3,Aaron,Ramsey,A.Ramsey
212,3,3,Oluwaseun,Adewumi,Adewumi
213,3,3,Jaydon,Banel,Banel
214,3,3,Mike,Trésor Ndayishimiye,Trésor
215,3,4,Zian,Flemming,Flemming
216,3,4,Zeki,Amdouni,Amdouni
217,3,4,Lyle,Foster,Foster
218,3,4,Ashley,Barnes,Barnes
219,3,4,Michael,Obafemi,Obafemi
470,3,1,Martin,Dúbravka,Dúbravka
614,3,3,James,Ward-Prowse,Ward-Prowse
676,3,3,Lesley,Ugochukwu,Ugochukwu
680,3,4,Armando,Broja,Broja
722,3,3,Florentino Ibrain,Morris Luís,Florentino
776,3,3,Oliver,Pimlott,Pimlott
784,3,3,George,Brierley,Brierley
820,3,3,Kian,McMahon-Brown,McMahon-Brown
66,4,1,Norberto,Murara Neto,Neto
67,4,1,Đorđe,Petrović,Petrović
68,4,1,Will,Dennis,Dennis
69,4,1,Callan,McKenna,McKenna
70,4,1,Alex,Paulsen,Paulsen
71,4,2,Illia,Zabarnyi,Zabarnyi
72,4,2,Marcos,Senesi Barón,Senesi
73,4,2,Adam,Smith,Smith
74,4,2,Adrien,Truffert,Truffert
75,4,2,Matai,Akinmboni,Akinmboni
76,4,2,Owen,Bevan,Bevan
77,4,2,James,Hill,Hill
78,4,2,Julián,Araujo Zúñiga,J.Araujo
79,4,2,Chris,Mepham,Mepham
80,4,2,Julio,Soler Barreto,Soler
81,4,3,Justin,Kluivert,Kluivert
84,4,3,Marcus,Tavernier,Tavernier
85,4,3,Tyler,Adams,Adams
86,4,3,David,Brooks,Brooks
87,4,3,Ryan,Christie,Christie
88,4,3,Lewis,Cook,Cook
89,4,3,Philip,Billing,Philip
90,4,3,Alex,Scott,Scott
91,4,3,Luis,Sinisterra Lucumí,Sinisterra
92,4,3,Romain,Faivre,Faivre
93,4,3,Hamed,Traorè,H.Traorè
94,4,3,Dominic,Sadi,Sadi
95,4,3,Zain,Silcott-Duberry,Silcott-Duberry
96,4,3,Ben,Winterburn,Winterburn
97,4,4,Francisco Evanilson,de Lima Barbosa,Evanilson
98,4,4,Enes,Ünal,Enes Ünal
99,4,4,Daniel,Adu-Adjei,Adu-Adjei
100,4,4,Junior,Kroupi,Kroupi.Jr
391,4,3,Ben,Gannon-Doak,Gannon-Doak
685,4,2,Bafodé,Diakité,Diakité
687,4,3,Remy,Rees-Dottin,Rees-Dottin
697,4,3,Amine,Adli,Adli
713,4,2,Álex,Jiménez Sánchez,A.Jimenez
721,4,2,Veljko,Milosavljevic,Milosavljević
756,4,3,Malcom,DaCosta,DaCosta
782,4,1,Fraser,Forster,Forster
799,4,3,Charlie,Stevens,Stevens
801,4,3,Alex,Tóth,Tóth.A
806,4,1,Christos,Mandas,Mandas
807,4,3,Rayan Vitor,Simplício Rocha,Rayan
27,5,3,Reiss,Nelson,Nelson
83,5,3,Dango,Ouattara,O.Dango
101,5,1,Caoimhín,Kelleher,Kelleher
102,5,1,Ellery,Balcombe,Balcombe
103,5,1,Matthew,Cox,Cox
104,5,1,Julian,Eyestone,Eyestone
105,5,1,Hákon Rafn,Valdimarsson,Valdimarsson
106,5,2,Nathan,Collins,Collins
107,5,2,Keane,Lewis-Potter,Lewis-Potter
108,5,2,Kristoffer,Ajer,Ajer
109,5,2,Rico,Henry,Henry
110,5,2,Michael,Kayode,Kayode
111,5,2,Ethan,Pinnock,Pinnock
112,5,2,Mads,Roerslev Rasmussen,Roerslev
113,5,2,Sepp,van den Berg,Van den Berg
114,5,2,Benjamin,Arthur,Arthur
115,5,2,Benjamin,Fredrick,Fredrick
116,5,2,Aaron,Hickey,Hickey
117,5,2,Kim,Ji-soo,Ji-soo
118,5,2,Jayden,Meghoma,Meghoma
120,5,3,Kevin,Schade,Schade
121,5,3,Mikkel,Damsgaard,Damsgaard
122,5,3,Antoni,Milambo,Milambo
123,5,3,Fábio,Freitas Gouveia Carvalho,Carvalho
124,5,3,Jordan,Henderson,Henderson
125,5,3,Vitaly,Janelt,Janelt
126,5,3,Mathias,Jensen,Jensen
127,5,3,Gustavo,Nunes Fernandes Gomes,Nunes
128,5,3,Frank,Onyeka,Onyeka
129,5,3,Yehor,Yarmoliuk,Yarmoliuk
130,5,3,Romelle,Donovan,Donovan
131,5,3,Yunus Emre,Konak,Konak
132,5,3,Paris,Maghoma,Maghoma
133,5,3,Myles,Peart-Harris,Peart-Harris
134,5,3,Ryan,Trevitt,Trevitt
136,5,4,Igor Thiago,Nascimento Rodrigues,Thiago
137,5,4,Iwan,Morgan,Morgan
748,5,3,Josh,Dasilva,Dasilva
797,5,4,Kaye,Furo,Furo
810,5,3,Luka,Bentt,Bentt
819,5,2,Ollie,Shield,Shield
823,5,2,Joshua,Stephenson,Stephenson
824,5,2,Conor,McManus,McManus
826,5,3,Riley,Owen,Owen
138,6,1,Jason,Steele,Steele
139,6,1,Bart,Verbruggen,Verbruggen
140,6,1,Tom,McGill,McGill
141,6,1,Carl,Rushworth,Rushworth
142,6,1,Kjell,Scherpen,Scherpen
143,6,2,Olivier,Boscagli,Boscagli
144,6,2,Diego,Coppola,Coppola
145,6,2,Maxim,De Cuyper,De Cuyper
146,6,2,Lewis,Dunk,Dunk
147,6,2,Pervis,Estupiñán Tenorio,Estupiñan
148,6,2,Ferdi,Kadıoğlu,F.Kadıoğlu
149,6,2,Igor Julio,dos Santos de Paulo,Igor
150,6,2,Tariq,Lamptey,Lamptey
151,6,2,Jan Paul,van Hecke,Van Hecke
152,6,2,Joël,Veltman,Veltman
153,6,2,Adam,Webster,Webster
154,6,2,Eiran,Cashin,Cashin
155,6,2,Jacob,Slater,Slater
156,6,2,Charlie,Tasker,Tasker
157,6,3,Mitoma,Kaoru,Mitoma
158,6,3,Georginio,Rutter,Georginio
159,6,3,Solly,March,March
160,6,3,Yankuba,Minteh,Minteh
161,6,3,Julio,Enciso Espínola,Enciso
162,6,3,Brajan,Gruda,Gruda
163,6,3,Jack,Hinshelwood,Hinshelwood
164,6,3,Matt,O'Riley,O'Riley
165,6,3,Abdallah,Sima,Sima
166,6,3,Yasin,Ayari,Ayari
167,6,3,Carlos,Baleba,Baleba
169,6,3,Diego,Gómez Amarilla,Gomez
170,6,3,James,Milner,Milner
171,6,3,Jeremy,Sarmiento Morante,Sarmiento
172,6,3,Tom,Watson,Watson
173,6,3,Mats,Wieffer,Wieffer
174,6,3,Malick,Yalcouyé,Yalcouye
175,6,3,Joe,Knight,Knight
176,6,3,Adrian,Mazilu,Mazilu
177,6,3,Andrew,Moran,Moran
178,6,4,Danny,Welbeck,Welbeck
179,6,4,Evan,Ferguson,Ferguson
180,6,4,Stefanos,Tzimas,Tzimas
181,6,4,Charalampos,Kostoulas,Kostoulas
744,6,3,Nehemiah,Oriola,Oriola
761,6,2,Freddie,Simmonds,Simmonds
783,6,3,Pascal,Groß,Groß
795,6,3,Harry,Howell,Howell
220,7,1,Robert,Lynch Sánchez,Sánchez
221,7,1,Filip,Jörgensen,Jörgensen
222,7,1,Mike,Penders,Penders
223,7,1,Gabriel,Słonina,Slonina
224,7,2,Marc,Cucurella Saseta,Cucurella
225,7,2,Reece,James,James
226,7,2,Trevoh,Chalobah,Chalobah
227,7,2,Levi,Samuels Colwill,Colwill
228,7,2,Malo,Gusto,Gusto
229,7,2,Benoît,Badiashile Mukinayi,B.Badiashile
230,7,2,Wesley,Fofana,Fofana
231,7,2,Mamadou,Sarr,M.Sarr
232,7,2,Tosin,Adarabioyo,Tosin
233,7,2,Josh,Acheampong,Acheampong
234,7,2,Aarón,Anselmino,Anselmino
235,7,3,Cole,Palmer,Palmer
236,7,3,Pedro,Lomba Neto,Neto
237,7,3,Enzo,Fernández,Enzo
238,7,3,Estêvão,Almeida de Oliveira Gonçalves,Estêvão
239,7,3,Jamie,Bynoe-Gittens,Gittens
240,7,3,Christopher,Nkunku,Nkunku
241,7,3,Moisés,Caicedo Corozo,Caicedo
244,7,3,Roméo,Lavia,Lavia
245,7,3,Mykhailo,Mudryk,Mudryk
246,7,3,Andrey,Nascimento dos Santos,Andrey Santos
247,7,3,Dário,Luís Essugo,D.Essugo
248,7,3,Kendry,Páez Andrade,Paez
249,7,4,João Pedro,Junqueira de Jesus,João Pedro
250,7,4,Liam,Delap,Delap
251,7,4,Nicolas,Jackson,N.Jackson
252,7,4,Marc,Guiu Paz,Marc Guiu
453,7,3,Alejandro,Garnacho Ferreyra,Garnacho
672,7,2,Jorrel,Hato,Hato
743,7,3,Landon,Emenalo,Emenalo
789,7,1,Max,Merrick,Merrick
803,7,1,Teddy,Sharman-Lowe,Sharman-Lowe
829,7,3,Jesse,Derry,Derry
253,8,1,Dean,Henderson,Henderson
254,8,1,Walter,Benítez,Benitez
255,8,1,Remi,Matthews,Matthews
256,8,2,Daniel,Muñoz Mejía,Muñoz
257,8,2,Maxence,Lacroix,Lacroix
258,8,2,Tyrick,Mitchell,Mitchell
259,8,2,Borna,Sosa,Sosa
261,8,2,Chris,Richards,Richards
262,8,2,Chadi,Riad Dnanou,Chadi Riad
263,8,2,Nathaniel,Clyne,Clyne
264,8,2,Rob,Holding,Holding
265,8,2,Caleb,Kporha,Kporha
267,8,3,Ismaïla,Sarr,Sarr
268,8,3,Cheick,Doucouré,Doucouré
269,8,3,Romain,Esse,Esse
270,8,3,Will,Hughes,Hughes
271,8,3,Daichi,Kamada,Kamada
272,8,3,Jefferson,Lerma Solís,Lerma
273,8,3,Adam,Wharton,Wharton
274,8,3,Asher,Agbinone,Agbinone
275,8,3,Naouirou,Ahamada,Ahamada
276,8,3,Justin,Devenny,Devenny
277,8,3,Malcolm,Ebiowei,Ebiowei
278,8,3,Jesurun,Rak-Sakyi,J.Rak-Sakyi
279,8,3,Matheus,França de Oliveira,M.França
280,8,3,David,Ozoh,Ozoh
281,8,3,Kaden,Rodney,Rodney
282,8,3,Franco,Umeh-Chibueze,Umeh
283,8,4,Jean-Philippe,Mateta,Mateta
284,8,4,Eddie,Nketiah,Nketiah
285,8,4,Odsonne,Édouard,Édouard
286,8,4,Zach,Marsh,Marsh
580,8,3,Brennan,Johnson,Johnson
654,8,4,Jørgen,Strand Larsen,Strand Larsen
677,8,3,Evann,Guessand,Guessand
690,8,3,Rio,Cardines,Cardines
712,8,3,Yéremy,Pino Santos,Yeremy
723,8,2,Jaydee,Canvot,Canvot
732,8,4,Christantus,Uche,Uche
762,8,3,Joél,Drakes-Thomas,Drakes-Thomas
773,8,2,Dean,Benamar,Benamar
780,8,4,Ben,Casey,Casey
793,8,2,George,King,King
798,8,2,Danny,Imray,Imray
242,9,3,Kiernan,Dewsbury-Hall,Dewsbury-Hall
243,9,3,Tyrique,George,George
287,9,1,Jordan,Pickford,Pickford
288,9,1,Mark,Travers,Travers
289,9,1,Harry,Tyrer,Tyrer
290,9,2,Jarrad,Branthwaite,Branthwaite
291,9,2,James,Tarkowski,Tarkowski
292,9,2,Vitalii,Mykolenko,Mykolenko
293,9,2,Jake,O'Brien,O'Brien
294,9,2,Séamus,Coleman,Coleman
295,9,2,Michael,Keane,Keane
296,9,2,Nathan,Patterson,Patterson
297,9,2,Roman,Dixon,Dixon
298,9,2,Reece,Welch,Welch
299,9,3,Iliman,Ndiaye,Ndiaye
300,9,3,Dwight,McNeil,McNeil
301,9,3,Carlos,Alcaraz Durán,Alcaraz
302,9,3,Idrissa Gana,Gueye,Gana
303,9,3,James,Garner,Garner
304,9,3,Tim,Iroegbunam,Iroegbunam
305,9,3,Harrison,Armstrong,Armstrong
306,9,3,Callum,Bates,Bates
307,9,3,Coby,Ebere,Ebere
308,9,3,Isaac,Heath,Heath
309,9,3,Jenson,Metcalfe,Metcalfe
310,9,4,Thierno,Barry,Barry
311,9,4,Norberto Bercique,Gomes Betuncal,Beto
312,9,4,Youssef,Ramalho Chermiti,Y.Chermiti
313,9,4,Martin,Sherif,Sherif
419,9,3,Jack,Grealish,Grealish
630,9,1,Tom,King,King
667,9,2,Adam,Aznou,Aznou
704,9,3,Tyler,Onyango,Onyango
705,9,2,Elijah,Campbell,Campbell
707,9,3,Tyler,Dibling,Dibling
728,9,3,Merlin,Röhl,Röhl
779,9,4,Braiden,Graham,Graham
314,10,1,Bernd,Leno,Leno
315,10,1,Steven,Benda,Benda
316,10,2,Antonee,Robinson,Robinson
317,10,2,Joachim,Andersen,Andersen
318,10,2,Calvin,Bassey,Bassey
319,10,2,Timothy,Castagne,Castagne
320,10,2,Issa,Diop,Diop
321,10,2,Jorge,Cuenca Barreno,J.Cuenca
322,10,2,Kenny,Tete,Tete
323,10,2,Samuel,Amissah,Amissah
324,10,3,Alex,Iwobi,Iwobi
325,10,3,Emile,Smith Rowe,Smith Rowe
327,10,3,Andreas,Hoelgebaum Pereira,Andreas
328,10,3,Ryan,Sessegnon,Sessegnon
329,10,3,Harry,Wilson,Wilson
330,10,3,Sander,Berge,Berge
331,10,3,Tom,Cairney,Cairney
332,10,3,Saša,Lukić,Lukić
333,10,3,Martial,Godo,Godo
334,10,3,Luke,Harris,Harris
335,10,3,Josh,King,King
336,10,3,Harrison,Reed,Reed
337,10,4,Raúl,Jiménez Rodríguez,Raúl
338,10,4,Rodrigo,Muniz Carvalho,Muniz
424,10,3,Oscar,Bobb,Bobb
664,10,1,Benjamin,Lecomte,Lecomte
727,10,3,Samuel,Chukwueze,Chukwueze
731,10,3,Kevin,Santos Lopes de Macedo,Kevin
737,10,4,Jonah,Kusi-Asare,Kusi-Asare
770,10,3,Seth,Ridgeon,Ridgeon
786,10,1,Alfie,McNally,McNally
168,11,3,Facundo,Buonanotte,Buonanotte
339,11,1,Illan,Meslier,Meslier
340,11,1,Alex,Cairns,Cairns
341,11,1,Karl,Darlow,Darlow
342,11,2,Jayden,Bogle,Bogle
343,11,2,Pascal,Struijk,Struijk
344,11,2,Jaka,Bijol,Bijol
345,11,2,Sebastiaan,Bornauw,Bornauw
346,11,2,Sam,Byram,Byram
347,11,2,Gabriel,Gudmundsson,Gudmundsson
348,11,2,Joe,Rodon,Rodon
349,11,2,Isaac,Schmidt,Schmidt
350,11,3,Brenden,Aaronson,Aaronson
351,11,3,Wilfried,Gnonto,Gnonto
352,11,3,Jack,Harrison,Harrison
353,11,3,Daniel,James,James
354,11,3,Ethan,Ampadu,Ampadu
355,11,3,Sam,Greenwood,Greenwood
356,11,3,Ilia,Gruev,Gruev
357,11,3,Largie,Ramazani,Ramazani
358,11,3,Tanaka,Ao,Tanaka
359,11,3,Charlie,Crew,Crew
360,11,3,Joe,Gelhardt,Gelhardt
361,11,3,Darko,Gyabi,Gyabi
362,11,4,Joël,Piroe,Piroe
363,11,4,Patrick,Bamford,Bamford
364,11,4,Mateo,Joseph Fernández-Regatillo,Mateo Joseph
365,11,4,Lukas,Nmecha,Nmecha
493,11,3,Sean,Longstaff,Longstaff
660,11,3,Anton,Stach,Stach
665,11,1,Lucas Estella,Perri,Perri
691,11,4,Dominic,Calvert-Lewin,Calvert-Lewin
698,11,3,Noah,Okafor,Okafor
706,11,2,James,Justin,Justin
741,11,4,Harry,Gray,Gray
787,11,3,Sam,Chambers,Chambers
366,12,1,Alisson,Becker,A.Becker
367,12,1,Giorgi,Mamardashvili,Mamardashvili
368,12,1,Ármin,Pécsi,Pécsi
369,12,1,Freddie,Woodman,Woodman
370,12,2,Jeremie,Frimpong,Frimpong
371,12,2,Milos,Kerkez,Kerkez
372,12,2,Andrew,Robertson,Robertson
373,12,2,Virgil,van Dijk,Virgil
374,12,2,Ibrahima,Konaté,Konaté
375,12,2,Conor,Bradley,Bradley
376,12,2,Joe,Gomez,Gomez
377,12,2,Konstantinos,Tsimikas,Tsimikas
378,12,2,Amara,Nallo,Nallo
379,12,2,Rhys,Williams,R.Williams
380,12,2,Calvin,Ramsay,Ramsay
381,12,3,Mohamed,Salah,M.Salah
382,12,3,Florian,Wirtz,Wirtz
383,12,3,Luis,Díaz Marulanda,Luis Díaz
384,12,3,Cody,Gakpo,Gakpo
385,12,3,Federico,Chiesa,Chiesa
386,12,3,Alexis,Mac Allister,Mac Allister
387,12,3,Dominik,Szoboszlai,Szoboszlai
388,12,3,Curtis,Jones,C.Jones
390,12,3,Ryan,Gravenberch,Gravenberch
392,12,3,Endo,Wataru,Endo
393,12,3,Stefan,Bajčetić Maquieira,Bajcetic
394,12,3,James,McConnell,McConnell
395,12,3,Tyler,Morton,Morton
396,12,3,Trey,Nyoni,Nyoni
397,12,4,Darwin,Núñez Ribeiro,Darwin
398,12,4,Jayden,Danns,Danns
499,12,4,Alexander,Isak,Isak
661,12,4,Hugo,Ekitiké,Ekitiké
686,12,3,Rio,Ngumoha,Ngumoha
692,12,2,Giovanni,Leoni,Leoni
746,12,3,Kieran,Morrison,Morrison
760,12,2,Wellity,Lucky,Lucky
830,12,4,Will,Wright,Wright
832,12,2,Talla,Ndiaye,Ndiaye
82,13,3,Antoine,Semenyo,Semenyo
182,13,1,James,Trafford,Trafford
260,13,2,Marc,Guéhi,Guéhi
399,13,1,Ederson,Santana de Moraes,Ederson M.
401,13,1,Marcus,Bettinelli,Bettinelli
402,13,2,Rayan,Aït-Nouri,Aït-Nouri
403,13,2,Joško,Gvardiol,Gvardiol
404,13,2,Manuel,Akanji,Akanji
405,13,2,Nathan,Aké,Aké
406,13,2,Abdukodir,Khusanov,Khusanov
407,13,2,Matheus,Nunes,Matheus N.
408,13,2,Rúben,dos Santos Gato Alves Dias,Rúben
409,13,2,John,Stones,Stones
410,13,2,Rico,Lewis,Lewis
411,13,2,Nico,O'Reilly,O'Reilly
412,13,2,Vitor,de Oliveira Nunes dos Reis,Vitor Reis
413,13,3,Omar,Marmoush,Marmoush
414,13,3,Phil,Foden,Foden
415,13,3,Sávio,Moreira de Oliveira,Savinho
416,13,3,Bernardo,Mota Veiga de Carvalho e Silva,Bernardo
417,13,3,Rayan,Cherki,Cherki
418,13,3,Jérémy,Doku,Doku
420,13,3,İlkay,Gündoğan,Gündoğan
421,13,3,Rodrigo 'Rodri',Hernandez Cascante,Rodrigo
422,13,3,Mateo,Kovačić,Kovačić
423,13,3,Nico,González Iglesias,N.Gonzalez
425,13,3,Claudio,Echeverri,Echeverri
427,13,3,Tijjani,Reijnders,Reijnders
428,13,3,Sverre,Nypan,Nypan
429,13,3,Kalvin,Phillips,Phillips
430,13,4,Erling,Haaland,Haaland
736,13,1,Gianluigi,Donnarumma,Donnarumma
739,13,3,Divine,Mukasa,Mukasa
740,13,2,Stephen,Mfuni,Mfuni
742,13,3,Ryan,McAidoo,McAidoo
763,13,3,Charlie,Gray,Gray
764,13,3,Reigan,Heskey,Heskey
794,13,2,Max,Alleyne,Alleyne
119,14,3,Bryan,Mbeumo,Mbeumo
431,14,1,Altay,Bayındır,Bayindir
432,14,1,André,Onana,Onana
433,14,1,Elyh,Harrison,Harrison
434,14,1,Tom,Heaton,Heaton
435,14,1,Dermot,Mee,Mee
436,14,2,Matthijs,de Ligt,De Ligt
437,14,2,Lisandro,Martínez,Martinez
438,14,2,Noussair,Mazraoui,Mazraoui
439,14,2,Diego,León Blanco,D.Leon
440,14,2,Diogo,Dalot Teixeira,Dalot
441,14,2,Patrick,Dorgu,Dorgu
442,14,2,Harry,Maguire,Maguire
443,14,2,Luke,Shaw,Shaw
444,14,2,Leny,Yoro,Yoro
445,14,2,Harry,Amass,Amass
446,14,2,Tyler,Fredricson,Fredricson
447,14,2,Ayden,Heaven,Heaven
448,14,2,Tyrell,Malacia,Malacia
449,14,3,Bruno,Borges Fernandes,B.Fernandes
450,14,3,Matheus,Santos Carneiro da Cunha,Cunha
451,14,3,Marcus,Rashford,Rashford
452,14,3,Amad,Diallo,Amad
454,14,3,Antony,dos Santos,Antony
455,14,3,Mason,Mount,Mount
457,14,3,Carlos Henrique,Casimiro,Casemiro
458,14,3,Kobbie,Mainoo,Mainoo
459,14,3,Manuel,Ugarte Ribeiro,Ugarte
460,14,3,Toby,Collyer,Collyer
461,14,3,Jayce,Fitzgerald,Fitzgerald
462,14,3,Jack,Fletcher,J.Fletcher
463,14,3,Sékou,Koné,Kone
464,14,3,Jack,Moorhouse,Moorhouse
465,14,4,Rasmus,Højlund,Højlund
466,14,4,Joshua,Zirkzee,Zirkzee
467,14,4,Chido,Obi,Obi
468,14,4,Ethan,Wheatley,Wheatley
681,14,4,Benjamin,Sesko,Šeško
733,14,1,Senne,Lammens,Lammens
755,14,3,Shea,Lacey,Lacey
769,14,3,Bendito,Mantato,Bendito Mantato
771,14,3,Tyler,Fletcher,Fletcher
788,14,2,Godwill,Kukonki,Kukonki
827,14,3,Jim,Thwaites,Thwaites
52,15,3,Jacob,Ramsey,J.Ramsey
135,15,4,Yoane,Wissa,Wissa
469,15,1,Nick,Pope,Pope
471,15,1,Mark,Gillespie,Gillespie
472,15,1,Odysseas,Vlachodimos,Odysseas
473,15,2,Lewis,Hall,Hall
474,15,2,Fabian,Schär,Schär
475,15,2,Sven,Botman,Botman
476,15,2,Dan,Burn,Burn
477,15,2,Tino,Livramento,Livramento
478,15,2,Kieran,Trippier,Trippier
479,15,2,Emil,Krafth,Krafth
480,15,2,Jamaal,Lascelles,Lascelles
481,15,2,Alex,Murphy,A.Murphy
482,15,2,Harrison,Ashby,Ashby
483,15,2,Miodrag,Pivaš,Pivas
484,15,2,Matt,Targett,Targett
485,15,3,Anthony,Gordon,Gordon
486,15,3,Anthony,Elanga,Elanga
487,15,3,Harvey,Barnes,Barnes
488,15,3,Bruno,Guimarães Rodriguez Moura,Bruno G.
489,15,3,Jacob,Murphy,J.Murphy
490,15,3,Joelinton Cássio,Apolinário de Lira,Joelinton
491,15,3,Sandro,Tonali,Tonali
492,15,3,Antoñito,Cordero Campillo,Antoñito C.
494,15,3,Joe,Willock,Willock
495,15,3,Isaac,Hayden,Hayden
496,15,3,Garang,Kuol,Kuol
497,15,3,Lewis,Miley,L.Miley
498,15,3,Joe,White,White
500,15,4,William,Osula,Osula
501,15,4,Sean,Neave,Neave
674,15,1,Aaron,Ramsdale,Ramsdale
684,15,2,Malick,Thiaw,Thiaw
689,15,3,Seung-Soo,Park,Seung soo
714,15,4,Nick,Woltemade,Woltemade
753,15,1,John,Ruddy,Ruddy
765,15,2,Leo,Shahar,Shahar
772,15,3,Sam,Alabi,Alabi
12,16,2,Oleksandr,Zinchenko,Zinchenko
400,16,1,Stefan,Ortega Moreno,Ortega Moreno
426,16,3,James,McAtee,McAtee
502,16,1,Matz,Sels,Sels
503,16,1,Carlos Miguel,dos Santos Pereira,C.Miguel
504,16,1,Matt,Turner,Turner
505,16,2,Nikola,Milenković,Milenković
506,16,2,Murillo,Costa dos Santos,Murillo
507,16,2,Ola,Aina,Aina
508,16,2,Neco,Williams,N.Williams
509,16,2,David,Mota Veiga Teixeira do Carmo,David Carmo
510,16,2,Jair,Paula da Cunha Filho,Jair Cunha
511,16,2,Felipe,Rodrigues da Silva,Morato
512,16,2,Omar,Richards,O.Richards
513,16,2,Zach,Abbott,Abbott
514,16,2,Willy,Boly,Boly
515,16,3,Morgan,Gibbs-White,Gibbs-White
516,16,3,Callum,Hudson-Odoi,Hudson-Odoi
517,16,3,Elliot,Anderson,Anderson
518,16,3,João Pedro,Ferreira da Silva,Jota
519,16,3,Nicolás,Domínguez,Dominguez
520,16,3,Lewis,O'Brien,O'Brien
521,16,3,Ibrahim,Sangaré,Sangaré
522,16,3,Ryan,Yates,Yates
523,16,3,Eric,da Silva Moreira,Da Silva Moreira
524,16,3,Marko,Stamenić,Stamenic
525,16,4,Chris,Wood,Wood
526,16,4,Igor Jesus,Maciel da Cruz,Igor Jesus
527,16,4,Taiwo,Awoniyi,Awoniyi
669,16,3,Dan,Ndoye,Ndoye
675,16,1,Angus,Gunn,Gunn
693,16,3,Omari,Hutchinson,Hutchinson
696,16,4,Arnaud,Kalimuendo,Kalimuendo
715,16,1,John Victor,Maciel Furtado,John
716,16,2,Nicolò,Savona,Savona
729,16,2,Luis Eduardo,Soares da Silva,Cuiabano
734,16,3,Dilane,Bakwa,Bakwa
805,16,4,Lorenzo,Lucca,Lucca
814,16,2,Luca,Netz,Netz
528,17,1,Anthony,Patterson,Patterson
529,17,1,Simon,Moore,Moore
530,17,1,Blondy,Nna Noukeu,Nna Noukeu
531,17,2,Daniel,Ballard,Ballard
532,17,2,Trai,Hume,Hume
533,17,2,Aji,Alese,Alese
534,17,2,Joe,Anderson,Anderson
535,17,2,Dennis,Cirkin,Cirkin
536,17,2,Leo Fuhr,Hjelde,Hjelde
537,17,2,Niall,Huggins,Huggins
538,17,2,Zak,Johnson,Johnson
539,17,2,Luke,O'Nien,O'Nien
540,17,2,Timothée,Pembélé,Pembele
541,17,2,Reinildo,Mandava,Reinildo
542,17,2,Jenson,Seelt,Seelt
543,17,3,Simon,Adingra,Adingra
544,17,3,Habib,Diarra,Diarra
545,17,3,Patrick,Roberts,Roberts
546,17,3,Milan,Aleksić,Aleksić
547,17,3,Enzo,Le Fée,E.Le Fée
548,17,3,Romaine,Mundle,Mundle
549,17,3,Dan,Neil,Neil
550,17,3,Ian,Poveda-Ocampo,Poveda
551,17,3,Chris,Rigg,Rigg
552,17,3,Noah,Sadiki,Sadiki
553,17,3,Chemsdine,Talbi,Talbi
554,17,3,Abdoullah,Ba,Ba
555,17,3,Alan,Browne,Browne
556,17,3,Pierre,Ekwah Elimby,Ekwah
557,17,3,Harrison,Jones,H.Jones
558,17,3,Jay,Matete,Matete
559,17,3,Nectarios,Triantis,Triantis
560,17,4,Wilson,Isidor,Isidor
561,17,4,Eliezer,Mayenda Dossou,Mayenda
562,17,4,Ahmed,Abdullahi,Abdullahi
563,17,4,Luís Hemir,Silva Semedo,Luís Hemir
564,17,4,Nazarii,Rusyn,Rusyn
668,17,3,Granit,Xhaka,Xhaka
670,17,1,Robin,Roefs,Roefs
678,17,2,Arthur,Masuaku,Masuaku
683,17,2,Omar,Alderete,Alderete
694,17,2,Nordi,Mukiele,Mukiele
724,17,2,Lutsharel,Geertruida,Geertruida
730,17,4,Brian,Brobbey,Brobbey
735,17,3,Bertrand,Traoré,Traoré
774,17,2,Jenson,Jones,Jenson Jones
775,17,3,Tymur,Tutierov,Tutierov
800,17,3,Djiamgone Jocelin Ta,Bi,Jocelin.T
812,17,1,Melker,Ellborg,Ellborg
813,17,3,Nilson,Angulo,Angulo
821,17,3,Jack,Whittaker,Whittaker
822,17,3,Jaydon,Jones,Jones
565,18,1,Guglielmo,Vicario,Vicario
566,18,1,Brandon,Austin,Austin
567,18,1,Antonín,Kinský,Kinsky
568,18,2,Pedro,Porro Sauceda,Pedro Porro
569,18,2,Cristian,Romero,Romero
570,18,2,Kevin,Danso,Danso
571,18,2,Ben,Davies,Davies
572,18,2,Radu,Drăgușin,Dragusin
573,18,2,Djed,Spence,Spence
574,18,2,Destiny,Udogie,Udogie
575,18,2,Micky,van de Ven,Van de Ven
576,18,2,Ashley,Phillips,Phillips
577,18,2,Takai,Kōta,Takai
578,18,2,Luka,Vušković,Vuskovic
579,18,3,Son,Heung-min,Son
581,18,3,James,Maddison,Maddison
582,18,3,Mohammed,Kudus,Kudus
583,18,3,Dejan,Kulusevski,Kulusevski
584,18,3,Mathys,Tel,Tel
585,18,3,Rodrigo,Bentancur,Bentancur
586,18,3,Lucas,Bergvall,Bergvall
587,18,3,Yves,Bissouma,Bissouma
588,18,3,Wilson,Odobert,Odobert
589,18,3,Manor,Solomon,Solomon
590,18,3,Bryan,Gil Salvatierra,Bryan
591,18,3,Archie,Gray,Gray
592,18,3,Mikey,Moore,Moore
593,18,3,Pape Matar,Sarr,P.M.Sarr
594,18,3,Yang,Min-hyeok,Min-hyeok
595,18,3,Callum,Olusesi,Olusesi
596,18,4,Dominic,Solanke-Mitchell,Solanke
597,18,4,Richarlison,de Andrade,Richarlison
598,18,4,Will,Lankshear,Lankshear
599,18,4,Dane,Scarlett,Scarlett
673,18,3,João Maria,Lobo Alves Palhares Costa Palhinha Gonçalves,J.Palhinha
717,18,3,Xavi,Simons,Xavi
726,18,4,Randal,Kolo Muani,Kolo Muani
745,18,2,Jun'ai,Byfield,Byfield
750,18,2,James,Rowswell,Rowswell
751,18,3,Yusuf,Akhamrich,Akhamrich
790,18,3,Lucá,Williams-Barnett,Williams-Barnett
796,18,3,Conor,Gallagher,Gallagher
804,18,2,João Victor,de Souza Menezes,Souza
811,18,3,Rio,Kyerematen,Kyerematen
818,18,4,James,Wilson,Wilson
326,19,3,Adama,Traoré Diarra,Adama
600,19,1,Alphonse,Areola,Areola
601,19,1,Wes,Foderingham,Foderingham
602,19,1,Krisztián,Hegyi,Hegyi
603,19,2,El Hadji Malick,Diouf,Diouf
604,19,2,Emerson,Palmieri dos Santos,Emerson
605,19,2,Maximilian,Kilman,Kilman
606,19,2,Konstantinos,Mavropanos,Mavropanos
607,19,2,Nayef,Aguerd,N.Aguerd
608,19,2,Ollie,Scarles,Scarles
609,19,2,Jean-Clair,Todibo,Todibo
610,19,2,Aaron,Wan-Bissaka,Wan-Bissaka
611,19,2,Kaelan,Casey,Casey
612,19,3,Lucas,Tolentino Coelho de Lima,L.Paquetá
613,19,3,Tomáš,Souček,Souček
615,19,3,Crysencio,Summerville,Summerville
616,19,3,Edson,Álvarez Velázquez,Álvarez
617,19,3,Maxwel,Cornet,Cornet
618,19,3,Guido,Rodríguez,G.Rodriguez
619,19,3,Luis Guilherme,Lira dos Santos,L.Guilherme
620,19,3,George,Earthy,Earthy
621,19,3,Andy,Irving,Irving
622,19,3,Lewis,Orford,Orford
623,19,3,Freddie,Potts,Potts
624,19,4,Jarrod,Bowen,Bowen
625,19,4,Niclas,Füllkrug,Füllkrug
626,19,4,Callum,Marshall,Marshall
659,19,2,Kyle,Walker-Peters,Walker-Peters
671,19,4,Callum,Wilson,Wilson
679,19,1,Mads,Hermansen,Hermansen
708,19,3,Mateus Gonçalo,Espanha Fernandes,M.Fernandes
718,19,3,Soungoutou,Magassa,S.Magassa
738,19,1,Lukasz,Fabianski,Fabianski
747,19,2,Ezra,Mayers,Mayers
752,19,2,Airidas,Golambeckis,Golambeckis
758,19,3,Mohamadou,Kanté,Mohamadou Kanté
785,19,4,Pablo Felipe,Pereira de Jesus,Pablo
791,19,4,Valentín,Castellanos,Taty
802,19,3,Keiber,Lamadrid,Lamadrid
815,19,2,Axel,Disasi,Disasi
825,19,1,Finlay,Herrick,Herrick
627,20,1,Sam,Johnstone,Johnstone
628,20,1,José,Malheiro de Sá,José Sá
629,20,1,Daniel,Bentley,Bentley
631,20,2,Emmanuel,Agbadou,Agbadou
632,20,2,Matt,Doherty,Doherty
633,20,2,Hugo,Bueno López,H.Bueno
634,20,2,Yerson,Mosquera Valdelamar,Mosquera
635,20,2,Rodrigo,Martins Gomes,R.Gomes
636,20,2,Santiago,Ignacio Bueno,S.Bueno
637,20,2,Toti,Gomes,Toti
638,20,2,Ki-Jana,Hoever,Hoever
639,20,2,Bastien,Meupiyou Menadjou,Meupiyou
640,20,2,Pedro,Cardoso de Lima,Pedro Lima
641,20,2,Alfie,Pond,Pond
642,20,3,Hwang,Hee-chan,Hee Chan
643,20,3,André,Trindade da Costa Neto,André
644,20,3,Jean-Ricner,Bellegarde,Bellegarde
645,20,3,Fer,López González,Fer López
646,20,3,João Victor,Gomes da Silva,J.Gomes
647,20,3,Gonçalo Manuel,Ganchinho Guedes,Guedes
648,20,3,Marshall,Munetsi,Munetsi
649,20,3,Boubacar,Traoré,B.Traore
650,20,3,Tawanda,Chirewa,Chirewa
651,20,3,Tom,Edozie,Edozie
652,20,3,Enso,González Medina,Gonzalez
653,20,3,Joe,Hodge,Hodge
655,20,4,Fábio,Soares Silva,Fábio Silva
656,20,4,Saša,Kalajdžić,Kalajdžić
657,20,4,Leon,Chiwome,Chiwome
658,20,4,Nathan,Fraser,Fraser
663,20,3,Jhon,Arias,J.Arias
682,20,2,David,Møller Wolfe,Møller Wolfe
695,20,2,Jackson,Tchatchoua,Tchatchoua
709,20,2,Ladislav,Krejcí,Krejčí
720,20,4,Tolu,Arokodare,Tolu
749,20,4,Mateus,Mané,Mané
766,20,2,Saheed,Olagunju,Olagunju
767,20,3,Luke,Rawlings,Rawlings
777,20,3,Temple,Ojinnaka,Ojinnaka
778,20,3,Ethan,Sutherland,Sutherland
809,20,3,Jerome,Abbey,Abbey
816,20,3,Angel,Gomes,Angel
817,20,4,Adam,Armstrong,Armstrong
828,20,1,Alfie,Brooks,Brooks
831,20,1,Josh,Gracey,Gracey
