id,first_name,second_name,web_name,team_name,position,now_cost,total_points,minutes,goals_scored,assists,clean_sheets,form,selected_by_percent,transfers_in,transfers_out,ict_index,influence,creativity,threat,bonus,bps,value_season
1,David,Raya Martín,Raya,Arsenal,GKP,57,40,720,0,0,5,4.7,28.5,1728529,760728,15.0,140.4,10.0,0.0,3,167,7.0
2,Kepa,Arrizabalaga Revuelta,Arrizabalaga,Arsenal,GKP,43,0,0,0,0,0,0.0,0.5,6969,53565,0.0,0.0,0.0,0.0,0,0,0.0
3,Karl,Hein,Hein,Arsenal,GKP,40,0,0,0,0,0,0.0,0.3,5545,35967,0.0,0.0,0.0,0.0,0,0,0.0
4,Tommy,Setford,Setford,Arsenal,GKP,40,0,0,0,0,0,0.0,0.2,14604,13380,0.0,0.0,0.0,0.0,0,0,0.0
5,Gabriel,dos Santos Magalhães,Gabriel,Arsenal,DEF,64,59,720,1,1,5,11.3,33.6,2482199,774529,33.0,234.0,24.7,71.0,8,202,9.2
6,William,Saliba,Saliba,Arsenal,DEF,60,31,499,0,0,4,4.3,12.6,671742,1085034,15.8,125.8,22.0,10.0,1,135,5.2
7,Riccardo,Calafiori,Calafiori,Arsenal,DEF,58,48,614,1,2,5,4.3,14.9,1816672,535647,31.9,118.0,74.4,127.0,3,155,8.3
8,Jurriën,Timber,J.Timber,Arsenal,DEF,60,54,611,2,2,4,6.3,20.9,2400678,462422,55.3,207.8,154.9,189.0,7,205,9.0
9,Jakub,Kiwior,Kiwior,Arsenal,DEF,54,0,0,0,0,0,0.0,0.1,1119,10197,0.0,0.0,0.0,0.0,0,0,0.0
10,Myles,Lewis-Skelly,Lewis-Skelly,Arsenal,DEF,52,4,83,0,0,0,0.7,1.7,43955,330794,1.7,7.6,6.9,4.0,0,13,0.8
11,Benjamin,White,White,Arsenal,DEF,54,6,70,0,0,1,0.0,0.4,29160,85747,2.8,15.4,11.3,1.0,0,23,1.1
13,Brayden,Clarke,Clarke,Arsenal,DEF,39,0,0,0,0,0,0.0,0.5,25777,42763,0.0,0.0,0.0,0.0,0,0,0.0
14,Maldini,Kacurri,Kacurri,Arsenal,DEF,39,0,0,0,0,0,0.0,0.1,10218,17302,0.0,0.0,0.0,0.0,0,0,0.0
15,Josh,Nichols,Nichols,Arsenal,DEF,39,0,0,0,0,0,0.0,0.2,12693,14636,0.0,0.0,0.0,0.0,0,0,0.0
16,Bukayo,Saka,Saka,Arsenal,MID,100,27,436,2,0,3,5.7,14.3,1626445,1756598,46.4,130.0,194.4,140.0,2,101,2.7
17,Martin,Ødegaard,Ødegaard,Arsenal,MID,79,13,201,0,1,1,1.7,1.6,132931,389485,13.0,43.0,65.0,22.0,0,47,1.6
18,Noni,Madueke,Madueke,Arsenal,MID,69,10,304,0,0,2,0.0,0.7,148816,216603,24.6,30.2,111.7,105.0,0,39,1.4
19,Gabriel,Martinelli Silva,Martinelli,Arsenal,MID,69,15,190,1,0,1,1.0,1.2,81398,123046,17.2,50.0,30.3,91.0,1,54,2.2
20,Leandro,Trossard,Trossard,Arsenal,MID,69,22,372,1,1,2,5.0,0.4,22831,27557,28.9,76.6,100.0,113.0,2,78,3.2
21,Declan,Rice,Rice,Arsenal,MID,66,43,632,1,3,4,7.7,11.3,905150,576929,44.1,172.0,225.9,43.0,6,164,6.5
22,Mikel,Merino Zazón,Merino,Arsenal,MID,59,16,270,1,0,2,2.7,0.6,73634,84226,17.9,69.0,44.8,68.0,0,57,2.7
23,Fábio,Ferreira Vieira,Fábio Vieira,Arsenal,MID,54,0,0,0,0,0,0.0,0.0,933,4163,0.0,0.0,0.0,0.0,0,0,0.0
24,Christian,Nørgaard,Nørgaard,Arsenal,MID,53,1,1,0,0,0,0.3,0.2,3427,53411,0.1,1.0,0.0,0.0,0,3,0.2
25,Ethan,Nwaneri,Nwaneri,Arsenal,MID,52,6,145,0,0,1,0.3,0.2,9394,27053,5.0,8.2,22.0,21.0,0,15,1.2
26,Martín,Zubimendi Ibáñez,Zubimendi,Arsenal,MID,55,35,681,2,0,5,2.7,4.1,554066,354327,31.1,152.6,110.8,47.0,3,152,6.4
28,Ismeal,Kabia,Kabia,Arsenal,MID,45,0,0,0,0,0,0.0,0.1,6731,26346,0.0,0.0,0.0,0.0,0,0,0.0
29,Albert,Sambi Lokonga,Sambi,Arsenal,MID,45,0,0,0,0,0,0.0,0.1,2952,12404,0.0,0.0,0.0,0.0,0,0,0.0
30,Kai,Havertz,Havertz,Arsenal,FWD,73,1,30,0,0,0,0.0,0.3,8748,107448,0.6,2.8,0.8,2.0,0,4,0.1
31,Gabriel,Fernando de Jesus,G.Jesus,Arsenal,FWD,64,0,0,0,0,0,0.0,0.0,1026,3484,0.0,0.0,0.0,0.0,0,0,0.0
266,Eberechi,Eze,Eze,Arsenal,MID,76,25,455,0,3,4,3.7,13.8,1379960,1023385,30.6,76.4,83.2,146.0,0,91,3.3
662,Cristhian,Mosquera,Mosquera,Arsenal,DEF,54,12,247,0,0,1,0.3,0.2,22152,22668,6.2,55.2,2.6,4.0,1,57,2.2
666,Viktor,Gyökeres,Gyökeres,Arsenal,FWD,90,28,666,3,0,4,2.0,23.3,2191721,2386092,45.4,121.6,70.1,262.0,2,104,3.1
700,Max,Dowman,Dowman,Arsenal,MID,44,5,27,0,1,0,0.0,0.3,73841,45170,2.8,1.0,0.8,26.0,0,13,1.1
711,Andre,Harriman-Annous,Harriman-Annous,Arsenal,MID,45,0,0,0,0,0,0.0,0.0,983,656,0.0,0.0,0.0,0.0,0,0,0.0
725,Piero,Hincapié,Hincapie,Arsenal,DEF,54,0,0,0,0,0,0.0,0.0,3670,3376,0.0,0.0,0.0,0.0,0,0,0.0
32,Emiliano,Martínez Romero,Martinez,Aston Villa,GKP,50,17,540,0,0,1,2.0,2.0,179860,142300,10.5,102.6,3.0,0.0,0,86,3.4
33,Marco,Bizot,M.Bizot,Aston Villa,GKP,44,7,180,0,0,1,0.0,0.5,75035,87422,2.6,25.4,0.0,0.0,0,22,1.6
34,Joe,Gauci,Gauci,Aston Villa,GKP,40,0,0,0,0,0,0.0,0.1,0,12893,0.0,0.0,0.0,0.0,0,0,0.0
35,Filip,Marschall,Marschall,Aston Villa,GKP,40,0,0,0,0,0,0.0,0.0,0,961,0.0,0.0,0.0,0.0,0,0,0.0
36,Matty,Cash,Cash,Aston Villa,DEF,46,31,696,1,0,2,2.0,5.0,618980,356909,29.4,156.8,102.5,33.0,2,114,6.7
37,Lucas,Digne,Digne,Aston Villa,DEF,45,26,568,0,2,2,3.7,1.8,117389,128302,28.8,109.4,133.1,47.0,0,110,5.8
38,Ezri,Konsa Ngoyo,Konsa,Aston Villa,DEF,45,18,605,0,0,2,2.0,9.5,213095,1350780,16.8,117.8,25.3,25.0,0,101,4.0
39,Ian,Maatsen,Maatsen,Aston Villa,DEF,43,4,150,0,0,0,0.7,0.5,18318,62263,12.6,44.0,67.2,14.0,0,28,0.9
40,Tyrone,Mings,Mings,Aston Villa,DEF,45,23,481,0,0,2,0.3,1.0,120564,131791,18.8,118.2,44.2,25.0,1,83,5.1
41,Pau,Torres,Pau,Aston Villa,DEF,43,10,344,0,0,0,2.3,0.3,13174,33597,9.8,74.8,9.5,13.0,0,50,2.3
42,Andrés,García,A.García,Aston Villa,DEF,39,0,0,0,0,0,0.0,0.3,20838,21309,0.0,0.0,0.0,0.0,0,0,0.0
43,Álex,Moreno Lopera,Alex Moreno,Aston Villa,DEF,40,0,0,0,0,0,0.0,2.7,44476,760265,0.0,0.0,0.0,0.0,0,0,0.0
44,Lamare,Bogarde,Bogarde,Aston Villa,DEF,40,15,282,0,0,1,1.3,0.7,72774,34163,5.7,20.2,32.1,6.0,3,47,3.8
45,Lino,da Cruz Sousa,Sousa,Aston Villa,DEF,40,0,0,0,0,0,0.0,0.3,12507,20098,0.0,0.0,0.0,0.0,0,0,0.0
46,Yasin,Özcan,Yasin,Aston Villa,DEF,40,0,0,0,0,0,0.0,0.2,4656,16062,0.0,0.0,0.0,0.0,0,0,0.0
47,Morgan,Rogers,Rogers,Aston Villa,MID,68,29,711,1,2,2,5.7,5.1,479700,994144,35.5,125.6,122.3,107.0,0,91,4.3
48,Youri,Tielemans,Tielemans,Aston Villa,MID,59,8,315,0,0,1,0.0,0.6,46646,232112,13.8,34.2,74.2,29.0,0,46,1.4
49,Leon,Bailey,Bailey,Aston Villa,MID,55,0,0,0,0,0,0.0,0.1,2168,46858,0.0,0.0,0.0,0.0,0,0,0.0
50,Emiliano,Buendía Stati,Buendía,Aston Villa,MID,53,24,337,2,1,1,6.3,0.2,26201,23351,28.3,114.6,78.7,89.0,4,76,4.5
51,Samuel,Iling-Junior,Iling Jr,Aston Villa,MID,55,0,0,0,0,0,0.0,0.0,1383,3386,0.0,0.0,0.0,0.0,0,0,0.0
53,Donyell,Malen,Malen,Aston Villa,MID,51,24,288,2,0,0,6.0,0.8,60756,180734,20.7,80.4,44.6,89.0,3,65,4.7
54,John,McGinn,McGinn,Aston Villa,MID,54,23,636,1,0,3,3.7,0.7,57855,65477,28.8,101.4,146.4,39.0,0,112,4.3
55,Ross,Barkley,Barkley,Aston Villa,MID,48,2,14,0,0,0,0.7,0.0,987,7398,1.1,2.4,1.6,7.0,0,5,0.4
56,Enzo,Barrenechea,Barrenechea,Aston Villa,MID,50,0,0,0,0,0,0.0,0.0,0,30,0.0,0.0,0.0,0.0,0,0,0.0
57,Lewis,Dobbin,Dobbin,Aston Villa,MID,50,0,0,0,0,0,0.0,0.0,889,5024,0.0,0.0,0.0,0.0,0,0,0.0
58,Boubacar,Kamara,Kamara,Aston Villa,MID,49,17,384,0,2,1,2.7,0.2,14118,21108,20.1,109.4,68.0,24.0,1,96,3.5
59,Amadou,Onana,Onana,Aston Villa,MID,48,11,235,0,0,1,1.7,0.6,61942,189555,8.1,52.8,12.9,16.0,0,43,2.3
60,Ben,Broggio,Broggio,Aston Villa,MID,45,0,0,0,0,0,0.0,0.3,25929,28239,0.0,0.0,0.0,0.0,0,0,0.0
61,Leander,Dendoncker,Dendoncker,Aston Villa,MID,45,0,0,0,0,0,0.0,0.1,2169,29804,0.0,0.0,0.0,0.0,0,0,0.0
62,Jamaldeen,Jimoh-Aloba,Jimoh-Aloba,Aston Villa,MID,45,0,0,0,0,0,0.0,0.1,4663,5050,0.0,0.0,0.0,0.0,0,0,0.0
63,Kadan,Young,Young,Aston Villa,MID,44,0,0,0,0,0,0.0,0.7,50613,59892,0.0,0.0,0.0,0.0,0,0,0.0
64,Ollie,Watkins,Watkins,Aston Villa,FWD,86,21,627,1,0,3,3.7,7.6,504645,2586123,27.1,59.4,65.6,147.0,2,63,2.4
65,Zépiqueno,Redmond,Redmond,Aston Villa,FWD,45,0,0,0,0,0,0.0,0.4,17574,73602,0.0,0.0,0.0,0.0,0,0,0.0
389,Harvey,Elliott,Elliott,Aston Villa,MID,54,4,97,0,0,0,0.3,0.4,88414,70751,4.4,8.6,17.8,18.0,0,13,0.7
456,Jadon,Sancho,Sancho,Aston Villa,MID,59,1,8,0,0,0,0.0,0.2,25529,28815,1.1,0.8,2.8,7.0,0,2,0.2
677,Evann,Guessand,Guessand,Aston Villa,MID,63,11,342,0,0,1,1.7,0.0,3466,7665,12.0,46.0,21.7,52.0,0,32,1.7
688,James,Wright,Wright,Aston Villa,GKP,40,0,0,0,0,0,0.0,0.5,24161,18062,0.0,0.0,0.0,0.0,0,0,0.0
701,Triston,Rowe,Rowe,Aston Villa,DEF,40,0,0,0,0,0,0.0,0.1,8943,8082,0.0,0.0,0.0,0.0,0,0,0.0
702,Bradley,Burrowes,Burrowes,Aston Villa,MID,45,1,16,0,0,0,0.0,0.1,6895,4796,0.0,0.0,0.3,0.0,0,3,0.2
703,Sam,Proctor,Proctor,Aston Villa,GKP,40,0,0,0,0,0,0.0,0.2,18822,8738,0.0,0.0,0.0,0.0,0,0,0.0
710,Travis,Patterson,Patterson,Aston Villa,DEF,39,0,0,0,0,0,0.0,0.1,10555,4254,0.0,0.0,0.0,0.0,0,0,0.0
719,Victor,Lindelöf,Lindelöf,Aston Villa,DEF,45,3,21,0,0,0,0.7,0.0,3268,1682,0.4,3.0,0.4,0.0,0,9,0.7
183,Max,Weiß,Weiss,Burnley,GKP,44,0,0,0,0,0,0.0,0.1,3212,10376,0.0,0.0,0.0,0.0,0,0,0.0
184,Etienne,Green,Green,Burnley,GKP,40,0,0,0,0,0,0.0,0.2,4943,24191,0.0,0.0,0.0,0.0,0,0,0.0
185,Václav,Hladký,Hladký,Burnley,GKP,40,0,0,0,0,0,0.0,0.2,5082,9819,0.0,0.0,0.0,0.0,0,0,0.0
186,Connor,Roberts,Roberts,Burnley,DEF,44,0,0,0,0,0,0.0,0.0,761,7522,0.0,0.0,0.0,0.0,0,0,0.0
187,Kyle,Walker,Walker,Burnley,DEF,44,25,720,0,1,2,4.7,1.6,76547,128954,17.3,127.2,31.4,14.0,3,61,5.7
188,Hannes,Delcroix,Delcroix,Burnley,DEF,39,0,0,0,0,0,0.0,0.3,9933,19208,0.0,0.0,0.0,0.0,0,0,0.0
189,Owen,Dodgson,Dodgson,Burnley,DEF,40,0,0,0,0,0,0.0,0.0,0,2055,0.0,0.0,0.0,0.0,0,0,0.0
190,Hjalmar,Ekdal,Ekdal,Burnley,DEF,40,19,532,0,0,1,0.0,1.3,208146,94968,21.7,130.2,26.4,61.0,1,44,4.8
191,Maxime,Estève,Estève,Burnley,DEF,40,23,712,0,0,2,2.3,13.1,429202,991253,20.7,161.0,14.7,30.0,0,61,5.8
192,Quilindschy,Hartman,Hartman,Burnley,DEF,40,27,717,0,2,2,4.3,0.6,54054,40854,32.3,171.2,123.4,29.0,0,94,6.8
193,Bashir,Humphreys,Humphreys,Burnley,DEF,40,0,2,0,0,0,0.0,0.1,1913,3777,0.0,0.2,0.0,0.0,0,-5,0.0
194,Jordan,Beyer,Jordan,Burnley,DEF,40,0,0,0,0,0,0.0,0.1,911,12389,0.0,0.0,0.0,0.0,0,0,0.0
195,Lucas,Pires Silva,Lucas Pires,Burnley,DEF,39,0,0,0,0,0,0.0,0.2,9040,11376,0.0,0.0,0.0,0.0,0,0,0.0
196,Shurandy,Sambo,Sambo,Burnley,DEF,40,0,0,0,0,0,0.0,0.1,202,8314,0.0,0.0,0.0,0.0,0,0,0.0
197,Oliver,Sonne,Sonne,Burnley,DEF,39,3,102,0,0,0,0.0,0.1,4616,8596,3.0,7.6,16.4,6.0,0,-2,0.8
198,Axel,Tuanzebe,Tuanzebe,Burnley,DEF,39,9,180,0,0,1,3.0,1.8,95090,150357,3.8,36.0,1.2,0.0,0,29,2.3
199,Joe,Worrall,Worrall,Burnley,DEF,39,4,19,0,0,0,0.3,0.2,14307,9488,1.2,11.2,0.3,0.0,0,9,1.0
200,Jaidon,Anthony,Anthony,Burnley,MID,57,43,669,4,1,3,3.0,7.0,1028985,253232,49.5,219.0,102.3,174.0,5,146,7.5
201,Manuel,Benson Hedilazio,Benson,Burnley,MID,54,0,0,0,0,0,0.0,0.0,1070,2773,0.0,0.0,0.0,0.0,0,0,0.0
202,Jacob,Bruun Larsen,Bruun Larsen,Burnley,MID,53,12,292,0,1,1,1.0,0.0,2327,4330,10.2,38.4,33.6,31.0,0,35,2.3
203,Enock,Agyei,Boateng,Burnley,MID,48,0,0,0,0,0,0.0,0.0,1279,4185,0.0,0.0,0.0,0.0,0,0,0.0
204,Darko,Churlinov,Churlinov,Burnley,MID,49,0,0,0,0,0,0.0,0.0,160,1867,0.0,0.0,0.0,0.0,0,0,0.0
205,Josh,Cullen,Cullen,Burnley,MID,50,40,680,1,1,3,4.3,2.5,401631,169274,35.3,199.6,124.6,28.0,5,162,8.0
206,Marcus,Edwards,Edwards,Burnley,MID,48,1,5,0,0,0,0.0,0.1,3393,9119,0.0,0.0,0.0,0.0,0,3,0.2
207,Hannibal,Mejbri,Hannibal,Burnley,MID,49,12,253,0,0,1,0.3,0.1,8860,14155,7.3,20.0,40.7,13.0,0,37,2.4
208,Luca,Koleosho,Koleosho,Burnley,MID,50,0,0,0,0,0,0.0,0.0,68,2852,0.0,0.0,0.0,0.0,0,0,0.0
209,Josh,Laurent,Laurent,Burnley,MID,49,12,461,0,0,0,1.7,0.0,1058,2132,11.0,54.6,21.3,32.0,0,57,2.4
210,Loum,Tchaouna,Tchaouna,Burnley,MID,49,19,341,1,1,1,3.0,0.0,2782,2499,12.6,54.8,30.1,40.0,0,62,3.9
211,Aaron,Ramsey,A.Ramsey,Burnley,MID,44,0,0,0,0,0,0.0,2.5,62789,807766,0.0,0.0,0.0,0.0,0,0,0.0
212,Oluwaseun,Adewumi,Adewumi,Burnley,MID,45,0,0,0,0,0,0.0,0.0,0,2461,0.0,0.0,0.0,0.0,0,0,0.0
213,Jaydon,Banel,Banel,Burnley,MID,45,0,0,0,0,0,0.0,0.0,3748,3854,0.0,0.0,0.0,0.0,0,0,0.0
214,Mike,Trésor Ndayishimiye,Trésor,Burnley,MID,44,0,0,0,0,0,0.0,0.1,6483,7158,0.0,0.0,0.0,0.0,0,0,0.0
215,Zian,Flemming,Flemming,Burnley,FWD,53,6,108,0,0,1,1.0,0.1,7633,16303,3.0,11.6,10.6,9.0,0,16,1.1
216,Zeki,Amdouni,Amdouni,Burnley,FWD,49,0,0,0,0,0,0.0,0.0,770,4751,0.0,0.0,0.0,0.0,0,0,0.0
217,Lyle,Foster,Foster,Burnley,FWD,50,21,565,1,1,2,1.0,2.0,373712,207770,21.2,82.2,66.5,67.0,2,82,4.2
218,Ashley,Barnes,Barnes,Burnley,FWD,44,1,7,0,0,0,0.3,1.4,77915,192181,0.1,0.2,0.3,0.0,0,3,0.2
219,Michael,Obafemi,Obafemi,Burnley,FWD,44,0,0,0,0,0,0.0,0.2,4151,34612,0.0,0.0,0.0,0.0,0,0,0.0
470,Martin,Dúbravka,Dúbravka,Burnley,GKP,40,29,720,0,0,2,4.0,34.4,910194,529743,25.2,250.6,0.0,0.0,2,125,7.2
676,Lesley,Ugochukwu,Ugochukwu,Burnley,MID,50,23,367,2,0,2,6.0,0.1,6742,3842,17.2,105.6,22.9,46.0,3,82,4.6
680,Armando,Broja,Broja,Burnley,FWD,53,3,42,0,0,0,0.7,0.1,9168,22580,1.0,6.2,0.9,2.0,0,7,0.6
722,Florentino Ibrain,Morris Luís,Florentino,Burnley,MID,50,20,387,0,1,1,5.3,0.0,3601,785,16.7,113.6,51.7,1.0,0,76,4.0
66,Norberto,Murara Neto,Neto,Bournemouth,GKP,45,0,0,0,0,0,0.0,0.1,0,14277,0.0,0.0,0.0,0.0,0,0,0.0
67,Đorđe,Petrović,Petrović,Bournemouth,GKP,45,29,720,0,0,3,2.7,5.7,553060,257406,18.7,186.8,0.0,0.0,0,122,6.4
68,Will,Dennis,Dennis,Bournemouth,GKP,40,0,0,0,0,0,0.0,1.0,37863,43564,0.0,0.0,0.0,0.0,0,0,0.0
69,Callan,McKenna,McKenna,Bournemouth,GKP,40,0,0,0,0,0,0.0,0.2,5631,8037,0.0,0.0,0.0,0.0,0,0,0.0
70,Alex,Paulsen,Paulsen,Bournemouth,GKP,40,0,0,0,0,0,0.0,0.1,1107,7830,0.0,0.0,0.0,0.0,0,0,0.0
71,Illia,Zabarnyi,Zabarnyi,Bournemouth,DEF,50,0,0,0,0,0,0.0,0.0,0,7850,0.0,0.0,0.0,0.0,0,0,0.0
72,Marcos,Senesi Barón,Senesi,Bournemouth,DEF,50,48,707,0,2,3,3.7,26.5,3255848,298193,36.9,271.0,68.1,29.0,6,152,9.6
73,Adam,Smith,Smith,Bournemouth,DEF,44,8,204,0,0,1,0.0,0.2,13812,30835,3.6,17.8,14.0,4.0,0,28,1.8
74,Adrien,Truffert,Truffert,Bournemouth,DEF,45,33,720,0,1,3,3.0,2.2,289111,108495,29.4,156.0,121.3,17.0,4,120,7.3
75,Matai,Akinmboni,Akinmboni,Bournemouth,DEF,40,0,0,0,0,0,0.0,0.3,9414,18416,0.0,0.0,0.0,0.0,0,0,0.0
76,Owen,Bevan,Bevan,Bournemouth,DEF,39,0,0,0,0,0,0.0,0.2,5925,9980,0.0,0.0,0.0,0.0,0,0,0.0
77,James,Hill,Hill,Bournemouth,DEF,40,17,273,0,0,2,2.3,0.9,80790,62313,9.1,44.0,5.3,41.0,0,61,4.2
78,Julián,Araujo Zúñiga,J.Araujo,Bournemouth,DEF,39,0,0,0,0,0,0.0,0.7,23000,81097,0.0,0.0,0.0,0.0,0,0,0.0
79,Chris,Mepham,Mepham,Bournemouth,DEF,40,0,0,0,0,0,0.0,0.1,1400,13816,0.0,0.0,0.0,0.0,0,0,0.0
80,Julio,Soler Barreto,Soler,Bournemouth,DEF,40,1,1,0,0,0,0.0,0.2,7986,17320,0.0,0.0,0.0,0.0,0,2,0.2
81,Justin,Kluivert,Kluivert,Bournemouth,MID,70,14,234,1,0,0,3.3,1.1,109061,101166,18.6,62.0,85.4,39.0,1,51,2.0
82,Antoine,Semenyo,Semenyo,Bournemouth,MID,80,70,720,6,4,3,9.7,63.5,6929617,544686,68.7,311.6,135.4,239.0,9,197,8.8
84,Marcus,Tavernier,Tavernier,Bournemouth,MID,55,32,586,1,1,4,3.0,1.2,258019,184225,36.2,120.6,133.4,107.0,3,90,5.8
85,Tyler,Adams,Adams,Bournemouth,MID,50,21,694,0,0,3,2.3,0.4,38729,35468,21.8,125.0,37.5,55.0,0,123,4.2
86,David,Brooks,Brooks,Bournemouth,MID,50,18,454,0,1,3,1.0,0.3,56276,49785,28.8,66.8,121.1,104.0,1,82,3.6
87,Ryan,Christie,Christie,Bournemouth,MID,50,13,172,1,1,0,3.3,0.1,4500,8035,14.0,60.4,28.0,51.0,0,46,2.6
88,Lewis,Cook,Cook,Bournemouth,MID,49,2,5,0,0,0,0.3,0.0,2009,2036,0.6,5.2,0.4,0.0,0,7,0.4
89,Philip,Billing,Philip,Bournemouth,MID,49,0,0,0,0,0,0.0,0.0,598,6161,0.0,0.0,0.0,0.0,0,0,0.0
90,Alex,Scott,Scott,Bournemouth,MID,50,26,514,1,0,3,2.3,0.3,49398,25081,22.5,100.8,93.6,31.0,2,108,5.2
91,Luis,Sinisterra Lucumí,Sinisterra,Bournemouth,MID,50,0,0,0,0,0,0.0,0.0,396,3664,0.0,0.0,0.0,0.0,0,0,0.0
92,Romain,Faivre,Faivre,Bournemouth,MID,45,0,0,0,0,0,0.0,0.1,3740,16381,0.0,0.0,0.0,0.0,0,0,0.0
93,Hamed,Traorè,H.Traorè,Bournemouth,MID,45,4,16,0,1,0,0.0,0.4,114900,145598,3.1,21.2,10.0,0.0,0,12,0.9
94,Dominic,Sadi,Sadi,Bournemouth,MID,45,0,0,0,0,0,0.0,0.0,3895,6609,0.0,0.0,0.0,0.0,0,0,0.0
95,Zain,Silcott-Duberry,Silcott-Duberry,Bournemouth,MID,44,0,0,0,0,0,0.0,0.1,15405,16195,0.0,0.0,0.0,0.0,0,0,0.0
96,Ben,Winterburn,Winterburn,Bournemouth,MID,45,1,6,0,0,0,0.0,0.0,2964,8665,0.0,0.0,0.0,0.0,0,3,0.2
97,Francisco Evanilson,de Lima Barbosa,Evanilson,Bournemouth,FWD,70,22,617,1,1,3,1.3,2.3,482141,464335,33.8,59.0,107.2,173.0,2,89,3.1
98,Enes,Ünal,Enes Ünal,Bournemouth,FWD,54,0,0,0,0,0,0.0,0.0,577,1127,0.0,0.0,0.0,0.0,0,0,0.0
99,Daniel,Adu-Adjei,Adu-Adjei,Bournemouth,FWD,44,0,0,0,0,0,0.0,0.2,22144,35499,0.0,0.0,0.0,0.0,0,0,0.0
100,Eli Junior,Kroupi,Kroupi.Jr,Bournemouth,FWD,45,21,95,3,0,0,6.0,2.4,323942,178643,20.3,105.6,3.2,94.0,4,95,4.7
391,Ben,Gannon-Doak,Gannon-Doak,Bournemouth,MID,49,6,43,0,1,0,2.0,0.0,4130,5517,4.2,20.2,12.5,9.0,0,20,1.2
685,Bafodé,Diakité,Diakité,Bournemouth,DEF,45,29,630,0,0,3,2.7,0.5,75845,45274,19.4,142.8,37.8,12.0,2,104,6.4
687,Remy,Rees-Dottin,Rees-Dottin,Bournemouth,MID,44,0,0,0,0,0,0.0,0.1,10341,9366,0.0,0.0,0.0,0.0,0,0,0.0
697,Amine,Adli,Adli,Bournemouth,MID,55,6,162,0,0,0,0.7,0.0,4221,3456,13.7,52.8,50.3,34.0,0,36,1.1
713,Álex,Jiménez Sánchez,A.Jimenez,Bournemouth,DEF,45,2,223,0,0,0,0.7,0.0,1983,1015,6.9,33.6,20.4,15.0,0,10,0.4
721,Veljko,Milosavljevic,Milosavljević,Bournemouth,DEF,45,5,95,0,0,0,0.3,0.0,4133,2154,4.1,23.8,11.3,6.0,0,18,1.1
27,Reiss,Nelson,Nelson,Brentford,MID,48,0,0,0,0,0,0.0,0.1,6992,12684,0.0,0.0,0.0,0.0,0,0,0.0
83,Dango,Ouattara,O.Dango,Brentford,MID,60,22,386,1,0,2,1.7,0.4,171297,146875,26.7,70.2,48.9,152.0,3,52,3.7
101,Caoimhín,Kelleher,Kelleher,Brentford,GKP,45,27,720,0,0,2,5.7,8.0,246365,503231,18.3,172.6,10.0,0.0,0,104,6.0
102,Ellery,Balcombe,Balcombe,Brentford,GKP,40,0,0,0,0,0,0.0,0.3,9054,13179,0.0,0.0,0.0,0.0,0,0,0.0
103,Matthew,Cox,Cox,Brentford,GKP,40,0,0,0,0,0,0.0,0.1,3625,5785,0.0,0.0,0.0,0.0,0,0,0.0
104,Julian,Eyestone,Eyestone,Brentford,GKP,40,0,0,0,0,0,0.0,0.1,1317,3089,0.0,0.0,0.0,0.0,0,0,0.0
105,Hákon Rafn,Valdimarsson,Valdimarsson,Brentford,GKP,39,0,0,0,0,0,0.0,0.6,8837,39195,0.0,0.0,0.0,0.0,0,0,0.0
106,Nathan,Collins,Collins,Brentford,DEF,49,27,720,0,0,2,4.0,1.2,51119,108358,26.9,165.2,23.8,79.0,2,87,5.5
107,Keane,Lewis-Potter,Lewis-Potter,Brentford,DEF,49,20,412,0,1,2,1.7,0.3,17965,29802,10.2,49.4,36.0,16.0,0,53,4.1
108,Kristoffer,Ajer,Ajer,Brentford,DEF,44,14,208,0,1,1,2.7,0.2,6761,12126,10.9,55.2,12.6,40.0,0,53,3.2
109,Rico,Henry,Henry,Brentford,DEF,44,4,168,0,0,0,0.3,0.1,4015,10307,3.9,16.4,12.4,12.0,0,4,0.9
110,Michael,Kayode,Kayode,Brentford,DEF,45,28,706,0,0,2,4.3,0.3,47683,34889,30.6,144.8,146.1,14.0,5,97,6.2
111,Ethan,Pinnock,Pinnock,Brentford,DEF,44,0,155,0,0,0,0.0,0.1,4846,16414,4.3,31.8,0.8,10.0,0,1,0.0
112,Mads,Roerslev Rasmussen,Roerslev,Brentford,DEF,45,0,0,0,0,0,0.0,0.0,211,3612,0.0,0.0,0.0,0.0,0,0,0.0
113,Sepp,van den Berg,Van den Berg,Brentford,DEF,45,26,720,0,0,2,3.3,0.6,67567,54989,26.4,149.6,14.2,100.0,0,95,5.8
114,Benjamin,Arthur,Arthur,Brentford,DEF,39,0,0,0,0,0,0.0,0.2,7869,17124,0.0,0.0,0.0,0.0,0,0,0.0
115,Benjamin,Fredrick,Fredrick,Brentford,DEF,40,0,0,0,0,0,0.0,0.1,2020,10954,0.0,0.0,0.0,0.0,0,0,0.0
116,Aaron,Hickey,Hickey,Brentford,DEF,40,6,184,0,0,0,1.3,0.4,14151,26656,1.7,12.2,3.6,1.0,0,16,1.5
117,Kim,Ji-soo,Ji-soo,Brentford,DEF,39,0,0,0,0,0,0.0,0.1,4108,11637,0.0,0.0,0.0,0.0,0,0,0.0
118,Jayden,Meghoma,Meghoma,Brentford,DEF,40,0,0,0,0,0,0.0,0.1,279,9473,0.0,0.0,0.0,0.0,0,0,0.0
120,Kevin,Schade,Schade,Brentford,MID,70,24,662,1,2,2,3.7,0.5,68539,51366,37.6,110.8,86.1,178.0,0,81,3.4
121,Mikkel,Damsgaard,Damsgaard,Brentford,MID,58,22,487,1,0,2,2.3,0.6,38150,87399,35.9,115.2,179.8,63.0,1,92,3.8
122,Antoni,Milambo,Milambo,Brentford,MID,53,1,45,0,0,0,0.0,0.0,1705,5476,0.6,4.0,1.8,0.0,0,5,0.2
123,Fábio,Freitas Gouveia Carvalho,Carvalho,Brentford,MID,49,12,96,1,0,0,0.3,0.2,25667,34751,8.0,38.8,6.2,36.0,1,39,2.4
124,Jordan,Henderson,Henderson,Brentford,MID,50,24,564,0,2,3,3.0,0.4,42550,29642,19.5,87.8,101.0,7.0,2,103,4.8
125,Vitaly,Janelt,Janelt,Brentford,MID,49,4,56,0,0,0,1.0,0.0,569,1500,2.4,5.2,16.1,4.0,0,10,0.8
126,Mathias,Jensen,Jensen,Brentford,MID,49,18,175,2,0,0,4.3,0.1,4182,6841,17.9,93.8,48.7,36.0,0,80,3.7
127,Gustavo,Nunes Fernandes Gomes,Nunes,Brentford,MID,49,0,0,0,0,0,0.0,0.0,217,846,0.0,0.0,0.0,0.0,0,0,0.0
128,Frank,Onyeka,Onyeka,Brentford,MID,49,11,87,0,2,0,0.7,0.1,4357,5676,4.5,27.4,13.6,4.0,0,38,2.2
129,Yehor,Yarmoliuk,Yarmoliuk,Brentford,MID,50,26,690,0,1,2,4.0,0.1,8585,6241,24.3,121.8,97.6,24.0,0,113,5.2
130,Romelle,Donovan,Donovan,Brentford,MID,45,0,0,0,0,0,0.0,0.1,7596,9594,0.0,0.0,0.0,0.0,0,0,0.0
131,Yunus Emre,Konak,Konak,Brentford,MID,44,0,0,0,0,0,0.0,0.2,20957,19243,0.0,0.0,0.0,0.0,0,0,0.0
132,Paris,Maghoma,Maghoma,Brentford,MID,45,0,0,0,0,0,0.0,0.0,259,2114,0.0,0.0,0.0,0.0,0,0,0.0
133,Myles,Peart-Harris,Peart-Harris,Brentford,MID,44,0,0,0,0,0,0.0,0.0,2214,3356,0.0,0.0,0.0,0.0,0,0,0.0
134,Ryan,Trevitt,Trevitt,Brentford,MID,45,0,0,0,0,0,0.0,0.0,0,823,0.0,0.0,0.0,0.0,0,0,0.0
136,Igor Thiago,Nascimento Rodrigues,Thiago,Brentford,FWD,61,40,651,5,0,2,7.7,4.2,607155,247208,52.4,220.6,75.6,227.0,6,164,6.6
137,Iwan,Morgan,Morgan,Brentford,FWD,44,0,0,0,0,0,0.0,0.4,35403,44528,0.0,0.0,0.0,0.0,0,0,0.0
138,Jason,Steele,Steele,Brighton,GKP,43,0,0,0,0,0,0.0,0.3,5281,26838,0.0,0.0,0.0,0.0,0,0,0.0
139,Bart,Verbruggen,Verbruggen,Brighton,GKP,44,13,720,0,0,0,1.7,4.2,100245,430714,15.1,141.6,10.0,0.0,0,78,3.0
140,Tom,McGill,McGill,Brighton,GKP,40,0,0,0,0,0,0.0,0.3,9679,15600,0.0,0.0,0.0,0.0,0,0,0.0
141,Carl,Rushworth,Rushworth,Brighton,GKP,40,0,0,0,0,0,0.0,0.0,0,190,0.0,0.0,0.0,0.0,0,0,0.0
142,Kjell,Scherpen,Scherpen,Brighton,GKP,40,0,0,0,0,0,0.0,0.0,0,165,0.0,0.0,0.0,0.0,0,0,0.0
143,Olivier,Boscagli,Boscagli,Brighton,DEF,43,0,0,0,0,0,0.0,0.1,2271,8150,0.0,0.0,0.0,0.0,0,0,0.0
144,Diego,Coppola,Coppola,Brighton,DEF,43,3,17,0,0,0,0.3,0.1,1205,4818,0.8,7.8,0.1,0.0,0,6,0.7
145,Maxim,De Cuyper,De Cuyper,Brighton,DEF,44,15,348,1,0,0,3.3,2.2,64378,466371,20.8,78.0,59.5,69.0,1,57,3.4
146,Lewis,Dunk,Dunk,Brighton,DEF,45,17,720,0,1,0,1.3,1.1,59017,78198,18.2,122.8,19.9,38.0,0,86,3.8
147,Pervis,Estupiñán Tenorio,Estupiñan,Brighton,DEF,45,0,0,0,0,0,0.0,0.0,0,1860,0.0,0.0,0.0,0.0,0,0,0.0
148,Ferdi,Kadıoğlu,F.Kadıoğlu,Brighton,DEF,44,11,464,0,0,0,2.0,0.1,7533,14472,16.9,80.6,56.9,31.0,0,45,2.5
150,Tariq,Lamptey,Lamptey,Brighton,DEF,44,0,0,0,0,0,0.0,0.1,2778,34810,0.0,0.0,0.0,0.0,0,0,0.0
151,Jan Paul,van Hecke,Van Hecke,Brighton,DEF,44,26,720,1,0,0,6.0,1.0,57708,69205,31.0,229.0,13.9,66.0,3,91,5.9
152,Joël,Veltman,Veltman,Brighton,DEF,44,7,324,0,0,0,0.0,0.1,7058,19897,9.5,68.2,19.9,6.0,0,28,1.6
153,Adam,Webster,Webster,Brighton,DEF,44,0,0,0,0,0,0.0,0.0,353,1134,0.0,0.0,0.0,0.0,0,0,0.0
154,Eiran,Cashin,Cashin,Brighton,DEF,40,0,0,0,0,0,0.0,0.0,0,641,0.0,0.0,0.0,0.0,0,0,0.0
155,Jacob,Slater,Slater,Brighton,DEF,40,0,0,0,0,0,0.0,0.1,3175,12852,0.0,0.0,0.0,0.0,0,0,0.0
156,Charlie,Tasker,Tasker,Brighton,DEF,39,0,0,0,0,0,0.0,0.1,4589,8900,0.0,0.0,0.0,0.0,0,0,0.0
157,Mitoma,Kaoru,Mitoma,Brighton,MID,63,20,508,1,1,1,0.7,3.0,159930,606626,26.9,88.4,95.8,88.0,0,64,3.2
158,Georginio,Rutter,Georginio,Brighton,MID,57,23,436,0,3,2,3.3,0.4,39979,151075,26.8,90.8,88.7,88.0,1,77,4.0
159,Solly,March,March,Brighton,MID,58,0,0,0,0,0,0.0,0.0,311,2083,0.0,0.0,0.0,0.0,0,0,0.0
160,Yankuba,Minteh,Minteh,Brighton,MID,60,33,682,1,2,1,3.0,3.6,487228,201466,55.1,160.0,186.9,203.0,3,146,5.5
161,Julio,Enciso Espínola,Enciso,Brighton,MID,54,0,0,0,0,0,0.0,0.0,105,2808,0.0,0.0,0.0,0.0,0,0,0.0
162,Brajan,Gruda,Gruda,Brighton,MID,54,19,218,1,1,0,2.0,0.1,11655,11385,22.4,74.0,56.3,94.0,2,56,3.5
163,Jack,Hinshelwood,Hinshelwood,Brighton,MID,52,4,107,0,0,0,0.0,0.0,1054,9953,1.2,9.4,2.0,0.0,0,22,0.8
164,Matt,O'Riley,O'Riley,Brighton,MID,55,12,177,1,0,1,0.0,0.4,130744,190069,19.0,60.8,66.6,63.0,2,36,2.2
165,Abdallah,Sima,Sima,Brighton,MID,54,0,0,0,0,0,0.0,0.0,247,2044,0.0,0.0,0.0,0.0,0,0,0.0
166,Yasin,Ayari,Ayari,Brighton,MID,49,22,632,1,0,0,2.0,0.3,41431,26911,29.9,115.0,125.4,58.0,2,128,4.5
167,Carlos,Baleba,Baleba,Brighton,MID,48,11,422,0,0,2,1.7,2.2,101328,368878,6.8,22.4,37.8,7.0,0,47,2.3
169,Diego,Gómez Amarilla,Gomez,Brighton,MID,49,8,344,0,0,0,1.7,0.1,10333,8353,12.7,44.2,42.4,39.0,0,50,1.6
170,James,Milner,Milner,Brighton,MID,50,11,156,1,0,0,0.7,0.1,13382,13256,10.9,55.2,37.0,17.0,0,42,2.2
171,Jeremy,Sarmiento Morante,Sarmiento,Brighton,MID,49,0,0,0,0,0,0.0,0.0,196,2689,0.0,0.0,0.0,0.0,0,0,0.0
172,Tom,Watson,Watson,Brighton,MID,49,0,0,0,0,0,0.0,0.0,879,2036,0.0,0.0,0.0,0.0,0,0,0.0
173,Mats,Wieffer,Wieffer,Brighton,MID,49,19,373,0,2,0,3.7,0.1,4224,5967,18.5,96.4,47.1,41.0,0,77,3.9
174,Malick,Yalcouyé,Yalcouye,Brighton,MID,50,0,0,0,0,0,0.0,0.0,0,1202,0.0,0.0,0.0,0.0,0,0,0.0
175,Joe,Knight,Knight,Brighton,MID,45,0,0,0,0,0,0.0,0.1,6167,7390,0.0,0.0,0.0,0.0,0,0,0.0
176,Adrian,Mazilu,Mazilu,Brighton,MID,45,0,0,0,0,0,0.0,0.0,1435,3744,0.0,0.0,0.0,0.0,0,0,0.0
177,Andrew,Moran,Moran,Brighton,MID,45,0,0,0,0,0,0.0,0.0,490,4560,0.0,0.0,0.0,0.0,0,0,0.0
178,Danny,Welbeck,Welbeck,Brighton,FWD,63,31,454,4,0,0,8.3,3.1,280538,424828,35.0,148.0,71.0,134.0,6,125,4.9
179,Evan,Ferguson,Ferguson,Brighton,FWD,55,0,0,0,0,0,0.0,0.0,0,1487,0.0,0.0,0.0,0.0,0,0,0.0
180,Stefanos,Tzimas,Tzimas,Brighton,FWD,53,7,67,0,1,0,2.0,0.1,8536,13561,7.1,25.0,30.6,15.0,0,19,1.3
181,Charalampos,Kostoulas,Kostoulas,Brighton,FWD,48,1,1,0,0,0,0.3,0.3,19228,40572,0.1,1.0,0.1,0.0,0,3,0.2
744,Nehemiah,Oriola,Oriola,Brighton,MID,45,0,0,0,0,0,0.0,0.0,114,11,0.0,0.0,0.0,0.0,0,0,0.0
168,Facundo,Buonanotte,Buonanotte,Chelsea,MID,48,1,45,0,0,0,0.0,0.1,7415,19390,3.9,5.6,25.1,8.0,0,4,0.2
220,Robert,Lynch Sánchez,Sánchez,Chelsea,GKP,49,24,634,0,0,3,2.7,14.3,544117,1665688,14.2,123.2,20.0,0.0,1,93,4.9
221,Filip,Jörgensen,Jörgensen,Chelsea,GKP,44,1,84,0,0,0,0.0,0.2,9255,16367,0.9,9.4,0.0,0.0,0,4,0.2
222,Mike,Penders,Penders,Chelsea,GKP,40,0,0,0,0,0,0.0,0.0,0,290,0.0,0.0,0.0,0.0,0,0,0.0
223,Gabriel,Słonina,Slonina,Chelsea,GKP,39,0,0,0,0,0,0.0,0.1,3741,6094,0.0,0.0,0.0,0.0,0,0,0.0
224,Marc,Cucurella Saseta,Cucurella,Chelsea,DEF,61,35,626,0,2,3,5.0,22.3,1570652,1431635,35.6,156.8,150.7,49.0,4,155,5.7
225,Reece,James,James,Chelsea,DEF,54,37,513,1,3,2,8.3,5.6,386931,431160,38.2,162.0,167.7,52.0,3,144,6.9
226,Trevoh,Chalobah,Chalobah,Chelsea,DEF,51,41,570,2,1,3,1.0,7.7,1368293,749138,31.7,195.4,46.1,76.0,2,148,8.0
227,Levi,Samuels Colwill,Colwill,Chelsea,DEF,48,0,0,0,0,0,0.0,0.1,621,28473,0.0,0.0,0.0,0.0,0,0,0.0
228,Malo,Gusto,Gusto,Chelsea,DEF,49,18,398,0,1,2,2.7,1.1,60096,141688,14.0,52.6,66.5,22.0,0,67,3.7
229,Benoît,Badiashile Mukinayi,B.Badiashile,Chelsea,DEF,44,0,65,0,0,0,0.0,0.0,1923,2521,1.8,16.0,1.7,0.0,0,3,0.0
230,Wesley,Fofana,Fofana,Chelsea,DEF,44,3,129,0,0,0,0.0,0.2,9212,21576,3.2,27.2,4.3,0.0,0,18,0.7
231,Mamadou,Sarr,M.Sarr,Chelsea,DEF,45,0,0,0,0,0,0.0,0.0,0,1835,0.0,0.0,0.0,0.0,0,0,0.0
232,Tosin,Adarabioyo,Tosin,Chelsea,DEF,44,12,362,0,0,1,0.3,0.5,86875,170035,11.7,99.2,6.4,11.0,0,56,2.7
233,Josh,Acheampong,Acheampong,Chelsea,DEF,39,25,273,1,0,2,5.3,1.5,316789,243114,12.9,64.8,3.5,60.0,5,78,6.4
234,Aarón,Anselmino,Anselmino,Chelsea,DEF,40,0,0,0,0,0,0.0,0.1,1030,8886,0.0,0.0,0.0,0.0,0,0,0.0
235,Cole,Palmer,Palmer,Chelsea,MID,103,11,144,1,0,1,0.0,10.1,683203,6202202,12.9,44.4,19.2,65.0,1,36,1.1
236,Pedro,Lomba Neto,Neto,Chelsea,MID,70,32,585,2,1,3,5.3,4.5,523687,511166,45.6,144.2,202.4,109.0,1,137,4.6
237,Enzo,Fernández,Enzo,Chelsea,MID,67,41,618,3,2,2,3.7,13.5,1976004,995339,48.9,188.4,140.8,159.0,3,147,6.1
238,Estêvão,Almeida de Oliveira Gonçalves,Estêvão,Chelsea,MID,65,23,274,1,2,2,4.7,2.4,319673,270605,31.4,95.6,74.7,143.0,2,79,3.5
239,Jamie,Bynoe-Gittens,Gittens,Chelsea,MID,62,6,203,0,0,0,0.7,0.1,7152,29187,11.4,26.4,42.1,45.0,0,20,1.0
240,Christopher,Nkunku,Nkunku,Chelsea,MID,59,0,0,0,0,0,0.0,0.1,2668,22741,0.0,0.0,0.0,0.0,0,0,0.0
241,Moisés,Caicedo Corozo,Caicedo,Chelsea,MID,59,46,675,3,0,2,4.3,16.7,1784533,580312,36.4,254.0,60.0,51.0,7,192,7.8
243,Tyrique,George,George,Chelsea,MID,49,3,137,0,0,1,0.0,0.1,3795,5428,6.7,8.2,7.0,52.0,0,-2,0.6
244,Roméo,Lavia,Lavia,Chelsea,MID,49,3,91,0,0,0,1.0,0.0,1793,2362,1.6,9.6,7.1,0.0,0,20,0.6
245,Mykhailo,Mudryk,Mudryk,Chelsea,MID,50,0,0,0,0,0,0.0,0.0,476,806,0.0,0.0,0.0,0.0,0,0,0.0
246,Andrey,Nascimento dos Santos,Andrey Santos,Chelsea,MID,45,6,215,0,0,0,0.7,0.3,37216,41233,11.2,25.4,44.0,42.0,0,28,1.3
247,Dário,Luís Essugo,D.Essugo,Chelsea,MID,43,0,0,0,0,0,0.0,0.0,3696,6146,0.0,0.0,0.0,0.0,0,0,0.0
248,Kendry,Páez Andrade,Paez,Chelsea,MID,45,0,0,0,0,0,0.0,0.0,0,875,0.0,0.0,0.0,0.0,0,0,0.0
249,João Pedro,Junqueira de Jesus,João Pedro,Chelsea,FWD,75,41,673,2,3,3,2.0,58.6,3095498,2533373,44.4,168.4,142.8,138.0,8,160,5.5
250,Liam,Delap,Delap,Chelsea,FWD,62,4,91,0,0,0,0.0,0.9,38860,389192,5.0,8.0,3.5,43.0,0,12,0.6
251,Nicolas,Jackson,N.Jackson,Chelsea,FWD,65,0,0,0,0,0,0.0,0.1,4962,14477,0.0,0.0,0.0,0.0,0,0,0.0
252,Marc,Guiu Paz,Marc Guiu,Chelsea,FWD,43,4,74,0,0,0,0.7,7.2,471350,1791245,1.6,1.0,2.9,22.0,0,0,0.9
453,Alejandro,Garnacho Ferreyra,Garnacho,Chelsea,MID,64,4,130,0,0,0,1.0,0.4,42189,36716,4.1,6.0,17.4,17.0,0,20,0.6
672,Jorrel,Hato,Hato,Chelsea,DEF,48,3,166,0,0,0,1.0,0.2,8090,28698,3.2,24.0,3.3,6.0,0,5,0.6
743,Landon,Emenalo,Emenalo,Chelsea,MID,45,0,0,0,0,0,0.0,0.0,361,84,0.0,0.0,0.0,0.0,0,0,0.0
253,Dean,Henderson,Henderson,Crystal Palace,GKP,50,28,720,0,0,3,2.0,7.7,394406,328069,16.8,160.0,10.0,0.0,0,127,5.6
254,Walter,Benítez,Benitez,Crystal Palace,GKP,40,0,0,0,0,0,0.0,0.3,7164,18972,0.0,0.0,0.0,0.0,0,0,0.0
255,Remi,Matthews,Matthews,Crystal Palace,GKP,40,0,0,0,0,0,0.0,0.1,2557,4533,0.0,0.0,0.0,0.0,0,0,0.0
256,Daniel,Muñoz Mejía,Muñoz,Crystal Palace,DEF,56,46,720,1,3,3,6.7,13.2,1216592,650447,45.6,196.6,100.3,160.0,2,160,8.2
257,Maxence,Lacroix,Lacroix,Crystal Palace,DEF,51,38,720,0,1,3,2.7,3.9,560478,276736,25.7,181.4,30.9,45.0,2,137,7.5
258,Tyrick,Mitchell,Mitchell,Crystal Palace,DEF,50,36,720,1,0,3,2.0,2.4,227549,117976,39.3,189.4,127.8,75.0,2,145,7.2
259,Borna,Sosa,Sosa,Crystal Palace,DEF,49,0,0,0,0,0,0.0,0.1,4876,10589,0.0,0.0,0.0,0.0,0,0,0.0
260,Marc,Guéhi,Guéhi,Crystal Palace,DEF,49,50,720,1,3,3,4.7,31.9,2804787,538015,36.5,196.2,76.5,92.0,3,171,10.2
261,Chris,Richards,Richards,Crystal Palace,DEF,45,36,720,0,0,3,3.3,3.3,421895,197483,28.2,201.4,47.2,32.0,0,137,8.0
262,Chadi,Riad Dnanou,Chadi Riad,Crystal Palace,DEF,40,0,0,0,0,0,0.0,0.0,367,700,0.0,0.0,0.0,0.0,0,0,0.0
263,Nathaniel,Clyne,Clyne,Crystal Palace,DEF,39,1,4,0,0,0,0.0,0.5,15443,36459,0.4,3.4,0.5,0.0,0,5,0.3
264,Rob,Holding,Holding,Crystal Palace,DEF,40,0,0,0,0,0,0.0,0.0,0,3356,0.0,0.0,0.0,0.0,0,0,0.0
265,Caleb,Kporha,Kporha,Crystal Palace,DEF,40,0,0,0,0,0,0.0,0.0,321,1693,0.0,0.0,0.0,0.0,0,0,0.0
267,Ismaïla,Sarr,Sarr,Crystal Palace,MID,65,38,522,3,1,3,6.7,8.4,1263297,825880,37.3,159.0,77.6,135.0,6,114,5.8
268,Cheick,Doucouré,Doucouré,Crystal Palace,MID,49,0,0,0,0,0,0.0,0.0,225,440,0.0,0.0,0.0,0.0,0,0,0.0
269,Romain,Esse,Esse,Crystal Palace,MID,48,1,24,0,0,0,0.0,0.1,7832,20073,0.7,4.6,0.4,2.0,0,6,0.2
270,Will,Hughes,Hughes,Crystal Palace,MID,49,11,411,0,0,3,0.3,0.1,9837,12956,14.5,52.4,74.4,18.0,0,44,2.2
271,Daichi,Kamada,Kamada,Crystal Palace,MID,50,22,526,0,2,2,3.7,0.2,30320,18099,20.8,68.0,100.0,40.0,0,109,4.4
272,Jefferson,Lerma Solís,Lerma,Crystal Palace,MID,49,8,179,0,0,1,0.7,0.1,2336,4960,8.6,23.8,19.3,43.0,0,27,1.6
273,Adam,Wharton,Wharton,Crystal Palace,MID,50,21,541,0,1,2,2.7,0.5,43164,54206,28.8,75.4,201.0,13.0,2,116,4.2
274,Asher,Agbinone,Agbinone,Crystal Palace,MID,44,0,0,0,0,0,0.0,0.1,2675,4409,0.0,0.0,0.0,0.0,0,0,0.0
275,Naouirou,Ahamada,Ahamada,Crystal Palace,MID,44,0,0,0,0,0,0.0,0.0,3390,3810,0.0,0.0,0.0,0.0,0,0,0.0
276,Justin,Devenny,Devenny,Crystal Palace,MID,44,8,145,0,0,0,0.7,1.2,84393,136557,12.1,16.2,31.4,73.0,0,30,1.8
277,Malcolm,Ebiowei,Ebiowei,Crystal Palace,MID,45,0,0,0,0,0,0.0,0.0,0,671,0.0,0.0,0.0,0.0,0,0,0.0
278,Jesurun,Rak-Sakyi,J.Rak-Sakyi,Crystal Palace,MID,44,0,0,0,0,0,0.0,0.0,4176,7449,0.0,0.0,0.0,0.0,0,0,0.0
279,Matheus,França de Oliveira,M.França,Crystal Palace,MID,45,0,0,0,0,0,0.0,0.0,95,1461,0.0,0.0,0.0,0.0,0,0,0.0
280,David,Ozoh,Ozoh,Crystal Palace,MID,45,0,0,0,0,0,0.0,0.0,0,165,0.0,0.0,0.0,0.0,0,0,0.0
281,Kaden,Rodney,Rodney,Crystal Palace,MID,45,0,0,0,0,0,0.0,0.0,2386,3332,0.0,0.0,0.0,0.0,0,0,0.0
282,Franco,Umeh-Chibueze,Umeh,Crystal Palace,MID,45,0,0,0,0,0,0.0,0.0,860,2468,0.0,0.0,0.0,0.0,0,0,0.0
283,Jean-Philippe,Mateta,Mateta,Crystal Palace,FWD,76,37,690,5,0,4,7.0,12.3,1574245,1184365,61.3,220.4,36.1,356.0,3,139,4.9
284,Eddie,Nketiah,Nketiah,Crystal Palace,FWD,54,7,76,1,0,0,2.0,0.5,53128,42691,11.1,37.6,34.1,39.0,0,33,1.3
285,Odsonne,Édouard,Édouard,Crystal Palace,FWD,50,1,2,0,0,0,0.0,0.3,9044,82660,0.2,2.0,0.0,0.0,0,6,0.2
286,Zach,Marsh,Marsh,Crystal Palace,FWD,45,0,0,0,0,0,0.0,0.3,26824,29533,0.0,0.0,0.0,0.0,0,0,0.0
690,Rio,Cardines,Cardines,Crystal Palace,MID,44,0,0,0,0,0,0.0,0.5,54854,26553,0.0,0.0,0.0,0.0,0,0,0.0
712,Yéremy,Pino Santos,Yeremy,Crystal Palace,MID,59,10,370,0,0,2,1.7,0.1,42889,29032,19.1,38.0,95.8,60.0,0,47,1.7
723,Jaydee,Canvot,Canvot,Crystal Palace,DEF,45,0,0,0,0,0,0.0,0.0,732,490,0.0,0.0,0.0,0.0,0,0,0.0
732,Christantus,Uche,Uche,Crystal Palace,FWD,55,2,7,0,0,0,0.3,0.0,4807,2951,2.3,3.4,0.8,19.0,0,9,0.4
242,Kiernan,Dewsbury-Hall,Dewsbury-Hall,Everton,MID,50,22,625,1,1,2,1.0,3.4,448367,564440,36.8,101.0,204.7,62.0,3,113,4.4
287,Jordan,Pickford,Pickford,Everton,GKP,55,32,720,0,0,2,2.3,10.1,381086,533198,21.8,217.8,0.0,0.0,3,129,5.8
288,Mark,Travers,Travers,Everton,GKP,44,0,0,0,0,0,0.0,0.1,2240,7322,0.0,0.0,0.0,0.0,0,0,0.0
289,Harry,Tyrer,Tyrer,Everton,GKP,40,0,0,0,0,0,0.0,0.1,2237,5161,0.0,0.0,0.0,0.0,0,0,0.0
290,Jarrad,Branthwaite,Branthwaite,Everton,DEF,53,0,0,0,0,0,0.0,0.2,1117,63079,0.0,0.0,0.0,0.0,0,0,0.0
291,James,Tarkowski,Tarkowski,Everton,DEF,55,35,720,0,0,2,3.0,7.1,546480,498355,29.6,214.6,53.9,27.0,1,118,6.4
292,Vitalii,Mykolenko,Mykolenko,Everton,DEF,49,8,445,0,0,0,2.0,0.4,16084,72174,12.0,68.4,34.8,17.0,0,21,1.6
293,Jake,O'Brien,O'Brien,Everton,DEF,50,24,720,0,0,2,2.7,0.5,27774,43490,22.3,103.6,71.7,46.0,1,76,4.8
294,Séamus,Coleman,Coleman,Everton,DEF,43,2,2,0,0,0,0.3,0.1,3888,11143,0.0,0.0,0.0,0.0,0,7,0.5
295,Michael,Keane,Keane,Everton,DEF,45,36,694,1,0,2,5.3,0.9,123026,66926,28.2,198.0,14.5,70.0,1,103,8.0
296,Nathan,Patterson,Patterson,Everton,DEF,44,0,0,0,0,0,0.0,0.0,601,2443,0.0,0.0,0.0,0.0,0,0,0.0
297,Roman,Dixon,Dixon,Everton,DEF,39,0,0,0,0,0,0.0,0.2,5030,12524,0.0,0.0,0.0,0.0,0,0,0.0
298,Reece,Welch,Welch,Everton,DEF,39,0,0,0,0,0,0.0,0.1,4069,8775,0.0,0.0,0.0,0.0,0,0,0.0
299,Iliman,Ndiaye,Ndiaye,Everton,MID,65,41,673,3,1,2,4.3,10.9,945658,902128,53.4,218.6,167.1,148.0,1,166,6.3
300,Dwight,McNeil,McNeil,Everton,MID,56,2,23,0,0,0,0.3,0.1,6015,37592,1.8,0.0,11.5,8.0,0,4,0.4
301,Carlos,Alcaraz Durán,Alcaraz,Everton,MID,52,7,231,0,0,0,1.0,0.1,4267,14389,9.2,23.2,23.5,45.0,0,34,1.3
302,Idrissa Gana,Gueye,Gana,Everton,MID,54,26,684,1,0,2,2.0,0.1,13455,12304,23.6,106.8,68.1,61.0,1,130,4.8
303,James,Garner,Garner,Everton,MID,50,36,720,1,1,2,3.7,1.0,150926,58664,42.9,203.6,152.0,73.0,5,177,7.2
304,Tim,Iroegbunam,Iroegbunam,Everton,MID,49,12,264,0,1,3,1.7,0.0,918,2098,6.3,46.4,9.0,7.0,0,40,2.4
305,Harrison,Armstrong,Armstrong,Everton,MID,45,1,1,0,0,0,0.0,0.1,3524,12822,0.0,0.0,0.0,0.0,0,3,0.2
306,Callum,Bates,Bates,Everton,MID,44,0,0,0,0,0,0.0,0.1,4718,7124,0.0,0.0,0.0,0.0,0,0,0.0
307,Coby,Ebere,Ebere,Everton,MID,44,0,0,0,0,0,0.0,0.0,2290,3359,0.0,0.0,0.0,0.0,0,0,0.0
308,Isaac,Heath,Heath,Everton,MID,45,0,0,0,0,0,0.0,0.0,458,3242,0.0,0.0,0.0,0.0,0,0,0.0
309,Jenson,Metcalfe,Metcalfe,Everton,MID,45,0,0,0,0,0,0.0,0.0,0,97,0.0,0.0,0.0,0.0,0,0,0.0
310,Thierno,Barry,Barry,Everton,FWD,57,9,222,0,0,1,1.0,0.3,22425,69650,5.8,14.6,21.2,29.0,0,13,1.6
311,Norberto Bercique,Gomes Betuncal,Beto,Everton,FWD,53,17,497,1,0,1,1.7,3.7,296754,794704,24.9,58.0,35.3,166.0,1,37,3.2
312,Youssef,Ramalho Chermiti,Y.Chermiti,Everton,FWD,49,0,0,0,0,0,0.0,0.1,2418,13261,0.0,0.0,0.0,0.0,0,0,0.0
313,Martin,Sherif,Sherif,Everton,FWD,44,0,0,0,0,0,0.0,0.2,8006,21081,0.0,0.0,0.0,0.0,0,0,0.0
419,Jack,Grealish,Grealish,Everton,MID,69,37,556,1,4,2,4.0,18.5,3057159,1460147,64.5,207.6,228.6,208.0,7,178,5.4
630,Tom,King,King,Everton,GKP,40,0,0,0,0,0,0.0,1.2,12661,48534,0.0,0.0,0.0,0.0,0,0,0.0
667,Adam,Aznou,Aznou,Everton,DEF,44,0,0,0,0,0,0.0,0.1,1346,9653,0.0,0.0,0.0,0.0,0,0,0.0
704,Tyler,Onyango,Onyango,Everton,MID,45,0,0,0,0,0,0.0,0.1,8420,8501,0.0,0.0,0.0,0.0,0,0,0.0
705,Elijah,Campbell,Campbell,Everton,DEF,40,0,0,0,0,0,0.0,0.2,13809,8477,0.0,0.0,0.0,0.0,0,0,0.0
707,Tyler,Dibling,Dibling,Everton,MID,55,3,62,0,0,0,0.7,0.0,3956,2834,0.5,3.0,1.1,2.0,0,7,0.5
728,Merlin,Röhl,Röhl,Everton,MID,50,2,44,0,0,0,0.3,0.0,371,397,2.5,5.4,12.4,7.0,0,9,0.4
314,Bernd,Leno,Leno,Fulham,GKP,50,23,720,0,0,1,2.0,1.4,53904,87117,18.8,188.0,0.0,0.0,1,100,4.6
315,Steven,Benda,Benda,Fulham,GKP,40,0,0,0,0,0,0.0,0.0,0,359,0.0,0.0,0.0,0.0,0,0,0.0
316,Antonee,Robinson,Robinson,Fulham,DEF,50,3,61,0,0,0,0.3,0.6,54145,97079,4.1,13.6,22.8,4.0,0,12,0.6
317,Joachim,Andersen,Andersen,Fulham,DEF,45,30,671,0,0,1,2.3,3.8,389315,263666,24.8,187.8,29.3,31.0,2,108,6.7
318,Calvin,Bassey,Bassey,Fulham,DEF,45,19,638,0,0,1,0.7,0.5,36935,35627,15.2,119.6,20.8,11.0,3,70,4.2
319,Timothy,Castagne,Castagne,Fulham,DEF,44,9,396,0,0,0,2.0,0.1,5194,10030,15.7,67.8,52.5,37.0,0,29,2.0
320,Issa,Diop,Diop,Fulham,DEF,44,3,133,0,0,0,1.0,0.1,1938,5419,2.7,21.4,1.2,4.0,0,4,0.7
321,Jorge,Cuenca Barreno,J.Cuenca,Fulham,DEF,44,7,168,0,0,0,1.3,0.0,771,2532,5.1,40.6,4.6,6.0,0,25,1.6
322,Kenny,Tete,Tete,Fulham,DEF,45,15,450,0,0,1,0.0,0.1,14674,20545,14.2,86.8,40.5,14.0,0,76,3.3
323,Samuel,Amissah,Amissah,Fulham,DEF,39,0,0,0,0,0,0.0,0.1,3719,9330,0.0,0.0,0.0,0.0,0,0,0.0
324,Alex,Iwobi,Iwobi,Fulham,MID,65,34,631,1,2,1,2.7,1.5,163213,166424,40.4,142.2,207.0,55.0,5,134,5.2
325,Emile,Smith Rowe,Smith Rowe,Fulham,MID,57,13,150,1,0,0,1.0,0.5,37882,94995,11.4,43.0,30.8,40.0,0,41,2.3
326,Adama,Traoré Diarra,Adama,Fulham,MID,52,7,151,0,0,0,1.3,0.2,5639,24000,8.9,15.2,52.1,25.0,0,21,1.3
327,Andreas,Hoelgebaum Pereira,Andreas,Fulham,MID,53,0,0,0,0,0,0.0,0.1,2438,33898,0.0,0.0,0.0,0.0,0,0,0.0
328,Ryan,Sessegnon,Sessegnon,Fulham,MID,54,25,566,1,1,1,4.3,0.1,10683,5432,26.5,127.2,63.8,75.0,2,104,4.6
329,Harry,Wilson,Wilson,Fulham,MID,53,23,518,1,1,1,2.0,0.4,25980,95099,28.1,83.8,92.7,105.0,2,95,4.3
330,Sander,Berge,Berge,Fulham,MID,49,18,688,0,0,1,2.0,0.1,2907,4687,14.9,80.2,55.7,13.0,0,96,3.7
331,Tom,Cairney,Cairney,Fulham,MID,49,6,173,0,0,0,1.3,0.0,797,2509,4.3,3.2,22.0,17.0,0,23,1.2
332,Saša,Lukić,Lukić,Fulham,MID,50,18,548,0,2,1,1.7,0.1,5807,7967,30.6,78.4,191.8,36.0,0,91,3.6
333,Martial,Godo,Godo,Fulham,MID,45,0,0,0,0,0,0.0,0.0,898,5702,0.0,0.0,0.0,0.0,0,0,0.0
334,Luke,Harris,Harris,Fulham,MID,45,0,0,0,0,0,0.0,0.0,0,266,0.0,0.0,0.0,0.0,0,0,0.0
335,Josh,King,King,Fulham,MID,45,14,529,0,0,1,2.0,4.0,684189,315663,21.7,52.6,45.5,125.0,0,56,3.1
336,Harrison,Reed,Reed,Fulham,MID,44,0,0,0,0,0,0.0,0.3,24870,27486,0.0,0.0,0.0,0.0,0,0,0.0
337,Raúl,Jiménez Rodríguez,Raúl,Fulham,FWD,62,14,231,1,0,0,2.7,0.8,39977,200116,10.2,39.8,9.0,60.0,1,42,2.3
338,Rodrigo,Muniz Carvalho,Muniz,Fulham,FWD,54,15,314,1,1,1,0.0,1.2,247359,360451,20.0,58.8,41.7,103.0,3,38,2.8
664,Benjamin,Lecomte,Lecomte,Fulham,GKP,40,0,0,0,0,0,0.0,0.7,7935,24811,0.0,0.0,0.0,0.0,0,0,0.0
727,Samuel,Chukwueze,Chukwueze,Fulham,MID,54,5,33,0,1,0,1.7,0.0,4824,3706,6.1,21.0,25.4,14.0,0,20,0.9
731,Kevin,Santos Lopes de Macedo,Kevin,Fulham,MID,60,4,112,0,0,0,1.0,0.1,20668,14352,9.5,36.0,42.9,16.0,0,25,0.7
737,Jonah,Kusi-Asare,Kusi-Asare,Fulham,FWD,45,0,0,0,0,0,0.0,0.1,7709,3829,0.0,0.0,0.0,0.0,0,0,0.0
339,Illan,Meslier,Meslier,Leeds,GKP,43,0,0,0,0,0,0.0,0.4,7186,45058,0.0,0.0,0.0,0.0,0,0,0.0
340,Alex,Cairns,Cairns,Leeds,GKP,40,0,0,0,0,0,0.0,0.2,3857,8138,0.0,0.0,0.0,0.0,0,0,0.0
341,Karl,Darlow,Darlow,Leeds,GKP,40,10,450,0,0,0,1.3,2.5,88191,130846,10.5,105.0,0.0,0.0,0,55,2.5
342,Jayden,Bogle,Bogle,Leeds,DEF,45,24,702,0,1,2,2.3,0.2,13495,12404,20.1,99.0,45.9,56.0,0,68,5.3
343,Pascal,Struijk,Struijk,Leeds,DEF,45,24,720,0,0,2,1.3,0.4,29350,30700,23.9,148.8,30.5,59.0,2,93,5.3
344,Jaka,Bijol,Bijol,Leeds,DEF,39,0,0,0,0,0,0.0,0.1,7626,15365,0.0,0.0,0.0,0.0,0,0,0.0
345,Sebastiaan,Bornauw,Bornauw,Leeds,DEF,39,0,0,0,0,0,0.0,0.1,4156,5446,0.0,0.0,0.0,0.0,0,0,0.0
346,Sam,Byram,Byram,Leeds,DEF,39,1,7,0,0,0,0.0,0.3,17293,18306,0.0,0.0,0.0,0.0,0,-2,0.3
347,Gabriel,Gudmundsson,Gudmundsson,Leeds,DEF,40,24,697,0,0,2,1.0,5.4,594261,277177,33.1,141.0,148.9,41.0,6,89,6.0
348,Joe,Rodon,Rodon,Leeds,DEF,41,31,720,1,0,2,3.0,5.7,648667,219548,29.7,191.6,18.3,87.0,2,109,7.6
349,Isaac,Schmidt,Schmidt,Leeds,DEF,40,0,0,0,0,0,0.0,0.1,788,13240,0.0,0.0,0.0,0.0,0,0,0.0
350,Brenden,Aaronson,Aaronson,Leeds,MID,54,21,460,0,2,1,3.7,0.1,7616,6880,28.1,69.6,102.5,109.0,0,99,3.9
351,Wilfried,Gnonto,Gnonto,Leeds,MID,52,6,191,0,0,1,0.0,0.1,5387,34349,5.3,15.8,21.4,16.0,0,27,1.2
352,Jack,Harrison,Harrison,Leeds,MID,52,8,195,0,0,0,1.3,0.1,2774,12346,7.7,20.0,32.1,24.0,0,41,1.5
353,Daniel,James,James,Leeds,MID,53,8,236,0,0,1,0.3,0.1,5034,45029,11.9,22.0,59.7,37.0,0,30,1.5
354,Ethan,Ampadu,Ampadu,Leeds,MID,49,17,517,0,0,1,2.0,0.1,6603,8953,15.2,86.0,54.2,11.0,0,88,3.5
355,Sam,Greenwood,Greenwood,Leeds,MID,49,0,0,0,0,0,0.0,0.0,1234,9345,0.0,0.0,0.0,0.0,0,0,0.0
356,Ilia,Gruev,Gruev,Leeds,MID,48,7,193,0,0,1,0.0,0.0,1065,3322,3.5,24.6,8.6,2.0,0,40,1.5
357,Largie,Ramazani,Ramazani,Leeds,MID,49,0,0,0,0,0,0.0,0.0,203,4007,0.0,0.0,0.0,0.0,0,0,0.0
358,Tanaka,Ao,Tanaka,Leeds,MID,48,8,189,0,0,1,1.0,0.1,5773,21751,8.0,15.8,55.5,9.0,0,37,1.7
359,Charlie,Crew,Crew,Leeds,MID,45,0,0,0,0,0,0.0,0.0,0,849,0.0,0.0,0.0,0.0,0,0,0.0
360,Joe,Gelhardt,Gelhardt,Leeds,MID,45,0,0,0,0,0,0.0,0.0,0,2602,0.0,0.0,0.0,0.0,0,0,0.0
361,Darko,Gyabi,Gyabi,Leeds,MID,45,0,0,0,0,0,0.0,0.0,1165,7231,0.0,0.0,0.0,0.0,0,0,0.0
362,Joël,Piroe,Piroe,Leeds,FWD,51,5,162,0,0,1,0.7,0.5,24073,188269,9.1,5.0,12.0,77.0,0,11,1.0
363,Patrick,Bamford,Bamford,Leeds,FWD,49,0,0,0,0,0,0.0,0.5,16144,188812,0.0,0.0,0.0,0.0,0,0,0.0
364,Mateo,Joseph Fernández-Regatillo,Mateo Joseph,Leeds,FWD,50,0,0,0,0,0,0.0,0.0,0,2276,0.0,0.0,0.0,0.0,0,0,0.0
365,Lukas,Nmecha,Nmecha,Leeds,FWD,50,13,171,1,0,1,1.0,0.7,115398,101366,12.3,46.8,11.5,65.0,0,41,2.6
493,Sean,Longstaff,Longstaff,Leeds,MID,49,30,565,1,1,1,6.3,0.9,114744,32891,46.0,161.6,257.3,40.0,3,158,6.1
660,Anton,Stach,Stach,Leeds,MID,51,35,678,1,2,2,2.0,3.3,513985,162530,41.3,132.4,205.8,74.0,3,128,6.9
665,Lucas Estella,Perri,Perri,Leeds,GKP,45,12,270,0,0,2,0.0,0.2,15942,33535,2.9,29.2,0.0,0.0,0,36,2.7
691,Dominic,Calvert-Lewin,Calvert-Lewin,Leeds,FWD,55,20,448,1,1,1,2.0,1.7,277900,87629,31.5,60.6,95.2,163.0,2,55,3.6
698,Noah,Okafor,Okafor,Leeds,MID,55,21,304,2,0,1,3.3,0.2,37213,14880,24.3,97.2,57.5,88.0,3,69,3.8
706,James,Justin,Justin,Leeds,DEF,40,3,18,0,0,0,0.3,0.2,27342,12863,0.6,4.2,0.0,2.0,0,11,0.8
741,Harry,Gray,Gray,Leeds,FWD,45,0,0,0,0,0,0.0,0.0,9588,5803,0.0,0.0,0.0,0.0,0,0,0.0
366,Alisson,Becker,A.Becker,Liverpool,GKP,54,20,540,0,0,2,0.7,6.8,277184,890871,10.7,106.8,0.1,0.0,2,95,3.7
367,Giorgi,Mamardashvili,Mamardashvili,Liverpool,GKP,43,3,180,0,0,0,1.0,0.9,78332,43323,4.6,46.0,0.0,0.0,0,25,0.7
368,Ármin,Pécsi,Pécsi,Liverpool,GKP,39,0,0,0,0,0,0.0,0.4,45778,13748,0.0,0.0,0.0,0.0,0,0,0.0
369,Freddie,Woodman,Woodman,Liverpool,GKP,39,0,0,0,0,0,0.0,0.2,15823,6684,0.0,0.0,0.0,0.0,0,0,0.0
370,Jeremie,Frimpong,Frimpong,Liverpool,DEF,58,7,83,0,1,0,0.7,6.7,183419,2699447,6.6,19.4,17.3,29.0,0,29,1.2
371,Milos,Kerkez,Kerkez,Liverpool,DEF,58,14,600,0,0,1,1.0,4.0,213096,554144,20.8,100.4,79.0,28.0,0,72,2.4
372,Andrew,Robertson,Robertson,Liverpool,DEF,58,2,117,0,0,0,0.3,1.0,18985,88068,16.5,43.8,82.7,38.0,0,21,0.3
373,Virgil,van Dijk,Virgil,Liverpool,DEF,60,32,720,0,0,2,2.0,26.5,1309467,1243792,33.7,256.2,29.4,52.0,4,119,5.3
374,Ibrahima,Konaté,Konaté,Liverpool,DEF,54,27,652,0,0,2,2.3,2.8,218693,294286,25.2,167.6,58.6,25.0,3,110,5.0
375,Conor,Bradley,Bradley,Liverpool,DEF,50,5,296,0,0,0,1.0,0.2,12957,16321,9.9,36.4,42.1,22.0,0,12,1.0
376,Joe,Gomez,Gomez,Liverpool,DEF,49,2,29,0,0,0,0.0,0.1,6473,9744,1.5,14.6,0.5,0.0,0,5,0.4
377,Konstantinos,Tsimikas,Tsimikas,Liverpool,DEF,48,0,0,0,0,0,0.0,0.1,1669,11015,0.0,0.0,0.0,0.0,0,0,0.0
378,Amara,Nallo,Nallo,Liverpool,DEF,39,0,0,0,0,0,0.0,0.1,11905,11917,0.0,0.0,0.0,0.0,0,0,0.0
379,Rhys,Williams,R.Williams,Liverpool,DEF,39,0,0,0,0,0,0.0,0.2,11405,14623,0.0,0.0,0.0,0.0,0,0,0.0
380,Calvin,Ramsay,Ramsay,Liverpool,DEF,39,0,0,0,0,0,0.0,0.2,12725,15026,0.0,0.0,0.0,0.0,0,0,0.0
381,Mohamed,Salah,M.Salah,Liverpool,MID,144,36,714,2,2,2,2.0,32.6,1149070,3464031,59.4,146.6,236.7,211.0,2,117,2.5
382,Florian,Wirtz,Wirtz,Liverpool,MID,81,14,509,0,0,2,1.3,8.2,382637,3081664,38.5,64.4,198.9,122.0,0,69,1.7
383,Luis,Díaz Marulanda,Luis Díaz,Liverpool,MID,80,0,0,0,0,0,0.0,0.0,0,6990,0.0,0.0,0.0,0.0,0,0,0.0
384,Cody,Gakpo,Gakpo,Liverpool,MID,75,40,645,3,2,2,5.0,13.0,2163021,1621268,66.5,187.0,233.8,243.0,2,151,5.3
385,Federico,Chiesa,Chiesa,Liverpool,MID,64,18,81,2,1,0,3.0,0.3,30296,33259,16.0,91.4,15.7,53.0,0,65,2.8
386,Alexis,Mac Allister,Mac Allister,Liverpool,MID,63,17,446,0,1,1,2.0,1.3,68312,160570,17.1,60.6,74.6,36.0,0,90,2.7
387,Dominik,Szoboszlai,Szoboszlai,Liverpool,MID,65,31,720,1,0,2,3.3,3.7,441842,322456,46.3,165.0,208.9,88.0,4,155,4.8
388,Curtis,Jones,C.Jones,Liverpool,MID,54,11,253,0,1,0,1.0,0.1,4712,11511,12.7,43.4,59.5,24.0,0,64,2.0
390,Ryan,Gravenberch,Gravenberch,Liverpool,MID,57,39,601,2,2,2,4.0,6.1,891260,246640,33.5,178.0,104.8,52.0,7,165,6.8
392,Endo,Wataru,Endo,Liverpool,MID,49,6,36,0,1,0,0.3,0.1,5053,10758,3.9,28.8,10.9,0.0,0,20,1.2
393,Stefan,Bajčetić Maquieira,Bajcetic,Liverpool,MID,44,0,0,0,0,0,0.0,0.0,4536,6830,0.0,0.0,0.0,0.0,0,0,0.0
394,James,McConnell,McConnell,Liverpool,MID,44,0,0,0,0,0,0.0,0.0,1737,3442,0.0,0.0,0.0,0.0,0,0,0.0
395,Tyler,Morton,Morton,Liverpool,MID,45,0,0,0,0,0,0.0,0.0,0,324,0.0,0.0,0.0,0.0,0,0,0.0
396,Trey,Nyoni,Nyoni,Liverpool,MID,43,0,0,0,0,0,0.0,0.4,49312,25057,0.0,0.0,0.0,0.0,0,0,0.0
397,Darwin,Núñez Ribeiro,Darwin,Liverpool,FWD,65,0,0,0,0,0,0.0,0.1,0,15417,0.0,0.0,0.0,0.0,0,0,0.0
398,Jayden,Danns,Danns,Liverpool,FWD,44,0,0,0,0,0,0.0,0.1,7229,14029,0.0,0.0,0.0,0.0,0,0,0.0
499,Alexander,Isak,Isak,Liverpool,FWD,105,10,250,0,1,0,3.0,9.6,1674030,1543089,8.7,21.8,21.5,50.0,0,19,1.0
661,Hugo,Ekitiké,Ekitiké,Liverpool,FWD,86,34,409,3,1,2,0.7,15.7,2551478,2904569,31.2,151.4,54.4,111.0,7,122,4.0
686,Rio,Ngumoha,Ngumoha,Liverpool,MID,45,8,10,1,0,0,0.3,0.6,116905,67146,7.4,38.2,11.9,23.0,0,35,1.8
692,Giovanni,Leoni,Leoni,Liverpool,DEF,49,0,0,0,0,0,0.0,0.0,1461,1957,0.0,0.0,0.0,0.0,0,0,0.0
182,James,Trafford,Trafford,Man City,GKP,47,11,270,0,0,1,0.0,1.2,96168,231016,10.1,100.2,0.0,0.0,0,62,2.3
399,Ederson,Santana de Moraes,Ederson M.,Man City,GKP,53,0,0,0,0,0,0.0,1.0,15200,255721,0.0,0.0,0.0,0.0,0,0,0.0
400,Stefan,Ortega Moreno,Ortega Moreno,Man City,GKP,48,0,0,0,0,0,0.0,0.2,1877,14873,0.0,0.0,0.0,0.0,0,0,0.0
401,Marcus,Bettinelli,Bettinelli,Man City,GKP,40,0,0,0,0,0,0.0,0.1,1980,9029,0.0,0.0,0.0,0.0,0,0,0.0
402,Rayan,Aït-Nouri,Aït-Nouri,Man City,DEF,58,10,202,0,0,1,0.0,5.2,481504,2195682,7.6,43.0,26.7,7.0,1,34,1.7
403,Joško,Gvardiol,Gvardiol,Man City,DEF,59,24,339,0,1,2,4.7,5.9,462942,919224,16.7,106.4,40.0,21.0,3,93,4.1
404,Manuel,Akanji,Akanji,Man City,DEF,54,0,0,0,0,0,0.0,0.3,9281,80759,0.0,0.0,0.0,0.0,0,0,0.0
405,Nathan,Aké,Aké,Man City,DEF,54,10,201,0,0,1,2.3,0.7,22586,51194,7.6,37.4,24.9,13.0,0,42,1.9
406,Abdukodir,Khusanov,Khusanov,Man City,DEF,54,11,227,0,0,1,0.0,0.3,23563,47371,4.8,42.4,5.2,0.0,0,46,2.0
407,Matheus,Nunes,Matheus N.,Man City,DEF,53,28,423,1,1,2,8.0,0.6,54540,42204,20.0,113.4,64.0,23.0,2,108,5.3
408,Rúben,dos Santos Gato Alves Dias,Rúben,Man City,DEF,55,33,635,0,0,4,5.7,4.5,274363,226248,16.2,140.0,19.7,2.0,1,135,6.0
409,John,Stones,Stones,Man City,DEF,55,9,264,0,0,1,0.0,0.7,42016,76605,6.2,53.8,5.8,2.0,0,43,1.6
410,Rico,Lewis,Lewis,Man City,DEF,49,15,172,0,1,1,0.7,1.9,348498,358235,9.4,47.2,32.2,15.0,2,50,3.1
411,Nico,O'Reilly,O’Reilly,Man City,DEF,49,31,474,0,1,4,6.0,0.9,115917,31782,23.8,115.4,90.0,33.0,2,120,6.3
412,Vitor,de Oliveira Nunes dos Reis,Vitor Reis,Man City,DEF,50,0,0,0,0,0,0.0,0.0,0,812,0.0,0.0,0.0,0.0,0,0,0.0
413,Omar,Marmoush,Marmoush,Man City,MID,83,9,148,0,1,0,0.0,2.6,167625,1155545,13.3,38.2,36.1,58.0,2,37,1.1
414,Phil,Foden,Foden,Man City,MID,81,23,442,1,0,4,2.3,5.8,809682,377337,35.6,89.8,194.0,72.0,2,108,2.8
415,Sávio,Moreira de Oliveira,Savinho,Man City,MID,69,13,251,0,1,2,3.7,0.5,14377,82648,18.7,41.2,48.4,99.0,0,48,1.9
416,Bernardo,Mota Veiga de Carvalho e Silva,Bernardo,Man City,MID,63,16,401,0,1,2,1.0,0.6,37865,75941,23.1,75.0,136.0,20.0,0,81,2.5
417,Rayan,Cherki,Cherki,Man City,MID,63,8,75,1,0,0,0.3,2.0,184155,915255,11.7,52.8,43.5,20.0,0,40,1.3
418,Jérémy,Doku,Doku,Man City,MID,66,30,443,0,4,3,4.0,7.4,1029135,335689,47.1,116.4,198.9,157.0,3,105,4.5
420,İlkay,Gündoğan,Gündoğan,Man City,MID,63,0,0,0,0,0,0.0,0.1,1928,18922,0.0,0.0,0.0,0.0,0,0,0.0
421,Rodrigo 'Rodri',Hernandez Cascante,Rodrigo,Man City,MID,63,11,291,0,0,1,0.3,0.5,39604,74534,11.9,50.0,50.4,19.0,0,55,1.7
422,Mateo,Kovačić,Kovačić,Man City,MID,59,1,4,0,0,0,0.3,0.0,1685,1380,0.3,2.6,0.8,0.0,0,3,0.2
423,Nico,González Iglesias,N.Gonzalez,Man City,MID,59,16,435,0,0,3,3.3,0.1,7707,10077,18.8,96.2,75.0,18.0,0,108,2.7
424,Oscar,Bobb,Bobb,Man City,MID,54,16,391,0,1,2,1.7,0.3,77271,74366,26.0,60.0,128.8,70.0,0,73,3.0
425,Claudio,Echeverri,Echeverri,Man City,MID,54,0,0,0,0,0,0.0,0.0,194,3103,0.0,0.0,0.0,0.0,0,0,0.0
427,Tijjani,Reijnders,Reijnders,Man City,MID,57,32,665,1,2,3,2.0,30.9,3042319,1833456,43.1,135.4,158.2,136.0,2,142,5.6
428,Sverre,Nypan,Nypan,Man City,MID,50,0,0,0,0,0,0.0,0.0,73,2319,0.0,0.0,0.0,0.0,0,0,0.0
429,Kalvin,Phillips,Phillips,Man City,MID,49,0,0,0,0,0,0.0,0.1,2406,5380,0.0,0.0,0.0,0.0,0,0,0.0
430,Erling,Haaland,Haaland,Man City,FWD,147,83,683,11,1,5,12.3,66.1,5249624,632547,93.2,402.2,57.0,472.0,20,345,5.6
736,Gianluigi,Donnarumma,Donnarumma,Man City,GKP,57,21,450,0,0,3,4.7,10.1,1199823,187820,6.2,61.4,0.0,0.0,0,88,3.7
739,Divine,Mukasa,Mukasa,Man City,MID,45,0,0,0,0,0,0.0,0.0,1909,989,0.0,0.0,0.0,0.0,0,0,0.0
740,Stephen,Mfuni,Mfuni,Man City,DEF,40,0,0,0,0,0,0.0,0.0,1483,810,0.0,0.0,0.0,0.0,0,0,0.0
742,Ryan,McAidoo,McAidoo,Man City,MID,45,0,0,0,0,0,0.0,0.0,507,153,0.0,0.0,0.0,0.0,0,0,0.0
119,Bryan,Mbeumo,Mbeumo,Man Utd,MID,80,36,685,2,1,2,5.7,14.2,1389463,1339375,63.0,139.8,252.7,238.0,5,126,4.5
431,Altay,Bayındır,Bayindir,Man Utd,GKP,49,11,540,0,0,0,0.7,0.4,29267,43873,12.8,118.4,10.0,0.0,0,49,2.2
432,André,Onana,Onana,Man Utd,GKP,49,0,0,0,0,0,0.0,0.2,5156,24009,0.0,0.0,0.0,0.0,0,0,0.0
433,Elyh,Harrison,Harrison,Man Utd,GKP,40,0,0,0,0,0,0.0,0.0,0,210,0.0,0.0,0.0,0.0,0,0,0.0
434,Tom,Heaton,Heaton,Man Utd,GKP,40,0,0,0,0,0,0.0,0.3,5414,12043,0.0,0.0,0.0,0.0,0,0,0.0
435,Dermot,Mee,Mee,Man Utd,GKP,40,0,0,0,0,0,0.0,0.1,1819,4382,0.0,0.0,0.0,0.0,0,0,0.0
436,Matthijs,de Ligt,De Ligt,Man Utd,DEF,50,28,720,0,0,1,4.3,2.8,217252,210686,24.1,153.0,42.3,46.0,5,108,5.6
437,Lisandro,Martínez,Martinez,Man Utd,DEF,48,0,0,0,0,0,0.0,0.1,673,13158,0.0,0.0,0.0,0.0,0,0,0.0
438,Noussair,Mazraoui,Mazraoui,Man Utd,DEF,49,9,130,0,0,1,0.0,0.2,13367,33383,4.9,31.2,14.2,4.0,1,40,1.8
439,Diego,León Blanco,D.Leon,Man Utd,DEF,43,0,0,0,0,0,0.0,0.1,1848,5738,0.0,0.0,0.0,0.0,0,0,0.0
440,Diogo,Dalot Teixeira,Dalot,Man Utd,DEF,44,20,425,0,2,1,4.7,0.9,33480,168800,21.7,80.8,110.4,26.0,0,58,4.5
441,Patrick,Dorgu,Dorgu,Man Utd,DEF,44,11,501,0,1,0,0.7,3.9,405446,683731,25.6,94.2,105.2,56.0,0,47,2.5
442,Harry,Maguire,Maguire,Man Utd,DEF,44,27,270,1,1,1,4.3,0.8,49935,57755,13.5,84.8,12.0,38.0,3,65,6.1
443,Luke,Shaw,Shaw,Man Utd,DEF,45,17,689,0,0,1,3.0,0.3,25200,24977,11.7,84.2,28.0,5.0,0,58,3.8
444,Leny,Yoro,Yoro,Man Utd,DEF,45,21,454,0,1,1,2.7,1.9,163446,178586,11.1,67.6,20.7,24.0,1,59,4.7
445,Harry,Amass,Amass,Man Utd,DEF,40,0,0,0,0,0,0.0,0.1,1160,12037,0.0,0.0,0.0,0.0,0,0,0.0
446,Tyler,Fredricson,Fredricson,Man Utd,DEF,39,0,0,0,0,0,0.0,0.1,5304,7608,0.0,0.0,0.0,0.0,0,0,0.0
447,Ayden,Heaven,Heaven,Man Utd,DEF,39,1,3,0,0,0,0.0,1.0,44590,97297,0.2,2.0,0.0,0.0,0,3,0.3
448,Tyrell,Malacia,Malacia,Man Utd,DEF,39,0,0,0,0,0,0.0,0.4,22885,24987,0.0,0.0,0.0,0.0,0,0,0.0
449,Bruno,Borges Fernandes,B.Fernandes,Man Utd,MID,89,36,710,2,1,1,3.3,16.8,1364516,1963838,68.0,229.0,315.2,135.0,8,170,4.0
450,Matheus,Santos Carneiro da Cunha,Cunha,Man Utd,MID,79,11,441,0,0,0,1.7,3.7,802704,1372499,26.4,56.4,71.9,135.0,0,54,1.4
451,Marcus,Rashford,Rashford,Man Utd,MID,70,0,0,0,0,0,0.0,0.0,0,1939,0.0,0.0,0.0,0.0,0,0,0.0
452,Amad,Diallo,Amad,Man Utd,MID,63,17,504,0,2,1,2.0,1.2,60996,259202,36.6,101.0,137.6,127.0,0,104,2.7
454,Antony,dos Santos,Antony,Man Utd,MID,59,0,0,0,0,0,0.0,0.1,1511,10067,0.0,0.0,0.0,0.0,0,0,0.0
455,Mason,Mount,Mount,Man Utd,MID,59,21,331,1,0,3,4.7,0.3,31588,38294,21.4,60.6,85.6,67.0,2,66,3.6
457,Carlos Henrique,Casimiro,Casemiro,Man Utd,MID,55,15,387,1,1,1,1.3,0.2,15626,23029,16.8,76.2,39.1,53.0,0,70,2.7
458,Kobbie,Mainoo,Mainoo,Man Utd,MID,48,6,118,0,0,0,1.0,0.5,29673,64915,7.1,23.8,44.5,3.0,0,23,1.2
459,Manuel,Ugarte Ribeiro,Ugarte,Man Utd,MID,48,11,272,0,0,0,1.3,0.1,11266,18173,7.0,43.4,25.2,2.0,0,52,2.3
460,Toby,Collyer,Collyer,Man Utd,MID,45,0,0,0,0,0,0.0,0.0,423,8489,0.0,0.0,0.0,0.0,0,0,0.0
461,Jayce,Fitzgerald,Fitzgerald,Man Utd,MID,44,0,0,0,0,0,0.0,0.0,1597,2746,0.0,0.0,0.0,0.0,0,0,0.0
462,Jack,Fletcher,J.Fletcher,Man Utd,MID,44,0,0,0,0,0,0.0,0.1,3287,3898,0.0,0.0,0.0,0.0,0,0,0.0
463,Sékou,Koné,Kone,Man Utd,MID,44,0,0,0,0,0,0.0,0.1,4675,6894,0.0,0.0,0.0,0.0,0,0,0.0
464,Jack,Moorhouse,Moorhouse,Man Utd,MID,45,0,0,0,0,0,0.0,0.0,723,2382,0.0,0.0,0.0,0.0,0,0,0.0
465,Rasmus,Højlund,Højlund,Man Utd,FWD,63,0,0,0,0,0,0.0,0.3,5437,53754,0.0,0.0,0.0,0.0,0,0,0.0
466,Joshua,Zirkzee,Zirkzee,Man Utd,FWD,58,3,74,0,0,0,0.3,0.4,22490,42931,8.1,8.4,16.0,58.0,0,4,0.5
467,Chido,Obi,Obi,Man Utd,FWD,43,0,0,0,0,0,0.0,1.6,102011,173725,0.0,0.0,0.0,0.0,0,0,0.0
468,Ethan,Wheatley,Wheatley,Man Utd,FWD,45,0,0,0,0,0,0.0,0.1,3886,11856,0.0,0.0,0.0,0.0,0,0,0.0
681,Benjamin,Sesko,Šeško,Man Utd,FWD,73,24,413,2,0,1,6.0,5.2,407239,834659,37.3,105.8,78.4,194.0,5,80,3.3
733,Senne,Lammens,Lammens,Man Utd,GKP,50,12,180,0,0,1,4.0,0.7,72548,10165,6.2,62.0,0.0,0.0,2,48,2.4
52,Jacob,Ramsey,J.Ramsey,Newcastle,MID,53,3,79,0,0,0,0.3,0.2,14034,61921,7.9,17.6,54.1,7.0,0,16,0.6
135,Yoane,Wissa,Wissa,Newcastle,FWD,74,0,0,0,0,0,0.0,0.5,85199,305784,0.0,0.0,0.0,0.0,0,0,0.0
469,Nick,Pope,Pope,Newcastle,GKP,52,43,720,0,1,5,3.7,11.6,1112839,275806,18.4,184.2,0.0,0.0,3,176,8.3
471,Mark,Gillespie,Gillespie,Newcastle,GKP,40,0,0,0,0,0,0.0,0.1,3036,5808,0.0,0.0,0.0,0.0,0,0,0.0
472,Odysseas,Vlachodimos,Odysseas,Newcastle,GKP,40,0,0,0,0,0,0.0,0.0,0,1961,0.0,0.0,0.0,0.0,0,0,0.0
473,Lewis,Hall,Hall,Newcastle,DEF,53,9,133,0,0,1,0.0,0.9,56563,183182,3.9,27.4,4.0,7.0,1,31,1.7
474,Fabian,Schär,Schär,Newcastle,DEF,54,23,350,0,0,3,0.0,1.9,168017,272026,12.1,80.0,25.0,15.0,0,82,4.3
475,Sven,Botman,Botman,Newcastle,DEF,49,27,428,0,0,3,3.3,0.6,49021,38369,17.9,121.4,23.0,35.0,4,105,5.5
476,Dan,Burn,Burn,Newcastle,DEF,51,45,720,0,1,5,4.3,10.1,962499,269573,23.3,152.2,43.5,37.0,4,134,8.8
477,Tino,Livramento,Livramento,Newcastle,DEF,50,37,526,0,1,5,2.0,4.2,936196,937107,14.3,71.4,56.3,16.0,3,137,7.4
478,Kieran,Trippier,Trippier,Newcastle,DEF,50,28,519,0,0,4,2.3,2.7,185098,148381,27.6,77.6,195.3,4.0,2,104,5.6
479,Emil,Krafth,Krafth,Newcastle,DEF,44,0,0,0,0,0,0.0,0.0,1055,3248,0.0,0.0,0.0,0.0,0,0,0.0
480,Jamaal,Lascelles,Lascelles,Newcastle,DEF,44,1,19,0,0,0,0.0,0.1,1635,5349,1.7,10.2,0.0,7.0,0,0,0.2
481,Alex,Murphy,A.Murphy,Newcastle,DEF,39,0,0,0,0,0,0.0,0.7,26556,50376,0.0,0.0,0.0,0.0,0,0,0.0
482,Harrison,Ashby,Ashby,Newcastle,DEF,39,0,0,0,0,0,0.0,0.2,7437,10093,0.0,0.0,0.0,0.0,0,0,0.0
483,Miodrag,Pivaš,Pivas,Newcastle,DEF,39,0,0,0,0,0,0.0,0.2,18006,12647,0.0,0.0,0.0,0.0,0,0,0.0
484,Matt,Targett,Targett,Newcastle,DEF,40,0,0,0,0,0,0.0,0.2,3759,37218,0.0,0.0,0.0,0.0,0,0,0.0
485,Anthony,Gordon,Gordon,Newcastle,MID,74,9,341,0,0,3,2.7,2.9,420523,305635,20.4,32.2,65.8,109.0,0,27,1.2
486,Anthony,Elanga,Elanga,Newcastle,MID,68,13,371,0,0,2,1.7,4.3,516740,943906,17.0,32.4,79.2,58.0,0,42,1.9
487,Harvey,Barnes,Barnes,Newcastle,MID,64,13,334,0,0,2,1.0,0.4,129116,150464,19.6,29.2,83.4,85.0,0,42,2.0
488,Bruno,Guimarães Rodriguez Moura,Bruno G.,Newcastle,MID,65,32,625,2,1,4,6.0,2.3,223355,188830,33.2,128.2,131.9,72.0,3,132,4.9
489,Jacob,Murphy,J.Murphy,Newcastle,MID,62,18,354,0,1,4,1.7,0.9,45507,191394,26.0,56.0,76.0,129.0,0,63,2.9
490,Joelinton Cássio,Apolinário de Lira,Joelinton,Newcastle,MID,59,14,446,0,0,3,2.3,0.3,23219,47313,18.4,43.4,50.9,88.0,0,52,2.4
491,Sandro,Tonali,Tonali,Newcastle,MID,54,25,674,0,1,5,3.7,1.5,103968,158748,40.1,125.0,207.2,68.0,1,144,4.6
492,Antoñito,Cordero Campillo,Antoñito C.,Newcastle,MID,49,0,0,0,0,0,0.0,0.0,655,3140,0.0,0.0,0.0,0.0,0,0,0.0
494,Joe,Willock,Willock,Newcastle,MID,50,4,86,0,0,1,0.0,0.1,4633,5024,1.8,10.6,2.2,6.0,0,16,0.8
495,Isaac,Hayden,Hayden,Newcastle,MID,45,0,0,0,0,0,0.0,0.0,0,1419,0.0,0.0,0.0,0.0,0,0,0.0
496,Garang,Kuol,Kuol,Newcastle,MID,44,0,0,0,0,0,0.0,0.0,2219,5997,0.0,0.0,0.0,0.0,0,0,0.0
497,Lewis,Miley,L.Miley,Newcastle,MID,44,11,212,0,1,1,1.7,2.1,159716,200330,10.4,44.8,49.8,8.0,0,54,2.5
498,Joe,White,White,Newcastle,MID,45,0,0,0,0,0,0.0,0.0,0,1030,0.0,0.0,0.0,0.0,0,0,0.0
500,William,Osula,Osula,Newcastle,FWD,55,13,164,1,0,1,1.0,0.3,64778,64675,7.9,37.2,13.7,31.0,0,43,2.4
501,Sean,Neave,Neave,Newcastle,FWD,44,0,0,0,0,0,0.0,0.2,12415,20349,0.0,0.0,0.0,0.0,0,0,0.0
674,Aaron,Ramsdale,Ramsdale,Newcastle,GKP,48,0,0,0,0,0,0.0,0.6,11956,55472,0.0,0.0,0.0,0.0,0,0,0.0
684,Malick,Thiaw,Thiaw,Newcastle,DEF,49,20,362,0,0,2,4.0,0.3,31010,16373,13.9,73.0,13.9,51.0,2,66,4.1
689,Seung-Soo,Park,Seung soo,Newcastle,MID,44,0,0,0,0,0,0.0,0.3,29094,18537,0.0,0.0,0.0,0.0,0,0,0.0
714,Nick,Woltemade,Woltemade,Newcastle,FWD,74,32,393,4,0,4,7.0,17.5,2312646,261011,32.4,142.4,38.3,141.0,6,116,4.3
12,Oleksandr,Zinchenko,Zinchenko,Nott'm Forest,DEF,49,5,253,0,0,0,1.0,0.3,20440,37225,13.0,62.6,52.4,15.0,0,46,1.0
426,James,McAtee,McAtee,Nott'm Forest,MID,52,4,126,0,0,0,0.3,0.1,8834,19196,6.1,14.0,39.8,6.0,0,20,0.8
502,Matz,Sels,Sels,Nott'm Forest,GKP,49,17,720,0,0,0,2.3,9.5,258432,1319046,21.5,214.4,0.0,0.0,0,77,3.5
503,Carlos Miguel,dos Santos Pereira,C.Miguel,Nott'm Forest,GKP,40,0,0,0,0,0,0.0,0.1,448,12503,0.0,0.0,0.0,0.0,0,0,0.0
504,Matt,Turner,Turner,Nott'm Forest,GKP,40,0,0,0,0,0,0.0,0.1,0,12487,0.0,0.0,0.0,0.0,0,0,0.0
505,Nikola,Milenković,Milenković,Nott'm Forest,DEF,53,13,720,0,0,0,1.7,4.6,196722,734036,18.5,118.4,23.8,41.0,0,53,2.5
506,Murillo,Costa dos Santos,Murillo,Nott'm Forest,DEF,53,8,379,0,0,0,0.3,2.1,68364,571205,8.1,66.0,13.2,2.0,0,28,1.5
507,Ola,Aina,Aina,Nott'm Forest,DEF,48,6,270,0,0,0,0.0,3.0,231062,1463671,9.8,53.8,33.3,11.0,0,20,1.2
508,Neco,Williams,N.Williams,Nott'm Forest,DEF,48,16,720,1,0,0,0.7,4.1,167747,788348,37.7,165.0,118.5,93.0,2,73,3.3
509,David,Mota Veiga Teixeira do Carmo,David Carmo,Nott'm Forest,DEF,45,0,0,0,0,0,0.0,0.0,427,3937,0.0,0.0,0.0,0.0,0,0,0.0
510,Jair,Paula da Cunha Filho,Jair Cunha,Nott'm Forest,DEF,43,3,90,0,0,0,1.0,0.1,1489,5319,2.6,26.0,0.4,0.0,0,9,0.7
511,Felipe,Rodrigues da Silva,Morato,Nott'm Forest,DEF,44,7,436,0,0,0,1.7,0.1,3542,6572,9.8,89.4,5.5,3.0,0,33,1.6
512,Omar,Richards,O.Richards,Nott'm Forest,DEF,45,0,0,0,0,0,0.0,0.0,345,3683,0.0,0.0,0.0,0.0,0,0,0.0
513,Zach,Abbott,Abbott,Nott'm Forest,DEF,39,0,0,0,0,0,0.0,0.2,6077,11356,0.0,0.0,0.0,0.0,0,0,0.0
514,Willy,Boly,Boly,Nott'm Forest,DEF,39,0,0,0,0,0,0.0,0.5,24588,31228,0.0,0.0,0.0,0.0,0,0,0.0
515,Morgan,Gibbs-White,Gibbs-White,Nott'm Forest,MID,73,20,641,0,1,0,2.3,3.2,347062,598032,35.9,70.6,157.7,134.0,0,97,2.7
516,Callum,Hudson-Odoi,Hudson-Odoi,Nott'm Forest,MID,59,19,432,1,0,0,1.0,0.9,149718,192666,33.9,91.0,157.7,89.0,3,86,3.2
517,Elliot,Anderson,Anderson,Nott'm Forest,MID,54,26,720,0,1,0,2.7,3.4,236559,543225,43.1,155.6,207.2,67.0,1,147,4.8
518,João Pedro,Ferreira da Silva,Jota,Nott'm Forest,MID,54,1,11,0,0,0,0.0,0.0,1029,8327,1.0,5.0,0.5,4.0,0,6,0.2
519,Nicolás,Domínguez,Dominguez,Nott'm Forest,MID,50,0,45,0,0,0,0.0,0.0,491,373,0.6,2.4,3.3,0.0,0,3,0.0
520,Lewis,O'Brien,O'Brien,Nott'm Forest,MID,50,0,0,0,0,0,0.0,0.0,0,109,0.0,0.0,0.0,0.0,0,0,0.0
521,Ibrahim,Sangaré,Sangaré,Nott'm Forest,MID,49,12,441,0,0,0,0.3,0.1,4258,5907,13.1,59.6,35.0,36.0,0,66,2.4
522,Ryan,Yates,Yates,Nott'm Forest,MID,48,4,88,0,0,0,0.3,0.1,3178,9671,4.3,19.8,5.3,19.0,0,14,0.8
523,Eric,da Silva Moreira,Da Silva Moreira,Nott'm Forest,MID,45,0,0,0,0,0,0.0,0.1,1896,14482,0.0,0.0,0.0,0.0,0,0,0.0
524,Marko,Stamenić,Stamenic,Nott'm Forest,MID,45,0,0,0,0,0,0.0,0.0,245,5140,0.0,0.0,0.0,0.0,0,0,0.0
525,Chris,Wood,Wood,Nott'm Forest,FWD,72,25,538,2,0,1,1.7,9.0,2128435,2866461,29.8,77.6,49.6,179.0,3,85,3.5
526,Igor Jesus,Maciel da Cruz,Igor Jesus,Nott'm Forest,FWD,58,7,146,0,0,0,1.0,0.7,77234,100879,9.6,18.2,17.4,64.0,0,21,1.2
527,Taiwo,Awoniyi,Awoniyi,Nott'm Forest,FWD,52,1,45,0,0,0,0.3,0.4,21041,66912,1.1,0.0,10.7,1.0,0,5,0.2
669,Dan,Ndoye,Ndoye,Nott'm Forest,MID,59,24,493,1,1,0,1.0,1.6,523807,439701,27.0,95.8,103.2,70.0,4,91,4.1
675,Angus,Gunn,Gunn,Nott'm Forest,GKP,40,0,0,0,0,0,0.0,1.5,25413,52496,0.0,0.0,0.0,0.0,0,0,0.0
693,Omari,Hutchinson,Hutchinson,Nott'm Forest,MID,55,4,52,0,0,0,0.7,0.0,3393,2904,11.6,23.2,57.6,38.0,0,19,0.7
696,Arnaud,Kalimuendo,Kalimuendo,Nott'm Forest,FWD,60,5,65,0,0,0,0.3,0.1,8196,7418,4.1,2.8,16.4,22.0,0,11,0.8
699,Douglas Luiz,Soares de Paulo,Douglas Luiz,Nott'm Forest,MID,50,6,127,0,1,0,0.3,0.1,11400,9921,4.7,6.4,30.3,10.0,0,28,1.2
715,John Victor,Maciel Furtado,John,Nott'm Forest,GKP,40,0,0,0,0,0,0.0,0.4,36423,12847,0.0,0.0,0.0,0.0,0,0,0.0
716,Nicolò,Savona,Savona,Nott'm Forest,DEF,45,2,159,0,0,0,0.7,0.0,1341,951,4.3,24.6,14.6,4.0,0,5,0.4
729,Luis Eduardo,Soares da Silva,Cuiabano,Nott'm Forest,DEF,45,0,0,0,0,0,0.0,0.0,25,35,0.0,0.0,0.0,0.0,0,0,0.0
734,Dilane,Bakwa,Bakwa,Nott'm Forest,MID,60,5,172,0,0,0,1.0,0.0,2454,1654,15.3,30.2,73.7,49.0,0,27,0.8
528,Anthony,Patterson,Patterson,Sunderland,GKP,43,0,0,0,0,0,0.0,0.2,5931,22945,0.0,0.0,0.0,0.0,0,0,0.0
529,Simon,Moore,Moore,Sunderland,GKP,40,0,0,0,0,0,0.0,0.4,7590,18777,0.0,0.0,0.0,0.0,0,0,0.0
530,Blondy,Nna Noukeu,Nna Noukeu,Sunderland,GKP,40,0,0,0,0,0,0.0,0.1,2020,5601,0.0,0.0,0.0,0.0,0,0,0.0
531,Daniel,Ballard,Ballard,Sunderland,DEF,46,33,309,1,0,2,4.7,2.4,611684,569419,31.5,159.6,42.7,112.0,5,108,7.2
532,Trai,Hume,Hume,Sunderland,DEF,45,37,708,0,1,4,6.0,0.3,34510,24929,25.0,126.8,95.2,27.0,2,138,8.2
533,Aji,Alese,Alese,Sunderland,DEF,40,0,0,0,0,0,0.0,0.0,255,414,0.0,0.0,0.0,0.0,0,0,0.0
534,Joe,Anderson,Anderson,Sunderland,DEF,39,0,0,0,0,0,0.0,0.5,27476,33434,0.0,0.0,0.0,0.0,0,0,0.0
535,Dennis,Cirkin,Cirkin,Sunderland,DEF,40,0,0,0,0,0,0.0,0.0,274,1873,0.0,0.0,0.0,0.0,0,0,0.0
536,Leo Fuhr,Hjelde,Hjelde,Sunderland,DEF,40,0,0,0,0,0,0.0,0.0,269,398,0.0,0.0,0.0,0.0,0,0,0.0
537,Niall,Huggins,Huggins,Sunderland,DEF,40,0,0,0,0,0,0.0,0.1,1038,13323,0.0,0.0,0.0,0.0,0,0,0.0
538,Zak,Johnson,Johnson,Sunderland,DEF,39,0,0,0,0,0,0.0,0.3,14832,15055,0.0,0.0,0.0,0.0,0,0,0.0
539,Luke,O'Nien,O'Nien,Sunderland,DEF,40,0,0,0,0,0,0.0,0.0,1996,1908,0.0,0.0,0.0,0.0,0,0,0.0
540,Timothée,Pembélé,Pembele,Sunderland,DEF,39,0,0,0,0,0,0.0,0.5,43050,21791,0.0,0.0,0.0,0.0,0,0,0.0
541,Reinildo,Mandava,Reinildo,Sunderland,DEF,40,14,392,0,0,2,0.0,4.7,412631,633980,9.9,74.2,18.3,6.0,0,66,3.5
542,Jenson,Seelt,Seelt,Sunderland,DEF,40,2,133,0,0,0,0.0,0.1,3016,20676,3.6,33.6,2.4,0.0,0,11,0.5
543,Simon,Adingra,Adingra,Sunderland,MID,52,13,271,0,1,2,0.7,0.6,74140,180113,11.4,28.4,77.8,8.0,0,36,2.5
544,Habib,Diarra,Diarra,Sunderland,MID,54,12,345,0,1,2,0.0,0.0,6030,14388,8.0,10.6,31.0,45.0,0,23,2.2
545,Patrick,Roberts,Roberts,Sunderland,MID,54,1,27,0,0,0,0.0,0.0,462,3807,1.4,1.8,7.3,5.0,0,4,0.2
546,Milan,Aleksić,Aleksić,Sunderland,MID,49,0,0,0,0,0,0.0,0.0,295,3061,0.0,0.0,0.0,0.0,0,0,0.0
547,Enzo,Le Fée,E.Le Fée,Sunderland,MID,49,25,465,1,0,2,3.3,0.4,56694,54486,21.9,115.6,75.0,29.0,2,83,5.1
548,Romaine,Mundle,Mundle,Sunderland,MID,49,0,0,0,0,0,0.0,0.0,148,709,0.0,0.0,0.0,0.0,0,0,0.0
549,Dan,Neil,Neil,Sunderland,MID,48,2,2,0,0,0,0.3,0.0,724,2601,0.2,2.0,0.0,0.0,0,7,0.4
550,Ian,Poveda-Ocampo,Poveda,Sunderland,MID,48,0,0,0,0,0,0.0,0.0,350,1729,0.0,0.0,0.0,0.0,0,0,0.0
551,Chris,Rigg,Rigg,Sunderland,MID,48,7,171,0,0,1,1.3,0.0,2459,4794,4.1,7.8,25.0,7.0,0,19,1.5
552,Noah,Sadiki,Sadiki,Sunderland,MID,50,17,713,0,0,4,2.0,0.0,3364,4375,15.9,66.6,74.6,17.0,0,90,3.4
553,Chemsdine,Talbi,Talbi,Sunderland,MID,50,24,528,0,2,4,2.7,0.2,37296,38416,19.8,48.8,89.0,61.0,0,67,4.8
554,Abdoullah,Ba,Ba,Sunderland,MID,44,0,0,0,0,0,0.0,0.2,12705,21901,0.0,0.0,0.0,0.0,0,0,0.0
555,Alan,Browne,Browne,Sunderland,MID,45,0,0,0,0,0,0.0,0.0,1291,8494,0.0,0.0,0.0,0.0,0,0,0.0
556,Pierre,Ekwah Elimby,Ekwah,Sunderland,MID,45,0,0,0,0,0,0.0,0.0,0,1598,0.0,0.0,0.0,0.0,0,0,0.0
557,Harrison,Jones,H.Jones,Sunderland,MID,44,0,0,0,0,0,0.0,0.1,3306,5207,0.0,0.0,0.0,0.0,0,0,0.0
558,Jay,Matete,Matete,Sunderland,MID,44,0,0,0,0,0,0.0,0.2,16184,22038,0.0,0.0,0.0,0.0,0,0,0.0
559,Nectarios,Triantis,Triantis,Sunderland,MID,44,0,0,0,0,0,0.0,0.0,2951,6713,0.0,0.0,0.0,0.0,0,0,0.0
560,Wilson,Isidor,Isidor,Sunderland,FWD,56,30,452,3,0,3,1.7,3.3,556019,215035,25.9,108.6,6.6,145.0,6,107,5.4
561,Eliezer,Mayenda Dossou,Mayenda,Sunderland,FWD,55,15,257,1,0,2,0.7,0.8,248465,251093,12.3,48.2,24.6,52.0,2,53,2.7
562,Ahmed,Abdullahi,Abdullahi,Sunderland,FWD,44,0,0,0,0,0,0.0,0.4,20453,45917,0.0,0.0,0.0,0.0,0,0,0.0
563,Luís Hemir,Silva Semedo,Luís Hemir,Sunderland,FWD,44,0,0,0,0,0,0.0,0.1,5979,16551,0.0,0.0,0.0,0.0,0,0,0.0
564,Nazarii,Rusyn,Rusyn,Sunderland,FWD,44,0,0,0,0,0,0.0,0.1,3530,17140,0.0,0.0,0.0,0.0,0,0,0.0
668,Granit,Xhaka,Xhaka,Sunderland,MID,50,37,720,0,3,4,5.7,4.6,426681,220269,38.9,202.6,164.3,23.0,1,158,7.4
670,Robin,Roefs,Roefs,Sunderland,GKP,46,48,720,0,0,4,6.3,5.5,683630,138773,25.0,231.4,20.0,0.0,6,175,10.4
678,Arthur,Masuaku,Masuaku,Sunderland,DEF,39,1,125,0,0,0,0.0,0.7,37838,36601,4.9,21.8,20.1,7.0,0,4,0.3
683,Omar,Alderete,Alderete,Sunderland,DEF,41,45,667,1,1,3,7.7,7.0,871781,182676,34.4,228.4,38.6,77.0,4,143,11.0
694,Nordi,Mukiele,Mukiele,Sunderland,DEF,41,44,540,1,0,3,8.7,3.2,407955,66303,27.5,185.8,47.0,42.0,5,151,10.7
724,Lutsharel,Geertruida,Geertruida,Sunderland,DEF,45,5,71,0,0,0,1.0,0.0,2088,1100,3.9,18.4,0.9,19.0,0,23,1.1
730,Brian,Brobbey,Brobbey,Sunderland,FWD,55,3,57,0,0,0,0.7,0.1,11427,6937,0.4,3.4,0.3,0.0,0,10,0.5
735,Bertrand,Traoré,Traoré,Sunderland,MID,55,4,150,0,0,1,1.3,0.0,2892,1300,8.6,17.0,28.2,40.0,0,22,0.7
565,Guglielmo,Vicario,Vicario,Spurs,GKP,51,36,720,0,0,3,2.0,11.2,1170529,539674,20.1,200.8,0.1,0.0,5,161,7.1
566,Brandon,Austin,Austin,Spurs,GKP,39,0,0,0,0,0,0.0,0.3,10449,12114,0.0,0.0,0.0,0.0,0,0,0.0
567,Antonín,Kinský,Kinsky,Spurs,GKP,39,0,0,0,0,0,0.0,1.9,82347,96224,0.0,0.0,0.0,0.0,0,0,0.0
568,Pedro,Porro Sauceda,Pedro Porro,Spurs,DEF,56,31,635,0,1,3,3.0,20.5,1118600,1298697,34.6,136.0,183.0,25.0,0,131,5.5
569,Cristian,Romero,Romero,Spurs,DEF,51,32,630,0,1,3,1.0,6.5,667906,422177,22.9,150.8,29.2,50.0,3,132,6.3
570,Kevin,Danso,Danso,Spurs,DEF,43,3,106,0,0,0,0.3,0.1,9807,19225,3.0,27.2,2.6,0.0,0,17,0.7
571,Ben,Davies,Davies,Spurs,DEF,43,0,0,0,0,0,0.0,0.1,2293,7676,0.0,0.0,0.0,0.0,0,0,0.0
572,Radu,Drăgușin,Dragusin,Spurs,DEF,45,0,0,0,0,0,0.0,0.0,323,479,0.0,0.0,0.0,0.0,0,0,0.0
573,Djed,Spence,Spence,Spurs,DEF,45,22,488,0,0,3,1.0,1.9,242853,184003,13.9,60.2,51.3,28.0,0,74,4.9
574,Destiny,Udogie,Udogie,Spurs,DEF,44,7,301,0,0,0,1.3,0.5,40235,71508,13.7,50.0,46.5,40.0,0,37,1.6
575,Micky,van de Ven,Van de Ven,Spurs,DEF,48,32,709,1,0,3,1.3,32.2,1781571,1038772,23.4,149.2,30.9,54.0,2,139,6.7
576,Ashley,Phillips,Phillips,Spurs,DEF,40,0,0,0,0,0,0.0,0.0,0,1709,0.0,0.0,0.0,0.0,0,0,0.0
577,Takai,Kōta,Takai,Spurs,DEF,40,0,0,0,0,0,0.0,0.1,538,6967,0.0,0.0,0.0,0.0,0,0,0.0
578,Luka,Vušković,Vuskovic,Spurs,DEF,39,0,0,0,0,0,0.0,0.4,7334,77533,0.0,0.0,0.0,0.0,0,0,0.0
579,Son,Heung-min,Son,Spurs,MID,85,0,0,0,0,0,0.0,0.1,0,24513,0.0,0.0,0.0,0.0,0,0,0.0
580,Brennan,Johnson,Johnson,Spurs,MID,68,23,270,2,0,2,1.0,3.8,1074352,1082932,19.1,91.0,45.0,54.0,2,75,3.4
581,James,Maddison,Maddison,Spurs,MID,69,0,0,0,0,0,0.0,0.1,736,21642,0.0,0.0,0.0,0.0,0,0,0.0
582,Mohammed,Kudus,Kudus,Spurs,MID,68,41,708,1,5,3,5.3,35.3,2766262,1541847,61.4,198.2,255.2,161.0,4,129,6.0
583,Dejan,Kulusevski,Kulusevski,Spurs,MID,64,0,0,0,0,0,0.0,0.0,404,1441,0.0,0.0,0.0,0.0,0,0,0.0
584,Mathys,Tel,Tel,Spurs,MID,63,16,234,1,0,1,3.7,0.1,12419,15604,9.2,43.8,9.8,38.0,2,41,2.5
585,Rodrigo,Bentancur,Bentancur,Spurs,MID,53,26,495,1,0,1,6.0,0.2,10646,15089,21.7,114.4,63.1,39.0,3,111,4.9
586,Lucas,Bergvall,Bergvall,Spurs,MID,54,22,374,1,1,2,0.7,0.5,94966,60272,22.6,90.8,41.4,93.0,0,75,4.1
587,Yves,Bissouma,Bissouma,Spurs,MID,52,0,0,0,0,0,0.0,0.0,1020,12827,0.0,0.0,0.0,0.0,0,0,0.0
588,Wilson,Odobert,Odobert,Spurs,MID,53,11,314,0,0,0,1.7,0.0,1865,3566,17.3,29.6,57.3,86.0,0,36,2.1
589,Manor,Solomon,Solomon,Spurs,MID,54,0,0,0,0,0,0.0,0.0,115,1394,0.0,0.0,0.0,0.0,0,0,0.0
590,Bryan,Gil Salvatierra,Bryan,Spurs,MID,49,0,0,0,0,0,0.0,0.0,675,3877,0.0,0.0,0.0,0.0,0,0,0.0
591,Archie,Gray,Gray,Spurs,MID,48,4,71,0,0,1,0.0,0.1,4870,11691,2.2,6.0,13.2,2.0,0,17,0.8
592,Mikey,Moore,Moore,Spurs,MID,50,0,0,0,0,0,0.0,0.0,0,635,0.0,0.0,0.0,0.0,0,0,0.0
593,Pape Matar,Sarr,P.M.Sarr,Spurs,MID,49,25,378,1,2,3,2.0,2.0,278739,362385,21.4,105.2,38.4,70.0,0,92,5.1
594,Yang,Min-hyeok,Min-hyeok,Spurs,MID,45,0,0,0,0,0,0.0,0.0,0,2542,0.0,0.0,0.0,0.0,0,0,0.0
595,Callum,Olusesi,Olusesi,Spurs,MID,44,0,0,0,0,0,0.0,0.2,12902,17150,0.0,0.0,0.0,0.0,0,0,0.0
596,Dominic,Solanke-Mitchell,Solanke,Spurs,FWD,72,2,31,0,0,0,0.0,1.0,28434,432540,3.1,6.0,0.3,25.0,0,10,0.3
597,Richarlison,de Andrade,Richarlison,Spurs,FWD,66,33,483,3,1,2,1.3,12.3,2421872,1651310,41.3,148.2,59.8,205.0,6,137,5.0
598,Will,Lankshear,Lankshear,Spurs,FWD,45,0,0,0,0,0,0.0,0.0,0,4624,0.0,0.0,0.0,0.0,0,0,0.0
599,Dane,Scarlett,Scarlett,Spurs,FWD,44,0,0,0,0,0,0.0,0.6,34246,67649,0.0,0.0,0.0,0.0,0,0,0.0
673,João Maria,Lobo Alves Palhares Costa Palhinha Gonçalves,J.Palhinha,Spurs,MID,55,39,603,2,1,2,6.3,1.3,170701,87935,30.0,189.8,39.4,70.0,8,150,7.1
717,Xavi,Simons,Xavi,Spurs,MID,69,12,327,0,1,1,1.7,2.5,649592,398636,17.7,50.8,97.4,29.0,0,52,1.7
726,Randal,Kolo Muani,Kolo Muani,Spurs,FWD,69,1,11,0,0,0,0.3,0.2,38080,34164,0.1,0.0,0.0,4.0,0,0,0.1
745,Jun'ai,Byfield,Byfield,Spurs,DEF,40,0,0,0,0,0,0.0,0.0,51,5,0.0,0.0,0.0,0.0,0,0,0.0
149,Igor Julio,dos Santos de Paulo,Igor,West Ham,DEF,45,1,1,0,0,0,0.3,0.1,3115,3976,0.0,0.0,0.0,0.0,0,3,0.2
600,Alphonse,Areola,Areola,West Ham,GKP,43,8,360,0,0,0,2.3,2.2,41176,291660,11.4,113.6,0.0,0.0,0,47,1.9
601,Wes,Foderingham,Foderingham,West Ham,GKP,40,0,0,0,0,0,0.0,0.3,3874,30378,0.0,0.0,0.0,0.0,0,0,0.0
602,Krisztián,Hegyi,Hegyi,West Ham,GKP,40,0,0,0,0,0,0.0,0.2,2773,8542,0.0,0.0,0.0,0.0,0,0,0.0
603,El Hadji Malick,Diouf,Diouf,West Ham,DEF,44,27,675,0,4,1,3.0,3.8,174621,516299,32.2,159.6,122.1,40.0,1,61,6.1
604,Emerson,Palmieri dos Santos,Emerson,West Ham,DEF,44,0,0,0,0,0,0.0,0.1,1719,18858,0.0,0.0,0.0,0.0,0,0,0.0
605,Maximilian,Kilman,Kilman,West Ham,DEF,44,16,720,0,0,1,2.3,0.2,11321,24585,23.0,184.0,30.1,16.0,0,39,3.6
606,Konstantinos,Mavropanos,Mavropanos,West Ham,DEF,44,17,495,0,0,1,1.7,0.1,5531,5454,18.6,128.8,2.7,55.0,0,54,3.9
607,Nayef,Aguerd,N.Aguerd,West Ham,DEF,44,3,180,0,0,0,0.0,0.1,1288,11390,5.1,39.0,3.9,8.0,0,-1,0.7
608,Ollie,Scarles,Scarles,West Ham,DEF,44,1,45,0,0,0,0.3,0.0,760,2357,0.9,8.0,1.0,0.0,0,4,0.2
609,Jean-Clair,Todibo,Todibo,West Ham,DEF,43,2,216,0,0,0,0.3,0.1,3679,9918,5.0,43.6,4.1,2.0,0,11,0.5
610,Aaron,Wan-Bissaka,Wan-Bissaka,West Ham,DEF,43,3,303,0,0,0,0.7,6.4,70004,1911295,11.4,49.6,51.5,12.0,0,1,0.7
611,Kaelan,Casey,Casey,West Ham,DEF,40,0,0,0,0,0,0.0,0.1,0,10388,0.0,0.0,0.0,0.0,0,0,0.0
612,Lucas,Tolentino Coelho de Lima,L.Paquetá,West Ham,MID,59,31,697,2,0,1,2.3,3.0,556699,391322,46.8,182.8,195.8,88.0,2,126,5.3
613,Tomáš,Souček,Souček,West Ham,MID,57,6,301,0,0,1,0.7,0.2,3647,79090,13.2,53.2,14.6,63.0,0,35,1.1
614,James,Ward-Prowse,Ward-Prowse,West Ham,MID,57,11,414,0,0,1,0.0,0.2,9401,33741,23.9,56.6,176.3,6.0,0,82,1.9
615,Crysencio,Summerville,Summerville,West Ham,MID,55,15,401,0,2,0,1.3,0.1,17535,7734,18.6,62.0,63.8,60.0,0,64,2.7
616,Edson,Álvarez Velázquez,Álvarez,West Ham,MID,49,0,0,0,0,0,0.0,0.1,1147,15153,0.0,0.0,0.0,0.0,0,0,0.0
617,Maxwel,Cornet,Cornet,West Ham,MID,49,0,0,0,0,0,0.0,0.0,246,2914,0.0,0.0,0.0,0.0,0,0,0.0
618,Guido,Rodríguez,G.Rodriguez,West Ham,MID,48,3,89,0,0,0,0.3,0.0,1214,3775,0.8,3.4,2.5,2.0,0,14,0.6
619,Luis Guilherme,Lira dos Santos,L.Guilherme,West Ham,MID,49,3,54,0,0,0,0.3,0.0,437,2428,0.4,1.6,0.6,4.0,0,5,0.6
620,George,Earthy,Earthy,West Ham,MID,45,0,0,0,0,0,0.0,0.1,2235,6326,0.0,0.0,0.0,0.0,0,0,0.0
621,Andy,Irving,Irving,West Ham,MID,44,6,85,0,0,0,1.0,0.3,28457,24608,6.1,25.4,34.0,2.0,0,32,1.4
622,Lewis,Orford,Orford,West Ham,MID,44,0,0,0,0,0,0.0,0.1,1052,9920,0.0,0.0,0.0,0.0,0,0,0.0
623,Freddie,Potts,Potts,West Ham,MID,44,3,105,0,0,0,0.7,0.7,57870,65441,2.1,15.4,3.7,2.0,0,12,0.7
624,Jarrod,Bowen,Bowen,West Ham,FWD,78,37,720,3,0,1,4.3,8.9,672241,1422560,48.6,178.8,113.3,193.0,9,171,4.7
625,Niclas,Füllkrug,Füllkrug,West Ham,FWD,56,10,379,0,0,1,1.3,0.8,41831,358590,21.9,24.8,72.3,125.0,0,23,1.8
626,Callum,Marshall,Marshall,West Ham,FWD,44,2,58,0,0,0,0.7,0.7,46134,63665,0.8,1.2,0.1,7.0,0,0,0.5
659,Kyle,Walker-Peters,Walker-Peters,West Ham,DEF,44,12,436,0,0,1,1.0,0.3,12745,26451,14.7,66.8,47.5,32.0,0,55,2.7
671,Callum,Wilson,Wilson,West Ham,FWD,59,11,170,1,0,0,0.0,0.4,32923,53827,14.3,50.8,13.5,82.0,2,42,1.9
679,Mads,Hermansen,Hermansen,West Ham,GKP,44,9,360,0,0,1,0.0,0.3,13110,25916,8.5,84.8,0.0,0.0,0,27,2.0
708,Mateus Gonçalo,Espanha Fernandes,M.Fernandes,West Ham,MID,55,14,443,0,0,1,2.3,0.0,3878,2306,13.7,56.2,68.3,13.0,0,63,2.5
718,Soungoutou,Magassa,S.Magassa,West Ham,MID,50,4,159,0,0,0,0.7,0.0,463,358,3.6,29.2,6.4,0.0,0,19,0.8
738,Lukasz,Fabianski,Fabianski,West Ham,GKP,45,0,0,0,0,0,0.0,0.0,2763,1163,0.0,0.0,0.0,0.0,0,0,0.0
627,Sam,Johnstone,Johnstone,Wolves,GKP,45,9,360,0,0,0,2.0,0.2,6675,7566,10.0,100.0,0.1,0.0,0,50,2.0
628,José,Malheiro de Sá,José Sá,Wolves,GKP,44,5,360,0,0,0,0.0,1.3,28822,101530,5.5,44.0,10.0,0.0,0,7,1.1
629,Daniel,Bentley,Bentley,Wolves,GKP,40,0,0,0,0,0,0.0,0.6,9744,24538,0.0,0.0,0.0,0.0,0,0,0.0
631,Emmanuel,Agbadou,Agbadou,Wolves,DEF,44,14,525,0,0,0,0.7,0.2,22044,46653,24.1,161.6,39.7,39.0,0,44,3.2
632,Matt,Doherty,Doherty,Wolves,DEF,44,2,291,0,0,0,0.7,0.1,3270,13156,7.6,49.4,21.8,4.0,0,15,0.5
633,Hugo,Bueno López,H.Bueno,Wolves,DEF,44,18,528,0,0,1,3.7,0.1,7167,6290,40.2,144.8,201.9,54.0,2,80,4.1
634,Yerson,Mosquera Valdelamar,Mosquera,Wolves,DEF,44,4,137,0,0,0,0.3,0.1,1494,3727,4.2,20.2,0.5,21.0,0,13,0.9
635,Rodrigo,Martins Gomes,R.Gomes,Wolves,DEF,45,12,241,1,0,0,0.7,0.1,7691,8150,15.2,53.2,23.9,74.0,0,21,2.7
636,Santiago,Ignacio Bueno,S.Bueno,Wolves,DEF,44,18,394,1,0,0,4.7,0.1,6808,4239,21.7,126.2,43.6,47.0,2,55,4.1
637,Toti,Gomes,Toti,Wolves,DEF,43,5,390,0,0,0,0.3,0.1,3494,11366,12.8,74.6,26.5,27.0,0,15,1.2
638,Ki-Jana,Hoever,Hoever,Wolves,DEF,40,3,129,0,0,0,0.3,1.0,23181,153621,8.1,32.8,38.8,9.0,0,4,0.8
639,Bastien,Meupiyou Menadjou,Meupiyou,Wolves,DEF,40,0,0,0,0,0,0.0,0.0,0,686,0.0,0.0,0.0,0.0,0,0,0.0
640,Pedro,Cardoso de Lima,Pedro Lima,Wolves,DEF,40,0,0,0,0,0,0.0,0.5,7922,68978,0.0,0.0,0.0,0.0,0,0,0.0
641,Alfie,Pond,Pond,Wolves,DEF,39,0,0,0,0,0,0.0,1.5,69948,73050,0.0,0.0,0.0,0.0,0,0,0.0
642,Hwang,Hee-chan,Hee Chan,Wolves,MID,59,13,275,1,0,0,0.7,0.1,24695,29826,11.6,49.0,18.1,49.0,0,46,2.2
643,André,Trindade da Costa Neto,André,Wolves,MID,54,21,532,0,0,0,4.0,0.1,4695,7584,10.2,74.0,23.1,5.0,1,93,3.9
644,Jean-Ricner,Bellegarde,Bellegarde,Wolves,MID,53,8,252,0,0,0,0.7,0.0,2120,7255,10.5,23.8,56.2,26.0,0,35,1.5
645,Fer,López González,Fer López,Wolves,MID,53,7,116,0,1,0,0.3,0.0,697,3145,11.0,27.0,52.0,32.0,0,24,1.3
646,João Victor,Gomes da Silva,Gomes,Wolves,MID,54,20,678,0,0,1,2.7,0.1,5285,8805,24.1,104.6,101.7,34.0,0,115,3.7
647,Gonçalo Manuel,Ganchinho Guedes,Guedes,Wolves,MID,55,0,0,0,0,0,0.0,0.0,0,755,0.0,0.0,0.0,0.0,0,0,0.0
648,Marshall,Munetsi,Munetsi,Wolves,MID,54,23,609,0,2,0,4.3,0.1,7919,6984,25.6,97.4,55.7,104.0,0,81,4.3
649,Boubacar,Traoré,B.Traore,Wolves,MID,50,0,0,0,0,0,0.0,0.0,0,152,0.0,0.0,0.0,0.0,0,0,0.0
650,Tawanda,Chirewa,Chirewa,Wolves,MID,44,0,0,0,0,0,0.0,0.3,18871,25911,0.0,0.0,0.0,0.0,0,0,0.0
651,Tom,Edozie,Edozie,Wolves,MID,44,0,0,0,0,0,0.0,0.4,29185,33723,0.0,0.0,0.0,0.0,0,0,0.0
652,Enso,González Medina,Gonzalez,Wolves,MID,44,0,0,0,0,0,0.0,1.5,116646,129781,0.0,0.0,0.0,0.0,0,0,0.0
653,Joe,Hodge,Hodge,Wolves,MID,45,0,0,0,0,0,0.0,0.0,0,4684,0.0,0.0,0.0,0.0,0,0,0.0
654,Jørgen,Strand Larsen,Strand Larsen,Wolves,FWD,64,11,452,0,0,2,2.0,1.4,145613,499553,15.3,19.6,33.2,103.0,0,28,1.7
655,Fábio,Soares Silva,Fábio Silva,Wolves,FWD,49,0,0,0,0,0,0.0,0.2,7178,50715,0.0,0.0,0.0,0.0,0,0,0.0
656,Saša,Kalajdžić,Kalajdžić,Wolves,FWD,49,1,14,0,0,0,0.0,0.1,1691,9125,0.7,1.0,4.3,2.0,0,1,0.2
657,Leon,Chiwome,Chiwome,Wolves,FWD,44,0,0,0,0,0,0.0,0.0,2532,4614,0.0,0.0,0.0,0.0,0,0,0.0
658,Nathan,Fraser,Fraser,Wolves,FWD,44,0,0,0,0,0,0.0,2.1,150954,213047,0.0,0.0,0.0,0.0,0,0,0.0
663,Jhon,Arias,J.Arias,Wolves,MID,52,16,433,0,0,1,3.3,0.2,11199,60034,27.3,76.6,131.5,66.0,1,81,3.1
682,David,Møller Wolfe,Møller Wolfe,Wolves,DEF,44,7,144,0,1,0,0.3,0.1,2253,5377,5.4,32.8,16.4,4.0,0,15,1.6
695,Jackson,Tchatchoua,Tchatchoua,Wolves,DEF,45,10,368,0,0,0,2.0,0.0,2060,1299,15.8,70.8,69.2,18.0,0,20,2.2
709,Ladislav,Krejcí,Krejčí,Wolves,DEF,45,11,450,1,0,0,1.0,0.1,7238,2017,26.3,124.8,59.7,78.0,0,51,2.4
720,Tolu,Arokodare,Tolu,Wolves,FWD,55,7,176,0,0,0,1.0,0.1,13750,7705,9.1,12.4,16.1,65.0,0,18,1.3
