minutes,goals_scored,assists,clean_sheets,goals_conceded,own_goals,penalties_saved,penalties_missed,yellow_cards,red_cards,saves,bonus,bps,influence,creativity,threat,ict_index,clearances_blocks_interceptions,recoveries,tackles,defensive_contribution,starts,expected_goals,expected_assists,expected_goal_involvements,expected_goals_conceded,total_points,in_dreamteam,element,Gameweek,season,name,team,opponent_team,was_home
90,0,0,1,0,0,0,0,0,0,0,0,21,4.6,0.0,0.0,0.5,2,7,0,0,1,0.00,0.00,0.00,0.44,6,False,1,8,2025-26,David Raya Martín,1,10,False
0,0,0,0,0,0,0,0,0,0,0,0,0,0.0,0.0,0.0,0.0,0,0,0,0,0,0.00,0.00,0.00,0.00,0,False,2,8,2025-26,Kepa Arrizabalaga Revuelta,1,10,False
0,0,0,0,0,0,0,0,0,0,0,0,0,0.0,0.0,0.0,0.0,0,0,0,0,0,0.00,0.00,0.00,0.00,0,False,3,8,2025-26,Karl Hein,1,10,False
0,0,0,0,0,0,0,0,0,0,0,0,0,0.0,0.0,0.0,0.0,0,0,0,0,0,0.00,0.00,0.00,0.00,0,False,4,8,2025-26,Tommy Setford,1,10,False
90,0,1,1,0,0,0,0,0,0,0,3,33,33.4,11.6,15.0,6.0,9,1,0,9,1,0.24,0.02,0.26,0.44,12,True,5,8,2025-26,Gabriel dos Santos Magalhães,1,10,False
90,0,0,1,0,0,0,0,0,0,0,0,26,17.4,2.8,2.0,2.2,4,5,0,4,1,0.00,0.05,0.05,0.44,6,False,6,8,2025-26,William Saliba,1,10,False
90,0,0,1,0,0,0,0,0,0,0,0,26,12.6,8.0,9.0,3.0,4,6,1,5,1,0.04,0.02,0.06,0.44,6,False,7,8,2025-26,Riccardo Calafiori,1,10,False
90,0,0,1,0,0,0,0,0,0,0,0,27,16.8,31.8,6.0,5.5,2,5,2,4,1,0.00,0.15,0.15,0.44,6,False,8,8,2025-26,Jurriën Timber,1,10,False
0,0,0,0,0,0,0,0,0,0,0,0,0,0.0,0.0,0.0,0.0,0,0,0,0,0,0.00,0.00,0.00,0.00,0,False,9,8,2025-26,Jakub Kiwior,1,10,False
0,0,0,0,0,0,0,0,0,0,0,0,0,0.0,0.0,0.0,0.0,0,0,0,0,0,0.00,0.00,0.00,0.00,0,False,10,8,2025-26,Myles Lewis-Skelly,1,10,False
0,0,0,0,0,0,0,0,0,0,0,0,0,0.0,0.0,0.0,0.0,0,0,0,0,0,0.00,0.00,0.00,0.00,0,False,11,8,2025-26,Benjamin White,1,10,False
73,0,0,0,2,0,0,0,0,0,0,0,14,18.2,15.1,0.0,3.3,4,3,4,8,1,0.00,0.13,0.13,1.41,1,False,12,8,2025-26,Oleksandr Zinchenko,16,7,True
0,0,0,0,0,0,0,0,0,0,0,0,0,0.0,0.0,0.0,0.0,0,0,0,0,0,0.00,0.00,0.00,0.00,0,False,13,8,2025-26,Brayden Clarke,1,10,False
0,0,0,0,0,0,0,0,0,0,0,0,0,0.0,0.0,0.0,0.0,0,0,0,0,0,0.00,0.00,0.00,0.00,0,False,14,8,2025-26,Maldini Kacurri,1,10,False
0,0,0,0,0,0,0,0,0,0,0,0,0,0.0,0.0,0.0,0.0,0,0,0,0,0,0.00,0.00,0.00,0.00,0,False,15,8,2025-26,Josh Nichols,1,10,False
90,0,0,1,0,0,0,0,0,0,0,2,28,28.8,80.3,44.0,15.3,1,9,2,12,1,0.07,0.55,0.62,0.44,7,False,16,8,2025-26,Bukayo Saka,1,10,False
0,0,0,0,0,0,0,0,0,0,0,0,0,0.0,0.0,0.0,0.0,0,0,0,0,0,0.00,0.00,0.00,0.00,0,False,17,8,2025-26,Martin Ødegaard,1,10,False
0,0,0,0,0,0,0,0,0,0,0,0,0,0.0,0.0,0.0,0.0,0,0,0,0,0,0.00,0.00,0.00,0.00,0,False,18,8,2025-26,Noni Madueke,1,10,False
9,0,0,0,0,0,0,0,0,0,0,0,3,3.2,0.5,41.0,4.5,0,1,1,2,0,0.52,0.00,0.52,0.04,1,False,19,8,2025-26,Gabriel Martinelli Silva,1,10,False
80,1,0,1,0,0,0,0,0,0,0,2,28,33.2,18.2,56.0,10.7,2,4,0,6,1,0.60,0.07,0.67,0.40,10,False,20,8,2025-26,Leandro Trossard,1,10,False
90,0,0,1,0,0,0,0,0,0,0,0,10,15.6,19.5,1.0,3.6,3,2,0,5,1,0.03,0.08,0.11,0.44,3,False,21,8,2025-26,Declan Rice,1,10,False
28,0,0,0,0,0,0,0,0,0,0,0,5,5.4,1.1,4.0,1.1,1,2,2,5,0,0.00,0.01,0.01,0.04,1,False,22,8,2025-26,Mikel Merino Zazón,1,10,False
0,0,0,0,0,0,0,0,0,0,0,0,0,0.0,0.0,0.0,0.0,0,0,0,0,0,0.00,0.00,0.00,0.00,0,False,23,8,2025-26,Fábio Ferreira Vieira,1,10,False
1,0,0,0,0,0,0,0,0,0,0,0,3,1.0,0.0,0.0,0.1,1,1,0,2,0,0.00,0.00,0.00,0.00,1,False,24,8,2025-26,Christian Nørgaard,1,10,False
0,0,0,0,0,0,0,0,0,0,0,0,0,0.0,0.0,0.0,0.0,0,0,0,0,0,0.00,0.00,0.00,0.00,0,False,25,8,2025-26,Ethan Nwaneri,1,10,False
90,0,0,1,0,0,0,0,0,0,0,0,12,11.2,15.6,2.0,2.9,2,2,1,5,1,0.00,0.06,0.06,0.44,3,False,26,8,2025-26,Martín Zubimendi Ibáñez,1,10,False
0,0,0,0,0,0,0,0,0,0,0,0,0,0.0,0.0,0.0,0.0,0,0,0,0,0,0.00,0.00,0.00,0.00,0,False,27,8,2025-26,Reiss Nelson,5,19,False
0,0,0,0,0,0,0,0,0,0,0,0,0,0.0,0.0,0.0,0.0,0,0,0,0,0,0.00,0.00,0.00,0.00,0,False,28,8,2025-26,Ismeal Kabia,1,10,False
0,0,0,0,0,0,0,0,0,0,0,0,0,0.0,0.0,0.0,0.0,0,0,0,0,0,0.00,0.00,0.00,0.00,0,False,29,8,2025-26,Albert Sambi Lokonga,1,10,False
0,0,0,0,0,0,0,0,0,0,0,0,0,0.0,0.0,0.0,0.0,0,0,0,0,0,0.00,0.00,0.00,0.00,0,False,30,8,2025-26,Kai Havertz,1,10,False
0,0,0,0,0,0,0,0,0,0,0,0,0,0.0,0.0,0.0,0.0,0,0,0,0,0,0.00,0.00,0.00,0.00,0,False,31,8,2025-26,Gabriel Fernando de Jesus,1,10,False
90,0,0,0,1,0,0,0,0,0,2,0,10,16.4,0.0,0.0,1.6,2,7,0,0,1,0.00,0.00,0.00,0.75,2,False,32,8,2025-26,Emiliano Martínez Romero,2,18,False
0,0,0,0,0,0,0,0,0,0,0,0,0,0.0,0.0,0.0,0.0,0,0,0,0,0,0.00,0.00,0.00,0.00,0,False,33,8,2025-26,Marco Bizot,2,18,False
0,0,0,0,0,0,0,0,0,0,0,0,0,0.0,0.0,0.0,0.0,0,0,0,0,0,0.00,0.00,0.00,0.00,0,False,34,8,2025-26,Joe Gauci,2,18,False
0,0,0,0,0,0,0,0,0,0,0,0,0,0.0,0.0,0.0,0.0,0,0,0,0,0,0.00,0.00,0.00,0.00,0,False,35,8,2025-26,Filip Marschall,2,18,False
90,0,0,0,1,0,0,0,0,0,0,0,13,6.4,12.0,3.0,2.1,4,1,1,5,1,0.04,0.02,0.06,0.75,2,False,36,8,2025-26,Matty Cash,2,18,False
81,0,1,0,1,0,0,0,0,0,0,0,12,26.6,10.6,2.0,3.9,2,2,3,5,1,0.00,0.01,0.01,0.55,5,False,37,8,2025-26,Lucas Digne,2,18,False
90,0,0,0,1,0,0,0,0,0,0,0,9,17.8,4.1,2.0,2.4,5,2,1,6,1,0.00,0.01,0.01,0.75,2,False,38,8,2025-26,Ezri Konsa Ngoyo,2,18,False
8,0,0,0,0,0,0,0,0,0,0,0,8,7.4,10.2,1.0,1.9,2,2,2,4,0,0.04,0.00,0.04,0.20,1,False,39,8,2025-26,Ian Maatsen,2,18,False
0,0,0,0,0,0,0,0,0,0,0,0,0,0.0,0.0,0.0,0.0,0,0,0,0,0,0.00,0.00,0.00,0.00,0,False,40,8,2025-26,Tyrone Mings,2,18,False
90,0,0,0,1,0,0,0,0,0,0,0,10,12.4,1.1,0.0,1.4,3,4,1,4,1,0.00,0.01,0.01,0.75,2,False,41,8,2025-26,Pau Torres,2,18,False
0,0,0,0,0,0,0,0,0,0,0,0,0,0.0,0.0,0.0,0.0,0,0,0,0,0,0.00,0.00,0.00,0.00,0,False,42,8,2025-26,Andrés García,2,18,False
0,0,0,0,0,0,0,0,0,0,0,0,0,0.0,0.0,0.0,0.0,0,0,0,0,0,0.00,0.00,0.00,0.00,0,False,43,8,2025-26,Álex Moreno Lopera,2,18,False
0,0,0,0,0,0,0,0,0,0,0,0,0,0.0,0.0,0.0,0.0,0,0,0,0,0,0.00,0.00,0.00,0.00,0,False,44,8,2025-26,Lamare Bogarde,2,18,False
0,0,0,0,0,0,0,0,0,0,0,0,0,0.0,0.0,0.0,0.0,0,0,0,0,0,0.00,0.00,0.00,0.00,0,False,45,8,2025-26,Lino da Cruz Sousa,2,18,False
0,0,0,0,0,0,0,0,0,0,0,0,0,0.0,0.0,0.0,0.0,0,0,0,0,0,0.00,0.00,0.00,0.00,0,False,46,8,2025-26,Yasin Özcan,2,18,False
90,1,0,0,1,0,0,0,0,0,0,0,22,35.6,4.0,9.0,4.9,0,4,0,4,1,0.03,0.01,0.04,0.75,7,False,47,8,2025-26,Morgan Rogers,2,18,False
0,0,0,0,0,0,0,0,0,0,0,0,0,0.0,0.0,0.0,0.0,0,0,0,0,0,0.00,0.00,0.00,0.00,0,False,48,8,2025-26,Youri Tielemans,2,18,False
0,0,0,0,0,0,0,0,0,0,0,0,0,0.0,0.0,0.0,0.0,0,0,0,0,0,0.00,0.00,0.00,0.00,0,False,49,8,2025-26,Leon Bailey,2,18,False
29,1,0,0,0,0,0,0,0,0,0,1,30,38.8,1.1,7.0,4.7,0,3,2,5,0,0.04,0.03,0.07,0.24,7,False,50,8,2025-26,Emiliano Buendía Stati,2,18,False
0,0,0,0,0,0,0,0,0,0,0,0,0,0.0,0.0,0.0,0.0,0,0,0,0,0,0.00,0.00,0.00,0.00,0,False,51,8,2025-26,Samuel Iling-Junior,2,18,False
20,0,0,0,1,0,0,0,0,0,0,0,3,4.2,12.3,0.0,1.7,1,2,0,3,0,0.00,0.01,0.01,0.14,1,False,52,8,2025-26,Jacob Ramsey,15,6,False
60,0,0,0,1,0,0,0,0,0,0,0,3,0.0,0.2,6.0,0.2,0,0,0,0,1,0.05,0.00,0.05,0.51,2,False,53,8,2025-26,Donyell Malen,2,18,False
90,0,0,0,1,0,0,0,0,0,0,0,10,10.8,14.8,1.0,2.7,2,1,4,7,1,0.03,0.03,0.06,0.75,2,False,54,8,2025-26,John McGinn,2,18,False
8,0,0,0,0,0,0,0,0,0,0,0,4,2.4,1.3,0.0,0.4,0,0,1,1,0,0.00,0.00,0.00,0.20,1,False,55,8,2025-26,Ross Barkley,2,18,False
0,0,0,0,0,0,0,0,0,0,0,0,0,0.0,0.0,0.0,0.0,0,0,0,0,0,0.00,0.00,0.00,0.00,0,False,56,8,2025-26,Enzo Barrenechea,2,18,False
0,0,0,0,0,0,0,0,0,0,0,0,0,0.0,0.0,0.0,0.0,0,0,0,0,0,0.00,0.00,0.00,0.00,0,False,57,8,2025-26,Lewis Dobbin,2,18,False
90,0,0,0,1,0,0,0,0,0,0,0,23,17.0,4.9,0.0,2.2,2,5,4,11,1,0.00,0.02,0.02,0.75,2,False,58,8,2025-26,Boubacar Kamara,2,18,False
81,0,0,0,1,0,0,0,0,0,0,0,11,18.6,6.6,0.0,2.5,7,4,3,14,1,0.00,0.01,0.01,0.55,4,False,59,8,2025-26,Amadou Onana,2,18,False
0,0,0,0,0,0,0,0,0,0,0,0,0,0.0,0.0,0.0,0.0,0,0,0,0,0,0.00,0.00,0.00,0.00,0,False,60,8,2025-26,Ben Broggio,2,18,False
0,0,0,0,0,0,0,0,0,0,0,0,0,0.0,0.0,0.0,0.0,0,0,0,0,0,0.00,0.00,0.00,0.00,0,False,61,8,2025-26,Leander Dendoncker,2,18,False
0,0,0,0,0,0,0,0,0,0,0,0,0,0.0,0.0,0.0,0.0,0,0,0,0,0,0.00,0.00,0.00,0.00,0,False,62,8,2025-26,Jamaldeen Jimoh-Aloba,2,18,False
0,0,0,0,0,0,0,0,0,0,0,0,0,0.0,0.0,0.0,0.0,0,0,0,0,0,0.00,0.00,0.00,0.00,0,False,63,8,2025-26,Kadan Young,2,18,False
29,0,0,0,0,0,0,0,0,0,0,0,1,2.6,1.3,7.0,1.1,1,4,0,5,0,0.08,0.00,0.08,0.24,1,False,64,8,2025-26,Ollie Watkins,2,18,False
0,0,0,0,0,0,0,0,0,0,0,0,0,0.0,0.0,0.0,0.0,0,0,0,0,0,0.00,0.00,0.00,0.00,0,False,65,8,2025-26,Zépiqueno Redmond,2,18,False
0,0,0,0,0,0,0,0,0,0,0,0,0,0.0,0.0,0.0,0.0,0,0,0,0,0,0.00,0.00,0.00,0.00,0,False,66,8,2025-26,Norberto Murara Neto,4,8,False
90,0,0,0,3,0,0,0,0,0,4,0,9,31.6,0.0,0.0,3.2,3,13,0,0,1,0.00,0.00,0.00,4.44,2,False,67,8,2025-26,Đorđe Petrović,4,8,False
0,0,0,0,0,0,0,0,0,0,0,0,0,0.0,0.0,0.0,0.0,0,0,0,0,0,0.00,0.00,0.00,0.00,0,False,68,8,2025-26,Will Dennis,4,8,False
0,0,0,0,0,0,0,0,0,0,0,0,0,0.0,0.0,0.0,0.0,0,0,0,0,0,0.00,0.00,0.00,0.00,0,False,69,8,2025-26,Callan McKenna,4,8,False
0,0,0,0,0,0,0,0,0,0,0,0,0,0.0,0.0,0.0,0.0,0,0,0,0,0,0.00,0.00,0.00,0.00,0,False,70,8,2025-26,Alex Paulsen,4,8,False
0,0,0,0,0,0,0,0,0,0,0,0,0,0.0,0.0,0.0,0.0,0,0,0,0,0,0.00,0.00,0.00,0.00,0,False,71,8,2025-26,Illia Zabarnyi,4,8,False
90,0,0,0,3,0,0,0,1,0,0,0,6,45.2,0.3,9.0,5.5,18,4,2,20,1,0.02,0.01,0.03,4.44,2,False,72,8,2025-26,Marcos Senesi Barón,4,8,False
0,0,0,0,0,0,0,0,0,0,0,0,0,0.0,0.0,0.0,0.0,0,0,0,0,0,0.00,0.00,0.00,0.00,0,False,73,8,2025-26,Adam Smith,4,8,False
90,0,0,0,3,0,0,0,0,0,0,0,-1,11.4,4.1,2.0,1.8,4,2,0,4,1,0.00,0.01,0.01,4.44,1,False,74,8,2025-26,Adrien Truffert,4,8,False
0,0,0,0,0,0,0,0,0,0,0,0,0,0.0,0.0,0.0,0.0,0,0,0,0,0,0.00,0.00,0.00,0.00,0,False,75,8,2025-26,Matai Akinmboni,4,8,False
0,0,0,0,0,0,0,0,0,0,0,0,0,0.0,0.0,0.0,0.0,0,0,0,0,0,0.00,0.00,0.00,0.00,0,False,76,8,2025-26,Owen Bevan,4,8,False
15,0,0,0,1,0,0,0,0,0,0,0,3,10.2,0.0,0.0,1.0,6,1,1,7,0,0.00,0.00,0.00,1.95,1,False,77,8,2025-26,James Hill,4,8,False
0,0,0,0,0,0,0,0,0,0,0,0,0,0.0,0.0,0.0,0.0,0,0,0,0,0,0.00,0.00,0.00,0.00,0,False,78,8,2025-26,Julián Araujo Zúñiga,4,8,False
0,0,0,0,0,0,0,0,0,0,0,0,0,0.0,0.0,0.0,0.0,0,0,0,0,0,0.00,0.00,0.00,0.00,0,False,79,8,2025-26,Chris Mepham,4,8,False
0,0,0,0,0,0,0,0,0,0,0,0,0,0.0,0.0,0.0,0.0,0,0,0,0,0,0.00,0.00,0.00,0.00,0,False,80,8,2025-26,Julio Soler Barreto,4,8,False
75,0,0,0,2,0,0,0,0,0,0,0,2,5.0,22.8,2.0,3.0,1,0,2,3,1,0.00,0.23,0.23,2.49,2,False,81,8,2025-26,Justin Kluivert,4,8,False
90,0,1,0,3,0,0,0,1,0,0,0,7,6.6,3.0,27.0,3.7,1,3,1,5,1,0.13,0.03,0.16,4.44,4,False,82,8,2025-26,Antoine Semenyo,13,9,True
75,0,0,1,0,0,0,0,0,0,0,0,8,8.0,32.7,33.0,7.4,1,6,0,7,1,0.46,0.07,0.53,0.29,3,False,83,8,2025-26,Dango Ouattara,5,19,False
90,0,1,0,2,0,0,0,0,0,0,0,17,26.6,26.2,2.0,5.5,1,4,4,9,1,0.00,0.61,0.61,2.99,5,False,84,8,2025-26,Marcus Tavernier,4,8,False
90,0,0,0,3,0,0,0,1,0,0,0,13,18.8,3.4,1.0,2.3,6,6,5,17,1,0.01,0.01,0.02,4.44,3,False,85,8,2025-26,Tyler Adams,4,8,False
0,0,0,0,0,0,0,0,0,0,0,0,0,0.0,0.0,0.0,0.0,0,0,0,0,0,0.00,0.00,0.00,0.00,0,False,86,8,2025-26,David Brooks,4,8,False
23,1,0,0,2,0,0,0,1,0,0,0,19,38.2,0.1,35.0,7.3,3,2,0,5,0,0.63,0.00,0.63,2.68,5,False,87,8,2025-26,Ryan Christie,4,8,False
1,0,0,0,1,0,0,0,0,0,0,0,5,3.2,0.3,0.0,0.4,1,0,1,2,0,0.00,0.00,0.00,1.46,1,False,88,8,2025-26,Lewis Cook,4,8,False
0,0,0,0,0,0,0,0,0,0,0,0,0,0.0,0.0,0.0,0.0,0,0,0,0,0,0.00,0.00,0.00,0.00,0,False,89,8,2025-26,Philip Billing,4,8,False
66,0,0,0,1,0,0,0,0,0,0,0,8,6.6,11.3,3.0,2.1,2,1,1,4,1,0.05,0.03,0.08,1.76,2,False,90,8,2025-26,Alex Scott,4,8,False
0,0,0,0,0,0,0,0,0,0,0,0,0,0.0,0.0,0.0,0.0,0,0,0,0,0,0.00,0.00,0.00,0.00,0,False,91,8,2025-26,Luis Sinisterra Lucumí,4,8,False
0,0,0,0,0,0,0,0,0,0,0,0,0,0.0,0.0,0.0,0.0,0,0,0,0,0,0.00,0.00,0.00,0.00,0,False,92,8,2025-26,Romain Faivre,4,8,False
0,0,0,0,0,0,0,0,0,0,0,0,0,0.0,0.0,0.0,0.0,0,0,0,0,0,0.00,0.00,0.00,0.00,0,False,93,8,2025-26,Hamed Traorè,4,8,False
0,0,0,0,0,0,0,0,0,0,0,0,0,0.0,0.0,0.0,0.0,0,0,0,0,0,0.00,0.00,0.00,0.00,0,False,94,8,2025-26,Dominic Sadi,4,8,False
0,0,0,0,0,0,0,0,0,0,0,0,0,0.0,0.0,0.0,0.0,0,0,0,0,0,0.00,0.00,0.00,0.00,0,False,95,8,2025-26,Zain Silcott-Duberry,4,8,False
0,0,0,0,0,0,0,0,0,0,0,0,0,0.0,0.0,0.0,0.0,0,0,0,0,0,0.00,0.00,0.00,0.00,0,False,96,8,2025-26,Ben Winterburn,4,8,False
0,0,0,0,0,0,0,0,0,0,0,0,0,0.0,0.0,0.0,0.0,0,0,0,0,0,0.00,0.00,0.00,0.00,0,False,97,8,2025-26,Francisco Evanilson de Lima Barbosa,4,8,False
0,0,0,0,0,0,0,0,0,0,0,0,0,0.0,0.0,0.0,0.0,0,0,0,0,0,0.00,0.00,0.00,0.00,0,False,98,8,2025-26,Enes Ünal,4,8,False
0,0,0,0,0,0,0,0,0,0,0,0,0,0.0,0.0,0.0,0.0,0,0,0,0,0,0.00,0.00,0.00,0.00,0,False,99,8,2025-26,Daniel Adu-Adjei,4,8,False
74,2,0,0,2,0,0,0,0,0,0,2,59,70.6,2.6,54.0,12.7,4,3,0,7,1,1.18,0.01,1.19,2.49,12,False,100,8,2025-26,Junior Kroupi,4,8,False
90,0,0,1,0,0,0,0,0,0,1,0,25,8.4,0.0,0.0,0.8,0,5,0,0,1,0.00,0.00,0.00,0.33,6,False,101,8,2025-26,Caoimhín Kelleher,5,19,False
0,0,0,0,0,0,0,0,0,0,0,0,0,0.0,0.0,0.0,0.0,0,0,0,0,0,0.00,0.00,0.00,0.00,0,False,102,8,2025-26,Ellery Balcombe,5,19,False
0,0,0,0,0,0,0,0,0,0,0,0,0,0.0,0.0,0.0,0.0,0,0,0,0,0,0.00,0.00,0.00,0.00,0,False,103,8,2025-26,Matthew Cox,5,19,False
0,0,0,0,0,0,0,0,0,0,0,0,0,0.0,0.0,0.0,0.0,0,0,0,0,0,0.00,0.00,0.00,0.00,0,False,104,8,2025-26,Julian Eyestone,5,19,False
0,0,0,0,0,0,0,0,0,0,0,0,0,0.0,0.0,0.0,0.0,0,0,0,0,0,0.00,0.00,0.00,0.00,0,False,105,8,2025-26,Hákon Rafn Valdimarsson,5,19,False
90,0,0,1,0,0,0,0,0,0,0,1,29,26.8,0.9,8.0,3.6,9,2,2,11,1,0.06,0.00,0.06,0.33,9,False,106,8,2025-26,Nathan Collins,5,19,False
14,0,1,0,0,0,0,0,0,0,0,0,12,17.0,10.3,1.0,2.8,1,0,0,1,0,0.04,0.08,0.12,0.04,4,False,107,8,2025-26,Keane Lewis-Potter,5,19,False
90,0,0,1,0,0,0,0,0,0,0,0,26,16.2,1.2,17.0,3.4,4,4,4,8,1,0.16,0.02,0.18,0.33,6,False,108,8,2025-26,Kristoffer Ajer,5,19,False
0,0,0,0,0,0,0,0,0,0,0,0,0,0.0,0.0,0.0,0.0,0,0,0,0,0,0.00,0.00,0.00,0.00,0,False,109,8,2025-26,Rico Henry,5,19,False
90,0,0,1,0,0,0,0,0,0,0,3,36,28.8,92.1,4.0,12.5,2,4,0,2,1,0.00,0.81,0.81,0.33,9,False,110,8,2025-26,Michael Kayode,5,19,False
0,0,0,0,0,0,0,0,0,0,0,0,0,0.0,0.0,0.0,0.0,0,0,0,0,0,0.00,0.00,0.00,0.00,0,False,111,8,2025-26,Ethan Pinnock,5,19,False
0,0,0,0,0,0,0,0,0,0,0,0,0,0.0,0.0,0.0,0.0,0,0,0,0,0,0.00,0.00,0.00,0.00,0,False,112,8,2025-26,Mads Roerslev Rasmussen,5,19,False
90,0,0,1,0,0,0,0,0,0,0,0,26,18.8,0.8,4.0,2.4,9,2,0,9,1,0.09,0.00,0.09,0.33,6,False,113,8,2025-26,Sepp van den Berg,5,19,False
0,0,0,0,0,0,0,0,0,0,0,0,0,0.0,0.0,0.0,0.0,0,0,0,0,0,0.00,0.00,0.00,0.00,0,False,114,8,2025-26,Benjamin Arthur,5,19,False
0,0,0,0,0,0,0,0,0,0,0,0,0,0.0,0.0,0.0,0.0,0,0,0,0,0,0.00,0.00,0.00,0.00,0,False,115,8,2025-26,Benjamin Fredrick,5,19,False
0,0,0,0,0,0,0,0,0,0,0,0,0,0.0,0.0,0.0,0.0,0,0,0,0,0,0.00,0.00,0.00,0.00,0,False,116,8,2025-26,Aaron Hickey,5,19,False
0,0,0,0,0,0,0,0,0,0,0,0,0,0.0,0.0,0.0,0.0,0,0,0,0,0,0.00,0.00,0.00,0.00,0,False,117,8,2025-26,Kim Ji-soo,5,19,False
0,0,0,0,0,0,0,0,0,0,0,0,0,0.0,0.0,0.0,0.0,0,0,0,0,0,0.00,0.00,0.00,0.00,0,False,118,8,2025-26,Jayden Meghoma,5,19,False
90,1,0,0,1,0,0,0,0,0,0,2,26,37.6,15.5,39.0,9.2,1,1,0,2,1,0.38,0.32,0.70,2.75,9,False,119,8,2025-26,Bryan Mbeumo,14,12,False
90,0,1,1,0,0,0,0,0,0,0,0,19,23.2,13.3,49.0,8.6,3,4,1,8,1,0.32,0.14,0.46,0.33,6,False,120,8,2025-26,Kevin Schade,5,19,False
74,0,0,1,0,0,0,0,0,0,0,0,17,13.8,68.0,23.0,10.5,0,4,0,4,1,0.04,0.25,0.29,0.29,3,False,121,8,2025-26,Mikkel Damsgaard,5,19,False
0,0,0,0,0,0,0,0,0,0,0,0,0,0.0,0.0,0.0,0.0,0,0,0,0,0,0.00,0.00,0.00,0.00,0,False,122,8,2025-26,Antoni Milambo,5,19,False
0,0,0,0,0,0,0,0,0,0,0,0,0,0.0,0.0,0.0,0.0,0,0,0,0,0,0.00,0.00,0.00,0.00,0,False,123,8,2025-26,Fábio Freitas Gouveia Carvalho,5,19,False
89,0,0,1,0,0,0,0,1,0,0,0,14,6.8,25.6,2.0,3.4,3,6,0,9,1,0.00,0.24,0.24,0.29,2,False,124,8,2025-26,Jordan Henderson,5,19,False
15,0,0,0,0,0,0,0,0,0,0,0,1,0.4,0.3,0.0,0.1,2,0,0,2,0,0.00,0.00,0.00,0.04,1,False,125,8,2025-26,Vitaly Janelt,5,19,False
1,1,0,0,0,0,0,0,0,0,0,0,23,33.0,0.0,17.0,5.0,0,0,0,0,0,0.30,0.00,0.30,0.04,6,False,126,8,2025-26,Mathias Jensen,5,19,False
0,0,0,0,0,0,0,0,0,0,0,0,0,0.0,0.0,0.0,0.0,0,0,0,0,0,0.00,0.00,0.00,0.00,0,False,127,8,2025-26,Gustavo Nunes Fernandes Gomes,5,19,False
0,0,0,0,0,0,0,0,0,0,0,0,0,0.0,0.0,0.0,0.0,0,0,0,0,0,0.00,0.00,0.00,0.00,0,False,128,8,2025-26,Frank Onyeka,5,19,False
90,0,0,1,0,0,0,0,0,0,0,0,18,22.8,39.2,0.0,6.2,3,4,3,10,1,0.00,0.23,0.23,0.33,3,False,129,8,2025-26,Yehor Yarmoliuk,5,19,False
0,0,0,0,0,0,0,0,0,0,0,0,0,0.0,0.0,0.0,0.0,0,0,0,0,0,0.00,0.00,0.00,0.00,0,False,130,8,2025-26,Romelle Donovan,5,19,False
0,0,0,0,0,0,0,0,0,0,0,0,0,0.0,0.0,0.0,0.0,0,0,0,0,0,0.00,0.00,0.00,0.00,0,False,131,8,2025-26,Yunus Emre Konak,5,19,False
0,0,0,0,0,0,0,0,0,0,0,0,0,0.0,0.0,0.0,0.0,0,0,0,0,0,0.00,0.00,0.00,0.00,0,False,132,8,2025-26,Paris Maghoma,5,19,False
0,0,0,0,0,0,0,0,0,0,0,0,0,0.0,0.0,0.0,0.0,0,0,0,0,0,0.00,0.00,0.00,0.00,0,False,133,8,2025-26,Myles Peart-Harris,5,19,False
0,0,0,0,0,0,0,0,0,0,0,0,0,0.0,0.0,0.0,0.0,0,0,0,0,0,0.00,0.00,0.00,0.00,0,False,134,8,2025-26,Ryan Trevitt,5,19,False
0,0,0,0,0,0,0,0,0,0,0,0,0,0.0,0.0,0.0,0.0,0,0,0,0,0,0.00,0.00,0.00,0.00,0,False,135,8,2025-26,Yoane Wissa,15,6,False
90,1,0,1,0,0,0,0,0,0,0,2,33,43.2,8.9,92.0,14.4,1,3,1,5,1,0.84,0.02,0.86,0.33,8,False,136,8,2025-26,Igor Thiago Nascimento Rodrigues,5,19,False
0,0,0,0,0,0,0,0,0,0,0,0,0,0.0,0.0,0.0,0.0,0,0,0,0,0,0.00,0.00,0.00,0.00,0,False,137,8,2025-26,Iwan Morgan,5,19,False
0,0,0,0,0,0,0,0,0,0,0,0,0,0.0,0.0,0.0,0.0,0,0,0,0,0,0.00,0.00,0.00,0.00,0,False,138,8,2025-26,Jason Steele,6,15,True
90,0,0,0,1,0,0,0,0,0,2,0,12,19.6,0.0,0.0,2.0,1,10,0,0,1,0.00,0.00,0.00,1.45,2,False,139,8,2025-26,Bart Verbruggen,6,15,True
0,0,0,0,0,0,0,0,0,0,0,0,0,0.0,0.0,0.0,0.0,0,0,0,0,0,0.00,0.00,0.00,0.00,0,False,140,8,2025-26,Tom McGill,6,15,True
0,0,0,0,0,0,0,0,0,0,0,0,0,0.0,0.0,0.0,0.0,0,0,0,0,0,0.00,0.00,0.00,0.00,0,False,141,8,2025-26,Carl Rushworth,6,15,True
0,0,0,0,0,0,0,0,0,0,0,0,0,0.0,0.0,0.0,0.0,0,0,0,0,0,0.00,0.00,0.00,0.00,0,False,142,8,2025-26,Kjell Scherpen,6,15,True
0,0,0,0,0,0,0,0,0,0,0,0,0,0.0,0.0,0.0,0.0,0,0,0,0,0,0.00,0.00,0.00,0.00,0,False,143,8,2025-26,Olivier Boscagli,6,15,True
1,0,0,0,0,0,0,0,0,0,0,0,3,2.4,0.0,0.0,0.2,1,0,0,1,0,0.00,0.00,0.00,0.08,1,False,144,8,2025-26,Diego Coppola,6,15,True
54,0,0,0,1,0,0,0,0,0,0,0,3,8.8,6.2,17.0,3.2,2,4,1,3,0,0.02,0.01,0.03,1.27,1,False,145,8,2025-26,Maxim De Cuyper,6,15,True
90,0,0,0,1,0,0,0,0,0,0,0,13,15.6,1.2,5.0,2.2,7,2,1,8,1,0.02,0.01,0.03,1.45,2,False,146,8,2025-26,Lewis Dunk,6,15,True
0,0,0,0,0,0,0,0,0,0,0,0,0,0.0,0.0,0.0,0.0,0,0,0,0,0,0.00,0.00,0.00,0.00,0,False,147,8,2025-26,Pervis Estupiñán Tenorio,6,15,True
90,0,0,0,1,0,0,0,0,0,0,0,7,7.4,6.5,8.0,2.2,2,3,0,2,1,0.00,0.34,0.34,1.45,2,False,148,8,2025-26,Ferdi Kadıoğlu,6,15,True
0,0,0,0,0,0,0,0,0,0,0,0,0,0.0,0.0,0.0,0.0,0,0,0,0,0,0.00,0.00,0.00,0.00,0,False,149,8,2025-26,Igor Julio dos Santos de Paulo,6,15,True
0,0,0,0,0,0,0,0,0,0,0,0,0,0.0,0.0,0.0,0.0,0,0,0,0,0,0.00,0.00,0.00,0.00,0,False,150,8,2025-26,Tariq Lamptey,6,15,True
90,0,0,0,1,0,0,0,0,0,0,0,20,43.2,5.4,2.0,5.1,13,5,3,16,1,0.00,0.01,0.01,1.45,4,False,151,8,2025-26,Jan Paul van Hecke,6,15,True
0,0,0,0,0,0,0,0,0,0,0,0,0,0.0,0.0,0.0,0.0,0,0,0,0,0,0.00,0.00,0.00,0.00,0,False,152,8,2025-26,Joël Veltman,6,15,True
0,0,0,0,0,0,0,0,0,0,0,0,0,0.0,0.0,0.0,0.0,0,0,0,0,0,0.00,0.00,0.00,0.00,0,False,153,8,2025-26,Adam Webster,6,15,True
0,0,0,0,0,0,0,0,0,0,0,0,0,0.0,0.0,0.0,0.0,0,0,0,0,0,0.00,0.00,0.00,0.00,0,False,154,8,2025-26,Eiran Cashin,6,15,True
0,0,0,0,0,0,0,0,0,0,0,0,0,0.0,0.0,0.0,0.0,0,0,0,0,0,0.00,0.00,0.00,0.00,0,False,155,8,2025-26,Jacob Slater,6,15,True
0,0,0,0,0,0,0,0,0,0,0,0,0,0.0,0.0,0.0,0.0,0,0,0,0,0,0.00,0.00,0.00,0.00,0,False,156,8,2025-26,Charlie Tasker,6,15,True
0,0,0,0,0,0,0,0,0,0,0,0,0,0.0,0.0,0.0,0.0,0,0,0,0,0,0.00,0.00,0.00,0.00,0,False,157,8,2025-26,Mitoma Kaoru,6,15,True
70,0,1,1,0,0,0,0,0,0,0,1,25,32.4,25.3,14.0,7.2,2,4,2,8,1,0.05,0.28,0.33,0.70,7,False,158,8,2025-26,Georginio Rutter,6,15,True
0,0,0,0,0,0,0,0,0,0,0,0,0,0.0,0.0,0.0,0.0,0,0,0,0,0,0.00,0.00,0.00,0.00,0,False,159,8,2025-26,Solly March,6,15,True
89,0,0,0,1,0,0,0,0,0,0,0,12,11.6,19.0,24.0,5.5,1,5,5,11,1,0.11,0.27,0.38,1.37,2,False,160,8,2025-26,Yankuba Minteh,6,15,True
0,0,0,0,0,0,0,0,0,0,0,0,0,0.0,0.0,0.0,0.0,0,0,0,0,0,0.00,0.00,0.00,0.00,0,False,161,8,2025-26,Julio Enciso Espínola,6,15,True
0,0,0,0,0,0,0,0,0,0,0,0,0,0.0,0.0,0.0,0.0,0,0,0,0,0,0.00,0.00,0.00,0.00,0,False,162,8,2025-26,Brajan Gruda,6,15,True
0,0,0,0,0,0,0,0,0,0,0,0,0,0.0,0.0,0.0,0.0,0,0,0,0,0,0.00,0.00,0.00,0.00,0,False,163,8,2025-26,Jack Hinshelwood,6,15,True
0,0,0,0,0,0,0,0,0,0,0,0,0,0.0,0.0,0.0,0.0,0,0,0,0,0,0.00,0.00,0.00,0.00,0,False,164,8,2025-26,Matt O'Riley,6,15,True
0,0,0,0,0,0,0,0,0,0,0,0,0,0.0,0.0,0.0,0.0,0,0,0,0,0,0.00,0.00,0.00,0.00,0,False,165,8,2025-26,Abdallah Sima,6,15,True
90,0,0,0,1,0,0,0,0,0,0,0,15,13.6,34.3,11.0,5.9,1,2,2,5,1,0.08,0.02,0.10,1.45,2,False,166,8,2025-26,Yasin Ayari,6,15,True
70,0,0,1,0,0,0,0,0,0,0,0,13,3.8,8.0,3.0,1.5,2,2,1,5,1,0.03,0.12,0.15,0.70,3,False,167,8,2025-26,Carlos Baleba,6,15,True
0,0,0,0,0,0,0,0,0,0,0,0,0,0.0,0.0,0.0,0.0,0,0,0,0,0,0.00,0.00,0.00,0.00,0,False,168,8,2025-26,Facundo Buonanotte,11,3,False
35,0,0,0,0,0,0,0,0,0,0,0,5,3.6,11.1,8.0,2.3,0,3,1,4,1,0.00,0.01,0.01,0.18,1,False,169,8,2025-26,Diego Gómez Amarilla,6,15,True
19,0,0,0,1,0,0,0,0,0,0,0,1,1.2,0.1,0.0,0.1,2,1,0,3,0,0.00,0.00,0.00,0.75,1,False,170,8,2025-26,James Milner,6,15,True
0,0,0,0,0,0,0,0,0,0,0,0,0,0.0,0.0,0.0,0.0,0,0,0,0,0,0.00,0.00,0.00,0.00,0,False,171,8,2025-26,Jeremy Sarmiento Morante,6,15,True
0,0,0,0,0,0,0,0,0,0,0,0,0,0.0,0.0,0.0,0.0,0,0,0,0,0,0.00,0.00,0.00,0.00,0,False,172,8,2025-26,Tom Watson,6,15,True
90,0,1,0,1,0,0,0,0,0,0,0,23,21.8,2.9,8.0,3.3,5,5,3,13,1,0.03,0.01,0.04,1.45,7,False,173,8,2025-26,Mats Wieffer,6,15,True
0,0,0,0,0,0,0,0,0,0,0,0,0,0.0,0.0,0.0,0.0,0,0,0,0,0,0.00,0.00,0.00,0.00,0,False,174,8,2025-26,Malick Yalcouyé,6,15,True
0,0,0,0,0,0,0,0,0,0,0,0,0,0.0,0.0,0.0,0.0,0,0,0,0,0,0.00,0.00,0.00,0.00,0,False,175,8,2025-26,Joe Knight,6,15,True
0,0,0,0,0,0,0,0,0,0,0,0,0,0.0,0.0,0.0,0.0,0,0,0,0,0,0.00,0.00,0.00,0.00,0,False,176,8,2025-26,Adrian Mazilu,6,15,True
0,0,0,0,0,0,0,0,0,0,0,0,0,0.0,0.0,0.0,0.0,0,0,0,0,0,0.00,0.00,0.00,0.00,0,False,177,8,2025-26,Andrew Moran,6,15,True
89,2,0,0,1,0,0,0,0,0,0,3,69,77.2,33.1,28.0,13.8,0,2,2,4,1,0.58,0.07,0.65,1.37,13,True,178,8,2025-26,Danny Welbeck,6,15,True
0,0,0,0,0,0,0,0,0,0,0,0,0,0.0,0.0,0.0,0.0,0,0,0,0,0,0.00,0.00,0.00,0.00,0,False,179,8,2025-26,Evan Ferguson,6,15,True
19,0,0,0,1,0,0,0,0,0,0,0,2,2.0,0.0,0.0,0.2,1,2,0,3,0,0.00,0.00,0.00,0.75,1,False,180,8,2025-26,Stefanos Tzimas,6,15,True
1,0,0,0,0,0,0,0,0,0,0,0,3,1.0,0.1,0.0,0.1,0,0,0,0,0,0.00,0.00,0.00,0.08,1,False,181,8,2025-26,Charalampos Kostoulas,6,15,True
0,0,0,0,0,0,0,0,0,0,0,0,0,0.0,0.0,0.0,0.0,0,0,0,0,0,0.00,0.00,0.00,0.00,0,False,182,8,2025-26,James Trafford,13,9,True
0,0,0,0,0,0,0,0,0,0,0,0,0,0.0,0.0,0.0,0.0,0,0,0,0,0,0.00,0.00,0.00,0.00,0,False,183,8,2025-26,Max Weiß,3,11,True
0,0,0,0,0,0,0,0,0,0,0,0,0,0.0,0.0,0.0,0.0,0,0,0,0,0,0.00,0.00,0.00,0.00,0,False,184,8,2025-26,Etienne Green,3,11,True
0,0,0,0,0,0,0,0,0,0,0,0,0,0.0,0.0,0.0,0.0,0,0,0,0,0,0.00,0.00,0.00,0.00,0,False,185,8,2025-26,Václav Hladký,3,11,True
0,0,0,0,0,0,0,0,0,0,0,0,0,0.0,0.0,0.0,0.0,0,0,0,0,0,0.00,0.00,0.00,0.00,0,False,186,8,2025-26,Connor Roberts,3,11,True
90,0,1,1,0,0,0,0,0,0,0,3,42,37.4,15.0,0.0,5.2,11,8,1,12,1,0.00,0.16,0.16,2.63,14,True,187,8,2025-26,Kyle Walker,3,11,True
0,0,0,0,0,0,0,0,0,0,0,0,0,0.0,0.0,0.0,0.0,0,0,0,0,0,0.00,0.00,0.00,0.00,0,False,188,8,2025-26,Hannes Delcroix,3,11,True
0,0,0,0,0,0,0,0,0,0,0,0,0,0.0,0.0,0.0,0.0,0,0,0,0,0,0.00,0.00,0.00,0.00,0,False,189,8,2025-26,Owen Dodgson,3,11,True
0,0,0,0,0,0,0,0,0,0,0,0,0,0.0,0.0,0.0,0.0,0,0,0,0,0,0.00,0.00,0.00,0.00,0,False,190,8,2025-26,Hjalmar Ekdal,3,11,True
90,0,0,1,0,0,0,0,0,0,0,0,26,25.4,0.3,0.0,2.6,12,3,2,14,1,0.00,0.00,0.00,2.63,8,False,191,8,2025-26,Maxime Estève,3,11,True
90,0,0,1,0,0,0,0,0,0,0,0,26,16.4,0.9,0.0,1.7,4,2,4,8,1,0.00,0.01,0.01,2.63,6,False,192,8,2025-26,Quilindschy Hartman,3,11,True
0,0,0,0,0,0,0,0,0,0,0,0,0,0.0,0.0,0.0,0.0,0,0,0,0,0,0.00,0.00,0.00,0.00,0,False,193,8,2025-26,Bashir Humphreys,3,11,True
0,0,0,0,0,0,0,0,0,0,0,0,0,0.0,0.0,0.0,0.0,0,0,0,0,0,0.00,0.00,0.00,0.00,0,False,194,8,2025-26,Jordan Beyer,3,11,True
0,0,0,0,0,0,0,0,0,0,0,0,0,0.0,0.0,0.0,0.0,0,0,0,0,0,0.00,0.00,0.00,0.00,0,False,195,8,2025-26,Lucas Pires Silva,3,11,True
0,0,0,0,0,0,0,0,0,0,0,0,0,0.0,0.0,0.0,0.0,0,0,0,0,0,0.00,0.00,0.00,0.00,0,False,196,8,2025-26,Shurandy Sambo,3,11,True
0,0,0,0,0,0,0,0,0,0,0,0,0,0.0,0.0,0.0,0.0,0,0,0,0,0,0.00,0.00,0.00,0.00,0,False,197,8,2025-26,Oliver Sonne,3,11,True
90,0,0,1,0,0,0,0,0,0,0,0,23,18.4,0.3,0.0,1.9,11,2,0,11,1,0.00,0.00,0.00,2.63,8,False,198,8,2025-26,Axel Tuanzebe,3,11,True
0,0,0,0,0,0,0,0,0,0,0,0,0,0.0,0.0,0.0,0.0,0,0,0,0,0,0.00,0.00,0.00,0.00,0,False,199,8,2025-26,Joe Worrall,3,11,True
82,0,0,1,0,0,0,0,1,0,0,0,2,0.0,1.9,0.0,0.1,1,6,0,7,1,0.00,0.00,0.00,2.29,2,False,200,8,2025-26,Jaidon Anthony,3,11,True
0,0,0,0,0,0,0,0,0,0,0,0,0,0.0,0.0,0.0,0.0,0,0,0,0,0,0.00,0.00,0.00,0.00,0,False,201,8,2025-26,Manuel Benson Hedilazio,3,11,True
57,0,0,0,0,0,0,0,0,0,0,0,4,5.2,2.4,11.0,1.9,0,0,0,0,1,0.03,0.01,0.04,0.58,1,False,202,8,2025-26,Jacob Bruun Larsen,3,11,True
0,0,0,0,0,0,0,0,0,0,0,0,0,0.0,0.0,0.0,0.0,0,0,0,0,0,0.00,0.00,0.00,0.00,0,False,203,8,2025-26,Enock Agyei,3,11,True
0,0,0,0,0,0,0,0,0,0,0,0,0,0.0,0.0,0.0,0.0,0,0,0,0,0,0.00,0.00,0.00,0.00,0,False,204,8,2025-26,Darko Churlinov,3,11,True
90,0,0,1,0,0,0,0,0,0,0,0,12,10.4,17.2,0.0,2.8,5,2,0,7,1,0.00,0.02,0.02,2.63,3,False,205,8,2025-26,Josh Cullen,3,11,True
0,0,0,0,0,0,0,0,0,0,0,0,0,0.0,0.0,0.0,0.0,0,0,0,0,0,0.00,0.00,0.00,0.00,0,False,206,8,2025-26,Marcus Edwards,3,11,True
7,0,0,0,0,0,0,0,1,0,0,0,4,5.0,0.0,0.0,0.5,0,0,3,3,0,0.00,0.00,0.00,0.34,0,False,207,8,2025-26,Hannibal Mejbri,3,11,True
0,0,0,0,0,0,0,0,0,0,0,0,0,0.0,0.0,0.0,0.0,0,0,0,0,0,0.00,0.00,0.00,0.00,0,False,208,8,2025-26,Luca Koleosho,3,11,True
13,0,0,0,0,0,0,0,0,0,0,0,4,2.0,0.0,0.0,0.2,2,0,0,2,0,0.00,0.00,0.00,1.22,1,False,209,8,2025-26,Josh Laurent,3,11,True
32,1,0,0,0,0,0,0,0,0,0,0,22,36.2,0.3,7.0,4.4,3,0,0,3,0,0.03,0.00,0.03,2.04,6,False,210,8,2025-26,Loum Tchaouna,3,11,True
0,0,0,0,0,0,0,0,0,0,0,0,0,0.0,0.0,0.0,0.0,0,0,0,0,0,0.00,0.00,0.00,0.00,0,False,211,8,2025-26,Aaron Ramsey,3,11,True
0,0,0,0,0,0,0,0,0,0,0,0,0,0.0,0.0,0.0,0.0,0,0,0,0,0,0.00,0.00,0.00,0.00,0,False,212,8,2025-26,Oluwaseun Adewumi,3,11,True
0,0,0,0,0,0,0,0,0,0,0,0,0,0.0,0.0,0.0,0.0,0,0,0,0,0,0.00,0.00,0.00,0.00,0,False,213,8,2025-26,Jaydon Banel,3,11,True
0,0,0,0,0,0,0,0,0,0,0,0,0,0.0,0.0,0.0,0.0,0,0,0,0,0,0.00,0.00,0.00,0.00,0,False,214,8,2025-26,Mike Trésor Ndayishimiye,3,11,True
76,0,0,1,0,0,0,0,0,0,0,0,5,9.4,0.5,0.0,1.0,5,0,1,6,1,0.00,0.00,0.00,1.40,2,False,215,8,2025-26,Zian Flemming,3,11,True
0,0,0,0,0,0,0,0,0,0,0,0,0,0.0,0.0,0.0,0.0,0,0,0,0,0,0.00,0.00,0.00,0.00,0,False,216,8,2025-26,Zeki Amdouni,3,11,True
0,0,0,0,0,0,0,0,0,0,0,0,0,0.0,0.0,0.0,0.0,0,0,0,0,0,0.00,0.00,0.00,0.00,0,False,217,8,2025-26,Lyle Foster,3,11,True
7,0,0,0,0,0,0,0,0,0,0,0,3,0.2,0.3,0.0,0.1,0,1,0,1,0,0.00,0.00,0.00,0.34,1,False,218,8,2025-26,Ashley Barnes,3,11,True
0,0,0,0,0,0,0,0,0,0,0,0,0,0.0,0.0,0.0,0.0,0,0,0,0,0,0.00,0.00,0.00,0.00,0,False,219,8,2025-26,Michael Obafemi,3,11,True
90,0,0,1,0,0,0,0,1,0,2,0,24,22.4,0.0,0.0,2.2,1,10,0,0,1,0.00,0.01,0.01,2.35,5,False,220,8,2025-26,Robert Lynch Sánchez,7,16,False
0,0,0,0,0,0,0,0,0,0,0,0,0,0.0,0.0,0.0,0.0,0,0,0,0,0,0.00,0.00,0.00,0.00,0,False,221,8,2025-26,Filip Jörgensen,7,16,False
0,0,0,0,0,0,0,0,0,0,0,0,0,0.0,0.0,0.0,0.0,0,0,0,0,0,0.00,0.00,0.00,0.00,0,False,222,8,2025-26,Mike Penders,7,16,False
0,0,0,0,0,0,0,0,0,0,0,0,0,0.0,0.0,0.0,0.0,0,0,0,0,0,0.00,0.00,0.00,0.00,0,False,223,8,2025-26,Gabriel Słonina,7,16,False
90,0,0,1,0,0,0,0,0,0,0,0,31,25.6,14.8,0.0,4.0,7,4,4,11,1,0.00,0.01,0.01,2.35,8,False,224,8,2025-26,Marc Cucurella Saseta,7,16,False
90,1,1,1,0,0,0,0,0,0,0,3,53,65.4,28.0,26.0,11.9,2,5,1,3,1,0.21,0.03,0.24,2.35,18,True,225,8,2025-26,Reece James,7,16,False
90,0,0,1,0,0,0,0,0,0,0,0,31,15.0,10.5,0.0,2.6,5,5,1,6,1,0.00,0.00,0.00,2.35,6,False,226,8,2025-26,Trevoh Chalobah,7,16,False
0,0,0,0,0,0,0,0,0,0,0,0,0,0.0,0.0,0.0,0.0,0,0,0,0,0,0.00,0.00,0.00,0.00,0,False,227,8,2025-26,Levi Samuels Colwill,7,16,False
86,0,0,1,0,0,0,0,0,1,0,0,15,0.0,28.6,8.0,3.6,2,3,1,3,1,0.03,0.15,0.18,2.07,3,False,228,8,2025-26,Malo Gusto,7,16,False
0,0,0,0,0,0,0,0,0,0,0,0,0,0.0,0.0,0.0,0.0,0,0,0,0,0,0.00,0.00,0.00,0.00,0,False,229,8,2025-26,Benoît Badiashile Mukinayi,7,16,False
0,0,0,0,0,0,0,0,0,0,0,0,0,0.0,0.0,0.0,0.0,0,0,0,0,0,0.00,0.00,0.00,0.00,0,False,230,8,2025-26,Wesley Fofana,7,16,False
0,0,0,0,0,0,0,0,0,0,0,0,0,0.0,0.0,0.0,0.0,0,0,0,0,0,0.00,0.00,0.00,0.00,0,False,231,8,2025-26,Mamadou Sarr,7,16,False
9,0,0,0,0,0,0,0,0,0,0,0,3,0.2,0.0,0.0,0.0,0,0,0,0,0,0.00,0.00,0.00,0.28,1,False,232,8,2025-26,Tosin Adarabioyo,7,16,False
80,1,0,1,0,0,0,0,0,0,0,2,50,47.0,0.5,50.0,9.8,7,6,0,7,1,0.51,0.00,0.51,2.07,14,True,233,8,2025-26,Josh Acheampong,7,16,False
0,0,0,0,0,0,0,0,0,0,0,0,0,0.0,0.0,0.0,0.0,0,0,0,0,0,0.00,0.00,0.00,0.00,0,False,234,8,2025-26,Aarón Anselmino,7,16,False
0,0,0,0,0,0,0,0,0,0,0,0,0,0.0,0.0,0.0,0.0,0,0,0,0,0,0.00,0.00,0.00,0.00,0,False,235,8,2025-26,Cole Palmer,7,16,False
77,1,1,1,0,0,0,0,0,0,0,1,46,66.6,59.1,29.0,15.5,0,2,0,2,1,0.17,0.73,0.90,2.07,12,True,236,8,2025-26,Pedro Lomba Neto,7,16,False
0,0,0,0,0,0,0,0,0,0,0,0,0,0.0,0.0,0.0,0.0,0,0,0,0,0,0.00,0.00,0.00,0.00,0,False,237,8,2025-26,Enzo Fernández,7,16,False
12,0,1,0,0,0,0,0,1,0,0,0,9,3.0,0.3,10.0,1.3,1,2,1,4,0,0.08,0.00,0.08,0.28,3,False,238,8,2025-26,Estêvão Almeida de Oliveira Gonçalves,7,16,False
45,0,0,0,0,0,0,0,0,0,0,0,2,4.6,1.2,0.0,0.6,2,2,1,5,0,0.00,0.01,0.01,1.82,1,False,239,8,2025-26,Jamie Bynoe-Gittens,7,16,False
0,0,0,0,0,0,0,0,0,0,0,0,0,0.0,0.0,0.0,0.0,0,0,0,0,0,0.00,0.00,0.00,0.00,0,False,240,8,2025-26,Christopher Nkunku,7,16,False
45,0,0,0,0,0,0,0,0,0,0,0,5,8.6,0.8,0.0,0.9,3,3,0,6,0,0.00,0.01,0.01,1.82,1,False,241,8,2025-26,Moisés Caicedo Corozo,7,16,False
85,0,0,0,2,0,0,0,0,0,0,0,8,4.0,4.1,0.0,0.8,0,2,1,3,1,0.00,0.03,0.03,1.52,2,False,242,8,2025-26,Kiernan Dewsbury-Hall,9,13,False
0,0,0,0,0,0,0,0,0,0,0,0,0,0.0,0.0,0.0,0.0,0,0,0,0,0,0.00,0.00,0.00,0.00,0,False,243,8,2025-26,Tyrique George,9,13,False
45,0,0,0,0,0,0,0,0,0,0,0,10,0.0,3.8,0.0,0.3,1,1,1,3,1,0.00,0.01,0.01,0.53,1,False,244,8,2025-26,Roméo Lavia,7,16,False
0,0,0,0,0,0,0,0,0,0,0,0,0,0.0,0.0,0.0,0.0,0,0,0,0,0,0.00,0.00,0.00,0.00,0,False,245,8,2025-26,Mykhailo Mudryk,7,16,False
45,0,0,0,0,0,0,0,0,0,0,0,-2,3.6,0.6,10.0,1.4,1,2,4,7,1,0.29,0.00,0.29,0.53,1,False,246,8,2025-26,Andrey Nascimento dos Santos,7,16,False
0,0,0,0,0,0,0,0,0,0,0,0,0,0.0,0.0,0.0,0.0,0,0,0,0,0,0.00,0.00,0.00,0.00,0,False,247,8,2025-26,Dário Luís Essugo,7,16,False
0,0,0,0,0,0,0,0,0,0,0,0,0,0.0,0.0,0.0,0.0,0,0,0,0,0,0.00,0.00,0.00,0.00,0,False,248,8,2025-26,Kendry Páez Andrade,7,16,False
90,0,0,1,0,0,0,0,0,0,0,0,11,5.2,27.2,6.0,3.8,0,3,0,3,1,0.04,0.21,0.25,2.35,2,False,249,8,2025-26,João Pedro Junqueira de Jesus,7,16,False
0,0,0,0,0,0,0,0,0,0,0,0,0,0.0,0.0,0.0,0.0,0,0,0,0,0,0.00,0.00,0.00,0.00,0,False,250,8,2025-26,Liam Delap,7,16,False
0,0,0,0,0,0,0,0,0,0,0,0,0,0.0,0.0,0.0,0.0,0,0,0,0,0,0.00,0.00,0.00,0.00,0,False,251,8,2025-26,Nicolas Jackson,7,16,False
45,0,0,0,0,0,0,0,0,0,0,0,-6,0.0,1.3,12.0,0.8,1,1,0,2,0,0.34,0.00,0.34,1.82,1,False,252,8,2025-26,Marc Guiu Paz,7,16,False
90,0,0,0,3,0,0,0,0,0,2,0,1,15.0,0.0,0.0,1.5,0,7,0,0,1,0.00,0.02,0.02,2.03,1,False,253,8,2025-26,Dean Henderson,8,4,True
0,0,0,0,0,0,0,0,0,0,0,0,0,0.0,0.0,0.0,0.0,0,0,0,0,0,0.00,0.00,0.00,0.00,0,False,254,8,2025-26,Walter Benítez,8,4,True
0,0,0,0,0,0,0,0,0,0,0,0,0,0.0,0.0,0.0,0.0,0,0,0,0,0,0.00,0.00,0.00,0.00,0,False,255,8,2025-26,Remi Matthews,8,4,True
90,0,2,0,3,0,0,0,0,0,0,1,28,39.4,22.4,21.0,8.3,6,3,5,11,1,0.04,0.57,0.61,2.03,10,False,256,8,2025-26,Daniel Muñoz Mejía,8,4,True
90,0,0,0,3,0,0,0,0,0,0,0,7,17.4,0.7,9.0,2.7,6,7,1,7,1,0.03,0.02,0.05,2.03,1,False,257,8,2025-26,Maxence Lacroix,8,4,True
90,0,0,0,3,0,0,0,0,0,0,0,2,16.6,2.4,9.0,2.8,5,8,2,7,1,0.06,0.02,0.08,2.03,1,False,258,8,2025-26,Tyrick Mitchell,8,4,True
0,0,0,0,0,0,0,0,0,0,0,0,0,0.0,0.0,0.0,0.0,0,0,0,0,0,0.00,0.00,0.00,0.00,0,False,259,8,2025-26,Borna Sosa,8,4,True
90,0,1,0,3,0,0,0,0,0,0,0,17,15.8,35.3,16.0,6.7,5,5,1,6,1,0.21,0.40,0.61,2.03,4,False,260,8,2025-26,Marc Guéhi,13,9,True
90,0,0,0,3,0,0,0,0,0,0,0,7,33.0,14.8,7.0,5.5,11,1,4,15,1,0.03,0.16,0.19,2.03,3,False,261,8,2025-26,Chris Richards,8,4,True
0,0,0,0,0,0,0,0,0,0,0,0,0,0.0,0.0,0.0,0.0,0,0,0,0,0,0.00,0.00,0.00,0.00,0,False,262,8,2025-26,Chadi Riad Dnanou,8,4,True
0,0,0,0,0,0,0,0,0,0,0,0,0,0.0,0.0,0.0,0.0,0,0,0,0,0,0.00,0.00,0.00,0.00,0,False,263,8,2025-26,Nathaniel Clyne,8,4,True
0,0,0,0,0,0,0,0,0,0,0,0,0,0.0,0.0,0.0,0.0,0,0,0,0,0,0.00,0.00,0.00,0.00,0,False,264,8,2025-26,Rob Holding,8,4,True
0,0,0,0,0,0,0,0,0,0,0,0,0,0.0,0.0,0.0,0.0,0,0,0,0,0,0.00,0.00,0.00,0.00,0,False,265,8,2025-26,Caleb Kporha,8,4,True
61,0,0,1,0,0,0,0,0,0,0,0,9,6.2,21.0,4.0,3.1,1,1,0,2,1,0.01,0.03,0.04,0.40,3,False,266,8,2025-26,Eberechi Eze,1,10,False
90,0,0,0,3,0,0,0,0,0,0,0,7,7.0,12.1,17.0,3.6,2,4,1,7,1,0.30,0.01,0.31,2.03,2,False,267,8,2025-26,Ismaïla Sarr,8,4,True
0,0,0,0,0,0,0,0,0,0,0,0,0,0.0,0.0,0.0,0.0,0,0,0,0,0,0.00,0.00,0.00,0.00,0,False,268,8,2025-26,Cheick Doucouré,8,4,True
0,0,0,0,0,0,0,0,0,0,0,0,0,0.0,0.0,0.0,0.0,0,0,0,0,0,0.00,0.00,0.00,0.00,0,False,269,8,2025-26,Romain Esse,8,4,True
0,0,0,0,0,0,0,0,0,0,0,0,0,0.0,0.0,0.0,0.0,0,0,0,0,0,0.00,0.00,0.00,0.00,0,False,270,8,2025-26,Will Hughes,8,4,True
90,0,0,0,3,0,0,0,0,0,0,0,18,7.6,18.1,2.0,2.8,0,5,4,9,1,0.00,0.28,0.28,2.03,2,False,271,8,2025-26,Daichi Kamada,8,4,True
0,0,0,0,0,0,0,0,0,0,0,0,0,0.0,0.0,0.0,0.0,0,0,0,0,0,0.00,0.00,0.00,0.00,0,False,272,8,2025-26,Jefferson Lerma Solís,8,4,True
90,0,0,0,3,0,0,0,0,0,0,0,10,13.6,32.5,4.0,5.0,1,5,2,8,1,0.09,0.34,0.43,2.03,2,False,273,8,2025-26,Adam Wharton,8,4,True
0,0,0,0,0,0,0,0,0,0,0,0,0,0.0,0.0,0.0,0.0,0,0,0,0,0,0.00,0.00,0.00,0.00,0,False,274,8,2025-26,Asher Agbinone,8,4,True
0,0,0,0,0,0,0,0,0,0,0,0,0,0.0,0.0,0.0,0.0,0,0,0,0,0,0.00,0.00,0.00,0.00,0,False,275,8,2025-26,Naouirou Ahamada,8,4,True
0,0,0,0,0,0,0,0,0,0,0,0,0,0.0,0.0,0.0,0.0,0,0,0,0,0,0.00,0.00,0.00,0.00,0,False,276,8,2025-26,Justin Devenny,8,4,True
0,0,0,0,0,0,0,0,0,0,0,0,0,0.0,0.0,0.0,0.0,0,0,0,0,0,0.00,0.00,0.00,0.00,0,False,277,8,2025-26,Malcolm Ebiowei,8,4,True
0,0,0,0,0,0,0,0,0,0,0,0,0,0.0,0.0,0.0,0.0,0,0,0,0,0,0.00,0.00,0.00,0.00,0,False,278,8,2025-26,Jesurun Rak-Sakyi,8,4,True
0,0,0,0,0,0,0,0,0,0,0,0,0,0.0,0.0,0.0,0.0,0,0,0,0,0,0.00,0.00,0.00,0.00,0,False,279,8,2025-26,Matheus França de Oliveira,8,4,True
0,0,0,0,0,0,0,0,0,0,0,0,0,0.0,0.0,0.0,0.0,0,0,0,0,0,0.00,0.00,0.00,0.00,0,False,280,8,2025-26,David Ozoh,8,4,True
0,0,0,0,0,0,0,0,0,0,0,0,0,0.0,0.0,0.0,0.0,0,0,0,0,0,0.00,0.00,0.00,0.00,0,False,281,8,2025-26,Kaden Rodney,8,4,True
0,0,0,0,0,0,0,0,0,0,0,0,0,0.0,0.0,0.0,0.0,0,0,0,0,0,0.00,0.00,0.00,0.00,0,False,282,8,2025-26,Franco Umeh-Chibueze,8,4,True
90,3,0,0,3,0,0,0,0,0,0,3,66,103.8,9.1,138.0,25.1,0,2,2,4,1,3.67,0.03,3.70,2.03,17,True,283,8,2025-26,Jean-Philippe Mateta,8,4,True
26,0,0,0,1,0,0,0,0,0,0,0,3,3.2,13.5,9.0,2.6,2,1,0,3,0,0.04,0.35,0.39,0.65,1,False,284,8,2025-26,Eddie Nketiah,8,4,True
0,0,0,0,0,0,0,0,0,0,0,0,0,0.0,0.0,0.0,0.0,0,0,0,0,0,0.00,0.00,0.00,0.00,0,False,285,8,2025-26,Odsonne Édouard,8,4,True
0,0,0,0,0,0,0,0,0,0,0,0,0,0.0,0.0,0.0,0.0,0,0,0,0,0,0.00,0.00,0.00,0.00,0,False,286,8,2025-26,Zach Marsh,8,4,True
90,0,0,0,2,0,0,0,0,0,5,0,14,44.0,0.0,0.0,4.4,1,4,0,0,1,0.00,0.02,0.02,2.39,2,False,287,8,2025-26,Jordan Pickford,9,13,False
0,0,0,0,0,0,0,0,0,0,0,0,0,0.0,0.0,0.0,0.0,0,0,0,0,0,0.00,0.00,0.00,0.00,0,False,288,8,2025-26,Mark Travers,9,13,False
0,0,0,0,0,0,0,0,0,0,0,0,0,0.0,0.0,0.0,0.0,0,0,0,0,0,0.00,0.00,0.00,0.00,0,False,289,8,2025-26,Harry Tyrer,9,13,False
0,0,0,0,0,0,0,0,0,0,0,0,0,0.0,0.0,0.0,0.0,0,0,0,0,0,0.00,0.00,0.00,0.00,0,False,290,8,2025-26,Jarrad Branthwaite,9,13,False
90,0,0,0,2,0,0,0,0,0,0,0,8,27.2,0.0,2.0,2.9,11,1,2,13,1,0.00,0.00,0.00,2.39,3,False,291,8,2025-26,James Tarkowski,9,13,False
90,0,0,0,2,0,0,0,0,0,0,0,-2,8.6,1.4,0.0,1.0,3,3,1,4,1,0.00,0.08,0.08,2.39,1,False,292,8,2025-26,Vitalii Mykolenko,9,13,False
90,0,0,0,2,0,0,0,0,0,0,0,-1,8.4,11.3,0.0,2.0,4,3,0,4,1,0.00,0.00,0.00,2.39,1,False,293,8,2025-26,Jake O'Brien,9,13,False
0,0,0,0,0,0,0,0,0,0,0,0,0,0.0,0.0,0.0,0.0,0,0,0,0,0,0.00,0.00,0.00,0.00,0,False,294,8,2025-26,Séamus Coleman,9,13,False
90,0,0,0,2,0,0,0,0,0,0,0,1,19.2,0.8,0.0,2.0,6,4,0,6,1,0.00,0.01,0.01,2.39,1,False,295,8,2025-26,Michael Keane,9,13,False
0,0,0,0,0,0,0,0,0,0,0,0,0,0.0,0.0,0.0,0.0,0,0,0,0,0,0.00,0.00,0.00,0.00,0,False,296,8,2025-26,Nathan Patterson,9,13,False
0,0,0,0,0,0,0,0,0,0,0,0,0,0.0,0.0,0.0,0.0,0,0,0,0,0,0.00,0.00,0.00,0.00,0,False,297,8,2025-26,Roman Dixon,9,13,False
0,0,0,0,0,0,0,0,0,0,0,0,0,0.0,0.0,0.0,0.0,0,0,0,0,0,0.00,0.00,0.00,0.00,0,False,298,8,2025-26,Reece Welch,9,13,False
85,0,0,0,2,0,0,0,0,0,0,0,20,20.4,26.7,23.0,7.0,2,11,4,17,1,0.04,0.56,0.60,1.52,4,False,299,8,2025-26,Iliman Ndiaye,9,13,False
4,0,0,0,0,0,0,0,0,0,0,0,2,0.0,0.2,0.0,0.0,0,0,0,0,0,0.00,0.00,0.00,0.86,1,False,300,8,2025-26,Dwight McNeil,9,13,False
69,0,0,0,2,0,0,0,0,0,0,0,7,0.0,2.8,4.0,0.7,0,3,0,3,1,0.01,0.03,0.04,1.30,2,False,301,8,2025-26,Carlos Alcaraz Durán,9,13,False
69,0,0,0,2,0,0,0,0,0,0,0,11,8.8,3.3,2.0,1.4,2,1,3,6,1,0.00,0.02,0.02,1.30,2,False,302,8,2025-26,Idrissa Gana Gueye,9,13,False
90,0,0,0,2,0,0,0,1,0,0,0,11,16.8,2.1,5.0,2.4,9,2,2,13,1,0.12,0.01,0.13,2.39,3,False,303,8,2025-26,James Garner,9,13,False
20,0,0,0,0,0,0,0,0,0,0,0,6,11.4,3.4,0.0,1.5,1,1,3,5,0,0.00,0.01,0.01,1.09,1,False,304,8,2025-26,Tim Iroegbunam,9,13,False
0,0,0,0,0,0,0,0,0,0,0,0,0,0.0,0.0,0.0,0.0,0,0,0,0,0,0.00,0.00,0.00,0.00,0,False,305,8,2025-26,Harrison Armstrong,9,13,False
0,0,0,0,0,0,0,0,0,0,0,0,0,0.0,0.0,0.0,0.0,0,0,0,0,0,0.00,0.00,0.00,0.00,0,False,306,8,2025-26,Callum Bates,9,13,False
0,0,0,0,0,0,0,0,0,0,0,0,0,0.0,0.0,0.0,0.0,0,0,0,0,0,0.00,0.00,0.00,0.00,0,False,307,8,2025-26,Coby Ebere,9,13,False
0,0,0,0,0,0,0,0,0,0,0,0,0,0.0,0.0,0.0,0.0,0,0,0,0,0,0.00,0.00,0.00,0.00,0,False,308,8,2025-26,Isaac Heath,9,13,False
0,0,0,0,0,0,0,0,0,0,0,0,0,0.0,0.0,0.0,0.0,0,0,0,0,0,0.00,0.00,0.00,0.00,0,False,309,8,2025-26,Jenson Metcalfe,9,13,False
15,0,0,0,0,0,0,0,0,0,0,0,3,2.0,0.5,0.0,0.3,1,0,0,1,0,0.00,0.00,0.00,1.05,1,False,310,8,2025-26,Thierno Barry,9,13,False
74,0,0,0,2,0,0,0,0,0,0,0,0,0.2,2.3,15.0,1.8,1,2,1,4,1,0.60,0.01,0.61,1.33,2,False,311,8,2025-26,Norberto Bercique Gomes Betuncal,9,13,False
0,0,0,0,0,0,0,0,0,0,0,0,0,0.0,0.0,0.0,0.0,0,0,0,0,0,0.00,0.00,0.00,0.00,0,False,312,8,2025-26,Youssef Ramalho Chermiti,9,13,False
0,0,0,0,0,0,0,0,0,0,0,0,0,0.0,0.0,0.0,0.0,0,0,0,0,0,0.00,0.00,0.00,0.00,0,False,313,8,2025-26,Martin Sherif,9,13,False
90,0,0,0,1,0,0,0,0,0,4,0,19,36.6,0.0,0.0,3.7,2,14,0,0,1,0.00,0.00,0.00,1.87,3,False,314,8,2025-26,Bernd Leno,10,1,True
0,0,0,0,0,0,0,0,0,0,0,0,0,0.0,0.0,0.0,0.0,0,0,0,0,0,0.00,0.00,0.00,0.00,0,False,315,8,2025-26,Steven Benda,10,1,True
0,0,0,0,0,0,0,0,0,0,0,0,0,0.0,0.0,0.0,0.0,0,0,0,0,0,0.00,0.00,0.00,0.00,0,False,316,8,2025-26,Antonee Robinson,10,1,True
41,0,0,0,0,0,0,0,0,0,0,0,6,11.4,0.2,0.0,1.2,4,3,0,4,1,0.00,0.00,0.00,0.55,1,False,317,8,2025-26,Joachim Andersen,10,1,True
8,0,0,0,0,0,0,0,0,0,0,0,4,5.6,0.3,2.0,0.8,4,2,0,4,0,0.00,0.00,0.00,0.57,1,False,318,8,2025-26,Calvin Bassey,10,1,True
90,0,0,0,1,0,0,0,0,0,0,0,10,17.2,0.7,0.0,1.8,5,0,4,9,1,0.00,0.00,0.00,1.87,2,False,319,8,2025-26,Timothy Castagne,10,1,True
48,0,0,0,1,0,0,0,0,0,0,0,-1,3.2,0.4,4.0,0.8,2,0,0,2,0,0.00,0.00,0.00,1.32,1,False,320,8,2025-26,Issa Diop,10,1,True
81,0,0,0,1,0,0,0,0,0,0,0,9,26.0,3.4,2.0,3.1,13,2,0,13,1,0.00,0.00,0.00,1.30,4,False,321,8,2025-26,Jorge Cuenca Barreno,10,1,True
0,0,0,0,0,0,0,0,0,0,0,0,0,0.0,0.0,0.0,0.0,0,0,0,0,0,0.00,0.00,0.00,0.00,0,False,322,8,2025-26,Kenny Tete,10,1,True
0,0,0,0,0,0,0,0,0,0,0,0,0,0.0,0.0,0.0,0.0,0,0,0,0,0,0.00,0.00,0.00,0.00,0,False,323,8,2025-26,Samuel Amissah,10,1,True
90,0,0,0,1,0,0,0,0,0,0,0,22,25.2,47.0,6.0,7.8,5,3,4,12,1,0.00,0.11,0.11,1.87,4,False,324,8,2025-26,Alex Iwobi,10,1,True
26,0,0,0,0,0,0,0,0,0,0,0,2,1.0,2.5,0.0,0.4,0,1,0,1,0,0.00,0.00,0.00,0.73,1,False,325,8,2025-26,Emile Smith Rowe,10,1,True
8,0,0,0,0,0,0,0,0,0,0,0,3,1.2,1.8,7.0,1.0,0,1,0,1,0,0.04,0.01,0.05,0.57,1,False,326,8,2025-26,Adama Traoré Diarra,19,5,True
0,0,0,0,0,0,0,0,0,0,0,0,0,0.0,0.0,0.0,0.0,0,0,0,0,0,0.00,0.00,0.00,0.00,0,False,327,8,2025-26,Andreas Hoelgebaum Pereira,10,1,True
90,0,0,0,1,0,0,0,0,0,0,0,4,1.4,0.7,3.0,0.5,2,4,1,7,1,0.00,0.00,0.00,1.87,2,False,328,8,2025-26,Ryan Sessegnon,10,1,True
81,0,0,0,1,0,0,0,0,0,0,0,7,8.6,21.4,13.0,4.3,5,2,1,8,1,0.23,0.04,0.27,1.30,2,False,329,8,2025-26,Harry Wilson,10,1,True
90,0,0,0,1,0,0,0,0,0,0,0,13,8.8,11.2,0.0,2.0,1,3,1,5,1,0.00,0.02,0.02,1.87,2,False,330,8,2025-26,Sander Berge,10,1,True
63,0,0,0,1,0,0,0,0,0,0,0,8,1.6,0.3,4.0,0.6,1,3,1,5,1,0.09,0.00,0.09,1.14,2,False,331,8,2025-26,Tom Cairney,10,1,True
0,0,0,0,0,0,0,0,0,0,0,0,0,0.0,0.0,0.0,0.0,0,0,0,0,0,0.00,0.00,0.00,0.00,0,False,332,8,2025-26,Saša Lukić,10,1,True
0,0,0,0,0,0,0,0,0,0,0,0,0,0.0,0.0,0.0,0.0,0,0,0,0,0,0.00,0.00,0.00,0.00,0,False,333,8,2025-26,Martial Godo,10,1,True
0,0,0,0,0,0,0,0,0,0,0,0,0,0.0,0.0,0.0,0.0,0,0,0,0,0,0.00,0.00,0.00,0.00,0,False,334,8,2025-26,Luke Harris,10,1,True
62,0,0,0,1,0,0,0,0,0,0,0,7,6.0,0.5,2.0,0.9,1,2,2,5,1,0.03,0.01,0.04,1.14,2,False,335,8,2025-26,Josh King,10,1,True
0,0,0,0,0,0,0,0,0,0,0,0,0,0.0,0.0,0.0,0.0,0,0,0,0,0,0.00,0.00,0.00,0.00,0,False,336,8,2025-26,Harrison Reed,10,1,True
90,0,0,0,1,0,0,0,0,0,0,0,9,2.6,1.1,7.0,1.1,0,3,3,6,1,0.05,0.02,0.07,1.87,2,False,337,8,2025-26,Raúl Jiménez Rodríguez,10,1,True
0,0,0,0,0,0,0,0,0,0,0,0,0,0.0,0.0,0.0,0.0,0,0,0,0,0,0.00,0.00,0.00,0.00,0,False,338,8,2025-26,Rodrigo Muniz Carvalho,10,1,True
0,0,0,0,0,0,0,0,0,0,0,0,0,0.0,0.0,0.0,0.0,0,0,0,0,0,0.00,0.00,0.00,0.00,0,False,339,8,2025-26,Illan Meslier,11,3,False
0,0,0,0,0,0,0,0,0,0,0,0,0,0.0,0.0,0.0,0.0,0,0,0,0,0,0.00,0.00,0.00,0.00,0,False,340,8,2025-26,Alex Cairns,11,3,False
90,0,0,0,2,0,0,0,0,0,1,0,1,6.4,0.0,0.0,0.6,0,5,0,0,1,0.00,0.00,0.00,0.45,1,False,341,8,2025-26,Karl Darlow,11,3,False
90,0,0,0,2,0,0,0,0,0,0,0,0,3.8,7.9,18.0,3.0,2,4,0,2,1,0.47,0.12,0.59,0.45,1,False,342,8,2025-26,Jayden Bogle,11,3,False
90,0,0,0,2,0,0,0,1,0,0,0,5,20.0,4.2,12.0,3.6,4,1,2,6,1,0.17,0.02,0.19,0.45,0,False,343,8,2025-26,Pascal Struijk,11,3,False
0,0,0,0,0,0,0,0,0,0,0,0,0,0.0,0.0,0.0,0.0,0,0,0,0,0,0.00,0.00,0.00,0.00,0,False,344,8,2025-26,Jaka Bijol,11,3,False
0,0,0,0,0,0,0,0,0,0,0,0,0,0.0,0.0,0.0,0.0,0,0,0,0,0,0.00,0.00,0.00,0.00,0,False,345,8,2025-26,Sebastiaan Bornauw,11,3,False
0,0,0,0,0,0,0,0,0,0,0,0,0,0.0,0.0,0.0,0.0,0,0,0,0,0,0.00,0.00,0.00,0.00,0,False,346,8,2025-26,Sam Byram,11,3,False
90,0,0,0,2,0,0,0,0,0,0,0,23,32.0,68.7,6.0,10.7,2,4,2,4,1,0.00,0.56,0.56,0.45,1,False,347,8,2025-26,Gabriel Gudmundsson,11,3,False
90,0,0,0,2,0,0,0,0,0,0,0,9,24.0,13.7,21.0,5.9,4,4,1,5,1,0.01,0.04,0.05,0.45,1,False,348,8,2025-26,Joe Rodon,11,3,False
0,0,0,0,0,0,0,0,0,0,0,0,0,0.0,0.0,0.0,0.0,0,0,0,0,0,0.00,0.00,0.00,0.00,0,False,349,8,2025-26,Isaac Schmidt,11,3,False
65,0,0,0,1,0,0,0,0,0,0,0,9,16.6,31.3,27.0,7.5,3,3,1,7,1,0.31,0.19,0.50,0.43,2,False,350,8,2025-26,Brenden Aaronson,11,3,False
0,0,0,0,0,0,0,0,0,0,0,0,0,0.0,0.0,0.0,0.0,0,0,0,0,0,0.00,0.00,0.00,0.00,0,False,351,8,2025-26,Wilfried Gnonto,11,3,False
65,0,0,0,1,0,0,0,0,0,0,0,12,3.2,17.3,7.0,2.8,2,4,1,7,1,0.13,0.09,0.22,0.43,2,False,352,8,2025-26,Jack Harrison,11,3,False
24,0,0,0,1,0,0,0,0,0,0,0,7,10.2,28.6,8.0,4.7,0,0,1,1,0,0.00,0.20,0.20,0.03,1,False,353,8,2025-26,Daniel James,11,3,False
80,0,0,0,2,0,0,0,0,0,0,0,19,17.6,11.0,4.0,3.3,2,4,5,11,1,0.12,0.05,0.17,0.45,2,False,354,8,2025-26,Ethan Ampadu,11,3,False
0,0,0,0,0,0,0,0,0,0,0,0,0,0.0,0.0,0.0,0.0,0,0,0,0,0,0.00,0.00,0.00,0.00,0,False,355,8,2025-26,Sam Greenwood,11,3,False
0,0,0,0,0,0,0,0,0,0,0,0,0,0.0,0.0,0.0,0.0,0,0,0,0,0,0.00,0.00,0.00,0.00,0,False,356,8,2025-26,Ilia Gruev,11,3,False
0,0,0,0,0,0,0,0,0,0,0,0,0,0.0,0.0,0.0,0.0,0,0,0,0,0,0.00,0.00,0.00,0.00,0,False,357,8,2025-26,Largie Ramazani,11,3,False
9,0,0,0,0,0,0,0,0,0,0,0,5,6.0,14.4,0.0,2.0,0,1,0,1,0,0.00,0.04,0.04,0.00,1,False,358,8,2025-26,Tanaka Ao,11,3,False
0,0,0,0,0,0,0,0,0,0,0,0,0,0.0,0.0,0.0,0.0,0,0,0,0,0,0.00,0.00,0.00,0.00,0,False,359,8,2025-26,Charlie Crew,11,3,False
0,0,0,0,0,0,0,0,0,0,0,0,0,0.0,0.0,0.0,0.0,0,0,0,0,0,0.00,0.00,0.00,0.00,0,False,360,8,2025-26,Joe Gelhardt,11,3,False
0,0,0,0,0,0,0,0,0,0,0,0,0,0.0,0.0,0.0,0.0,0,0,0,0,0,0.00,0.00,0.00,0.00,0,False,361,8,2025-26,Darko Gyabi,11,3,False
17,0,0,0,0,0,0,0,0,0,0,0,0,0.0,1.3,14.0,1.2,1,1,0,2,0,0.18,0.01,0.19,0.00,1,False,362,8,2025-26,Joël Piroe,11,3,False
0,0,0,0,0,0,0,0,0,0,0,0,0,0.0,0.0,0.0,0.0,0,0,0,0,0,0.00,0.00,0.00,0.00,0,False,363,8,2025-26,Patrick Bamford,11,3,False
0,0,0,0,0,0,0,0,0,0,0,0,0,0.0,0.0,0.0,0.0,0,0,0,0,0,0.00,0.00,0.00,0.00,0,False,364,8,2025-26,Mateo Joseph Fernández-Regatillo,11,3,False
24,0,0,0,1,0,0,0,0,0,0,0,1,1.2,1.3,30.0,3.3,0,0,0,0,0,0.75,0.02,0.77,0.03,1,False,365,8,2025-26,Lukas Nmecha,11,3,False
0,0,0,0,0,0,0,0,0,0,0,0,0,0.0,0.0,0.0,0.0,0,0,0,0,0,0.00,0.00,0.00,0.00,0,False,366,8,2025-26,Alisson Becker,12,14,True
90,0,0,0,2,0,0,0,0,0,2,0,9,14.8,0.0,0.0,1.5,1,9,0,0,1,0.00,0.00,0.00,1.34,1,False,367,8,2025-26,Giorgi Mamardashvili,12,14,True
0,0,0,0,0,0,0,0,0,0,0,0,0,0.0,0.0,0.0,0.0,0,0,0,0,0,0.00,0.00,0.00,0.00,0,False,368,8,2025-26,Ármin Pécsi,12,14,True
0,0,0,0,0,0,0,0,0,0,0,0,0,0.0,0.0,0.0,0.0,0,0,0,0,0,0.00,0.00,0.00,0.00,0,False,369,8,2025-26,Freddie Woodman,12,14,True
5,0,0,0,0,0,0,0,0,0,0,0,8,5.0,14.1,4.0,2.3,0,0,0,0,0,0.00,0.31,0.31,0.43,1,False,370,8,2025-26,Jeremie Frimpong,12,14,True
90,0,0,0,2,0,0,0,0,0,0,0,11,11.0,18.4,6.0,3.5,4,2,1,5,1,0.00,0.03,0.03,1.34,1,False,371,8,2025-26,Milos Kerkez,12,14,True
0,0,0,0,0,0,0,0,0,0,0,0,0,0.0,0.0,0.0,0.0,0,0,0,0,0,0.00,0.00,0.00,0.00,0,False,372,8,2025-26,Andrew Robertson,12,14,True
90,0,0,0,2,0,0,0,0,0,0,0,11,36.4,3.0,23.0,6.2,14,2,1,15,1,0.23,0.02,0.25,1.34,3,False,373,8,2025-26,Virgil van Dijk,12,14,True
90,0,0,0,2,0,0,0,0,0,0,0,11,32.8,14.5,7.0,5.4,9,4,2,11,1,0.01,0.19,0.20,1.34,3,False,374,8,2025-26,Ibrahima Konaté,12,14,True
61,0,0,0,1,0,0,0,0,0,0,0,7,8.2,16.1,4.0,2.8,1,1,1,2,1,0.00,0.03,0.03,0.70,2,False,375,8,2025-26,Conor Bradley,12,14,True
0,0,0,0,0,0,0,0,0,0,0,0,0,0.0,0.0,0.0,0.0,0,0,0,0,0,0.00,0.00,0.00,0.00,0,False,376,8,2025-26,Joe Gomez,12,14,True
0,0,0,0,0,0,0,0,0,0,0,0,0,0.0,0.0,0.0,0.0,0,0,0,0,0,0.00,0.00,0.00,0.00,0,False,377,8,2025-26,Konstantinos Tsimikas,12,14,True
0,0,0,0,0,0,0,0,0,0,0,0,0,0.0,0.0,0.0,0.0,0,0,0,0,0,0.00,0.00,0.00,0.00,0,False,378,8,2025-26,Amara Nallo,12,14,True
0,0,0,0,0,0,0,0,0,0,0,0,0,0.0,0.0,0.0,0.0,0,0,0,0,0,0.00,0.00,0.00,0.00,0,False,379,8,2025-26,Rhys Williams,12,14,True
0,0,0,0,0,0,0,0,0,0,0,0,0,0.0,0.0,0.0,0.0,0,0,0,0,0,0.00,0.00,0.00,0.00,0,False,380,8,2025-26,Calvin Ramsay,12,14,True
84,0,0,0,2,0,0,0,0,0,0,0,10,9.4,50.3,42.0,10.2,0,1,0,1,1,0.41,0.14,0.55,0.91,2,False,381,8,2025-26,Mohamed Salah,12,14,True
28,0,0,0,1,0,0,0,0,0,0,0,6,9.2,33.0,12.0,5.4,0,2,1,3,0,0.00,0.10,0.10,0.64,1,False,382,8,2025-26,Florian Wirtz,12,14,True
0,0,0,0,0,0,0,0,0,0,0,0,0,0.0,0.0,0.0,0.0,0,0,0,0,0,0.00,0.00,0.00,0.00,0,False,383,8,2025-26,Luis Díaz Marulanda,12,14,True
90,1,0,0,2,0,0,0,0,0,0,0,20,31.4,45.1,62.0,13.9,0,2,0,2,1,1.47,0.09,1.56,1.34,7,False,384,8,2025-26,Cody Gakpo,12,14,True
18,0,1,0,1,0,0,0,0,0,0,0,17,24.6,11.1,8.0,4.4,1,0,2,3,0,0.07,0.03,0.10,0.59,4,False,385,8,2025-26,Federico Chiesa,12,14,True
61,0,0,0,1,0,0,0,0,0,0,0,5,2.4,2.0,11.0,1.5,0,1,0,1,1,0.09,0.02,0.11,0.70,2,False,386,8,2025-26,Alexis Mac Allister,12,14,True
90,0,0,0,2,0,0,0,0,0,0,0,20,23.6,45.1,0.0,6.9,3,7,2,12,1,0.00,0.11,0.11,1.34,4,False,387,8,2025-26,Dominik Szoboszlai,12,14,True
28,0,0,0,1,0,0,0,0,0,0,0,7,6.4,6.2,19.0,3.2,1,4,0,5,0,0.07,0.51,0.58,0.64,1,False,388,8,2025-26,Curtis Jones,12,14,True
0,0,0,0,0,0,0,0,0,0,0,0,0,0.0,0.0,0.0,0.0,0,0,0,0,0,0.00,0.00,0.00,0.00,0,False,389,8,2025-26,Harvey Elliott,2,18,False
61,0,0,0,1,0,0,0,0,0,0,0,12,8.6,5.8,0.0,1.4,1,0,3,4,1,0.00,0.02,0.02,0.70,2,False,390,8,2025-26,Ryan Gravenberch,12,14,True
14,0,0,0,1,0,0,0,0,0,0,0,4,0.2,0.3,0.0,0.1,0,0,0,0,0,0.00,0.01,0.01,1.95,1,False,391,8,2025-26,Ben Gannon-Doak,4,8,False
0,0,0,0,0,0,0,0,0,0,0,0,0,0.0,0.0,0.0,0.0,0,0,0,0,0,0.00,0.00,0.00,0.00,0,False,392,8,2025-26,Endo Wataru,12,14,True
0,0,0,0,0,0,0,0,0,0,0,0,0,0.0,0.0,0.0,0.0,0,0,0,0,0,0.00,0.00,0.00,0.00,0,False,393,8,2025-26,Stefan Bajčetić Maquieira,12,14,True
0,0,0,0,0,0,0,0,0,0,0,0,0,0.0,0.0,0.0,0.0,0,0,0,0,0,0.00,0.00,0.00,0.00,0,False,394,8,2025-26,James McConnell,12,14,True
0,0,0,0,0,0,0,0,0,0,0,0,0,0.0,0.0,0.0,0.0,0,0,0,0,0,0.00,0.00,0.00,0.00,0,False,395,8,2025-26,Tyler Morton,12,14,True
0,0,0,0,0,0,0,0,0,0,0,0,0,0.0,0.0,0.0,0.0,0,0,0,0,0,0.00,0.00,0.00,0.00,0,False,396,8,2025-26,Trey Nyoni,12,14,True
0,0,0,0,0,0,0,0,0,0,0,0,0,0.0,0.0,0.0,0.0,0,0,0,0,0,0.00,0.00,0.00,0.00,0,False,397,8,2025-26,Darwin Núñez Ribeiro,12,14,True
0,0,0,0,0,0,0,0,0,0,0,0,0,0.0,0.0,0.0,0.0,0,0,0,0,0,0.00,0.00,0.00,0.00,0,False,398,8,2025-26,Jayden Danns,12,14,True
0,0,0,0,0,0,0,0,0,0,0,0,0,0.0,0.0,0.0,0.0,0,0,0,0,0,0.00,0.00,0.00,0.00,0,False,399,8,2025-26,Ederson Santana de Moraes,13,9,True
0,0,0,0,0,0,0,0,0,0,0,0,0,0.0,0.0,0.0,0.0,0,0,0,0,0,0.00,0.00,0.00,0.00,0,False,400,8,2025-26,Stefan Ortega Moreno,16,7,True
0,0,0,0,0,0,0,0,0,0,0,0,0,0.0,0.0,0.0,0.0,0,0,0,0,0,0.00,0.00,0.00,0.00,0,False,401,8,2025-26,Marcus Bettinelli,13,9,True
0,0,0,0,0,0,0,0,0,0,0,0,0,0.0,0.0,0.0,0.0,0,0,0,0,0,0.00,0.00,0.00,0.00,0,False,402,8,2025-26,Rayan Aït-Nouri,13,9,True
0,0,0,0,0,0,0,0,0,0,0,0,0,0.0,0.0,0.0,0.0,0,0,0,0,0,0.00,0.00,0.00,0.00,0,False,403,8,2025-26,Joško Gvardiol,13,9,True
0,0,0,0,0,0,0,0,0,0,0,0,0,0.0,0.0,0.0,0.0,0,0,0,0,0,0.00,0.00,0.00,0.00,0,False,404,8,2025-26,Manuel Akanji,13,9,True
90,0,0,1,0,0,0,0,0,0,0,0,26,17.8,3.8,4.0,2.6,4,1,2,6,1,0.09,0.02,0.11,0.81,6,False,405,8,2025-26,Nathan Aké,13,9,True
0,0,0,0,0,0,0,0,0,0,0,0,0,0.0,0.0,0.0,0.0,0,0,0,0,0,0.00,0.00,0.00,0.00,0,False,406,8,2025-26,Abdukodir Khusanov,13,9,True
90,0,0,1,0,0,0,0,0,0,0,1,32,21.0,35.6,1.0,5.8,3,8,3,6,1,0.02,0.19,0.21,0.81,7,False,407,8,2025-26,Matheus Nunes,13,9,True
90,0,0,1,0,0,0,0,0,0,0,0,30,28.0,3.0,0.0,3.1,7,6,1,8,1,0.00,0.02,0.02,0.81,6,False,408,8,2025-26,Rúben dos Santos Gato Alves Dias,13,9,True
0,0,0,0,0,0,0,0,0,0,0,0,0,0.0,0.0,0.0,0.0,0,0,0,0,0,0.00,0.00,0.00,0.00,0,False,409,8,2025-26,John Stones,13,9,True
5,0,0,0,0,0,0,0,0,0,0,0,3,0.4,3.7,0.0,0.4,0,0,0,0,0,0.00,0.24,0.24,0.00,1,False,410,8,2025-26,Rico Lewis,13,9,True
84,0,1,1,0,0,0,0,0,0,0,2,37,23.8,17.8,14.0,5.6,4,2,2,6,1,0.27,0.17,0.44,0.81,11,False,411,8,2025-26,Nico O'Reilly,13,9,True
0,0,0,0,0,0,0,0,0,0,0,0,0,0.0,0.0,0.0,0.0,0,0,0,0,0,0.00,0.00,0.00,0.00,0,False,412,8,2025-26,Vitor de Oliveira Nunes dos Reis,13,9,True
0,0,0,0,0,0,0,0,0,0,0,0,0,0.0,0.0,0.0,0.0,0,0,0,0,0,0.00,0.00,0.00,0.00,0,False,413,8,2025-26,Omar Marmoush,13,9,True
90,0,0,1,0,0,0,0,0,0,0,0,24,13.0,65.5,7.0,8.6,1,4,2,7,1,0.05,0.59,0.64,0.81,3,False,414,8,2025-26,Phil Foden,13,9,True
84,0,1,1,0,0,0,0,0,0,0,0,25,34.8,32.8,46.0,11.4,2,2,1,5,1,0.13,0.33,0.46,0.81,6,False,415,8,2025-26,Sávio Moreira de Oliveira,13,9,True
31,0,0,0,0,0,0,0,0,0,0,0,13,11.8,16.8,0.0,2.9,1,3,0,4,0,0.00,0.01,0.01,0.15,1,False,416,8,2025-26,Bernardo Mota Veiga de Carvalho e Silva,13,9,True
5,0,0,0,0,0,0,0,0,0,0,0,8,2.6,15.2,5.0,2.3,0,0,0,0,0,0.14,0.01,0.15,0.00,1,False,417,8,2025-26,Rayan Cherki,13,9,True
58,0,0,0,0,0,0,0,0,0,0,0,9,9.8,36.2,33.0,7.9,0,2,0,2,1,0.36,0.19,0.55,0.66,1,False,418,8,2025-26,Jérémy Doku,13,9,True
0,0,0,0,0,0,0,0,0,0,0,0,0,0.0,0.0,0.0,0.0,0,0,0,0,0,0.00,0.00,0.00,0.00,0,False,419,8,2025-26,Jack Grealish,9,13,False
0,0,0,0,0,0,0,0,0,0,0,0,0,0.0,0.0,0.0,0.0,0,0,0,0,0,0.00,0.00,0.00,0.00,0,False,420,8,2025-26,İlkay Gündoğan,13,9,True
0,0,0,0,0,0,0,0,0,0,0,0,0,0.0,0.0,0.0,0.0,0,0,0,0,0,0.00,0.00,0.00,0.00,0,False,421,8,2025-26,Rodrigo 'Rodri' Hernandez Cascante,13,9,True
4,0,0,0,0,0,0,0,0,0,0,0,3,2.6,0.8,0.0,0.3,0,0,0,0,0,0.00,0.00,0.00,0.00,1,False,422,8,2025-26,Mateo Kovačić,13,9,True
85,0,0,1,0,0,0,0,0,0,0,0,17,18.6,27.2,6.0,5.2,6,4,2,12,1,0.00,0.05,0.05,0.81,5,False,423,8,2025-26,Nico González Iglesias,13,9,True
31,0,0,0,0,0,0,0,0,0,0,0,4,3.4,2.2,7.0,1.3,0,0,1,1,0,0.04,0.11,0.15,0.15,1,False,424,8,2025-26,Oscar Bobb,10,1,True
0,0,0,0,0,0,0,0,0,0,0,0,0,0.0,0.0,0.0,0.0,0,0,0,0,0,0.00,0.00,0.00,0.00,0,False,425,8,2025-26,Claudio Echeverri,13,9,True
0,0,0,0,0,0,0,0,0,0,0,0,0,0.0,0.0,0.0,0.0,0,0,0,0,0,0.00,0.00,0.00,0.00,0,False,426,8,2025-26,James McAtee,16,7,True
58,0,0,0,0,0,0,0,0,0,0,0,17,7.8,26.7,17.0,5.2,1,1,1,3,1,0.30,0.08,0.38,0.66,1,False,427,8,2025-26,Tijjani Reijnders,13,9,True
0,0,0,0,0,0,0,0,0,0,0,0,0,0.0,0.0,0.0,0.0,0,0,0,0,0,0.00,0.00,0.00,0.00,0,False,428,8,2025-26,Sverre Nypan,13,9,True
0,0,0,0,0,0,0,0,0,0,0,0,0,0.0,0.0,0.0,0.0,0,0,0,0,0,0.00,0.00,0.00,0.00,0,False,429,8,2025-26,Kalvin Phillips,13,9,True
90,2,0,1,0,0,0,0,0,0,0,3,62,77.4,1.9,85.0,16.4,2,2,0,4,1,0.98,0.02,1.00,0.81,13,True,430,8,2025-26,Erling Haaland,13,9,True
0,0,0,0,0,0,0,0,0,0,0,0,0,0.0,0.0,0.0,0.0,0,0,0,0,0,0.00,0.00,0.00,0.00,0,False,431,8,2025-26,Altay Bayındır,14,12,False
0,0,0,0,0,0,0,0,0,0,0,0,0,0.0,0.0,0.0,0.0,0,0,0,0,0,0.00,0.00,0.00,0.00,0,False,432,8,2025-26,André Onana,14,12,False
0,0,0,0,0,0,0,0,0,0,0,0,0,0.0,0.0,0.0,0.0,0,0,0,0,0,0.00,0.00,0.00,0.00,0,False,433,8,2025-26,Elyh Harrison,14,12,False
0,0,0,0,0,0,0,0,0,0,0,0,0,0.0,0.0,0.0,0.0,0,0,0,0,0,0.00,0.00,0.00,0.00,0,False,434,8,2025-26,Tom Heaton,14,12,False
0,0,0,0,0,0,0,0,0,0,0,0,0,0.0,0.0,0.0,0.0,0,0,0,0,0,0.00,0.00,0.00,0.00,0,False,435,8,2025-26,Dermot Mee,14,12,False
90,0,0,0,1,0,0,0,0,0,0,0,0,4.2,0.4,9.0,1.4,5,1,0,5,1,0.43,0.00,0.43,2.75,2,False,436,8,2025-26,Matthijs de Ligt,14,12,False
0,0,0,0,0,0,0,0,0,0,0,0,0,0.0,0.0,0.0,0.0,0,0,0,0,0,0.00,0.00,0.00,0.00,0,False,437,8,2025-26,Lisandro Martínez,14,12,False
0,0,0,0,0,0,0,0,0,0,0,0,0,0.0,0.0,0.0,0.0,0,0,0,0,0,0.00,0.00,0.00,0.00,0,False,438,8,2025-26,Noussair Mazraoui,14,12,False
0,0,0,0,0,0,0,0,0,0,0,0,0,0.0,0.0,0.0,0.0,0,0,0,0,0,0.00,0.00,0.00,0.00,0,False,439,8,2025-26,Diego León Blanco,14,12,False
90,0,0,0,1,0,0,0,0,0,0,0,12,21.4,15.2,0.0,3.7,8,4,4,12,1,0.00,0.01,0.01,2.75,4,False,440,8,2025-26,Diogo Dalot Teixeira,14,12,False
31,0,0,0,1,0,0,0,0,0,0,0,3,11.0,11.0,0.0,2.2,3,2,3,6,0,0.00,0.02,0.02,1.79,1,False,441,8,2025-26,Patrick Dorgu,14,12,False
90,1,0,0,1,0,0,0,0,0,0,1,24,51.6,0.2,21.0,7.3,10,4,0,10,1,0.09,0.01,0.10,2.75,11,False,442,8,2025-26,Harry Maguire,14,12,False
84,0,0,0,1,0,0,0,0,0,0,0,4,8.6,1.1,0.0,1.0,5,0,1,6,1,0.00,0.00,0.00,2.44,2,False,443,8,2025-26,Luke Shaw,14,12,False
5,0,0,0,0,0,0,0,0,0,0,0,3,4.2,0.1,0.0,0.4,2,0,0,2,0,0.00,0.00,0.00,0.31,1,False,444,8,2025-26,Leny Yoro,14,12,False
0,0,0,0,0,0,0,0,0,0,0,0,0,0.0,0.0,0.0,0.0,0,0,0,0,0,0.00,0.00,0.00,0.00,0,False,445,8,2025-26,Harry Amass,14,12,False
0,0,0,0,0,0,0,0,0,0,0,0,0,0.0,0.0,0.0,0.0,0,0,0,0,0,0.00,0.00,0.00,0.00,0,False,446,8,2025-26,Tyler Fredricson,14,12,False
0,0,0,0,0,0,0,0,0,0,0,0,0,0.0,0.0,0.0,0.0,0,0,0,0,0,0.00,0.00,0.00,0.00,0,False,447,8,2025-26,Ayden Heaven,14,12,False
0,0,0,0,0,0,0,0,0,0,0,0,0,0.0,0.0,0.0,0.0,0,0,0,0,0,0.00,0.00,0.00,0.00,0,False,448,8,2025-26,Tyrell Malacia,14,12,False
84,0,1,0,1,0,0,0,0,0,0,3,27,29.2,44.8,9.0,8.3,2,5,1,8,1,0.20,0.12,0.32,2.44,8,False,449,8,2025-26,Bruno Borges Fernandes,14,12,False
90,0,0,0,1,0,0,0,0,0,0,0,7,6.2,4.2,10.0,2.0,3,6,0,9,1,0.08,0.04,0.12,2.75,2,False,450,8,2025-26,Matheus Santos Carneiro da Cunha,14,12,False
0,0,0,0,0,0,0,0,0,0,0,0,0,0.0,0.0,0.0,0.0,0,0,0,0,0,0.00,0.00,0.00,0.00,0,False,451,8,2025-26,Marcus Rashford,14,12,False
58,0,1,0,0,0,0,0,1,0,0,0,15,22.8,25.2,2.0,5.0,2,4,1,7,1,0.00,0.19,0.19,0.96,3,False,452,8,2025-26,Amad Diallo,14,12,False
45,0,0,0,0,0,0,0,0,0,0,0,8,2.2,1.9,2.0,0.6,1,3,1,5,1,0.00,0.01,0.01,0.53,1,False,453,8,2025-26,Alejandro Garnacho Ferreyra,7,16,False
0,0,0,0,0,0,0,0,0,0,0,0,0,0.0,0.0,0.0,0.0,0,0,0,0,0,0.00,0.00,0.00,0.00,0,False,454,8,2025-26,Antony dos Santos,14,12,False
60,0,0,1,0,0,0,0,0,0,0,0,5,2.4,1.2,11.0,1.5,1,0,1,2,1,0.16,0.00,0.16,1.01,3,False,455,8,2025-26,Mason Mount,14,12,False
0,0,0,0,0,0,0,0,0,0,0,0,0,0.0,0.0,0.0,0.0,0,0,0,0,0,0.00,0.00,0.00,0.00,0,False,456,8,2025-26,Jadon Sancho,2,18,False
57,0,0,0,0,0,0,0,1,0,0,0,5,7.6,1.8,0.0,0.9,2,0,3,5,1,0.00,0.00,0.00,0.96,0,False,457,8,2025-26,Carlos Henrique Casimiro,14,12,False
5,0,0,0,0,0,0,0,0,0,0,0,3,3.0,0.0,0.0,0.3,1,0,0,1,0,0.00,0.00,0.00,0.31,1,False,458,8,2025-26,Kobbie Mainoo,14,12,False
32,0,0,0,1,0,0,0,0,0,0,0,5,8.6,1.1,0.0,1.0,5,0,1,6,0,0.00,0.00,0.00,1.79,1,False,459,8,2025-26,Manuel Ugarte Ribeiro,14,12,False
0,0,0,0,0,0,0,0,0,0,0,0,0,0.0,0.0,0.0,0.0,0,0,0,0,0,0.00,0.00,0.00,0.00,0,False,460,8,2025-26,Toby Collyer,14,12,False
0,0,0,0,0,0,0,0,0,0,0,0,0,0.0,0.0,0.0,0.0,0,0,0,0,0,0.00,0.00,0.00,0.00,0,False,461,8,2025-26,Jayce Fitzgerald,14,12,False
0,0,0,0,0,0,0,0,0,0,0,0,0,0.0,0.0,0.0,0.0,0,0,0,0,0,0.00,0.00,0.00,0.00,0,False,462,8,2025-26,Jack Fletcher,14,12,False
0,0,0,0,0,0,0,0,0,0,0,0,0,0.0,0.0,0.0,0.0,0,0,0,0,0,0.00,0.00,0.00,0.00,0,False,463,8,2025-26,Sékou Koné,14,12,False
0,0,0,0,0,0,0,0,0,0,0,0,0,0.0,0.0,0.0,0.0,0,0,0,0,0,0.00,0.00,0.00,0.00,0,False,464,8,2025-26,Jack Moorhouse,14,12,False
0,0,0,0,0,0,0,0,0,0,0,0,0,0.0,0.0,0.0,0.0,0,0,0,0,0,0.00,0.00,0.00,0.00,0,False,465,8,2025-26,Rasmus Højlund,14,12,False
0,0,0,0,0,0,0,0,0,0,0,0,0,0.0,0.0,0.0,0.0,0,0,0,0,0,0.00,0.00,0.00,0.00,0,False,466,8,2025-26,Joshua Zirkzee,14,12,False
0,0,0,0,0,0,0,0,0,0,0,0,0,0.0,0.0,0.0,0.0,0,0,0,0,0,0.00,0.00,0.00,0.00,0,False,467,8,2025-26,Chido Obi,14,12,False
0,0,0,0,0,0,0,0,0,0,0,0,0,0.0,0.0,0.0,0.0,0,0,0,0,0,0.00,0.00,0.00,0.00,0,False,468,8,2025-26,Ethan Wheatley,14,12,False
90,0,0,0,2,0,0,0,0,0,3,0,10,20.0,0.0,0.0,2.0,3,14,0,0,1,0.00,0.00,0.00,0.91,2,False,469,8,2025-26,Nick Pope,15,6,False
90,0,0,1,0,0,0,0,0,0,4,2,32,32.6,0.0,0.0,3.3,3,7,0,0,1,0.00,0.00,0.00,2.63,9,True,470,8,2025-26,Martin Dúbravka,3,11,True
0,0,0,0,0,0,0,0,0,0,0,0,0,0.0,0.0,0.0,0.0,0,0,0,0,0,0.00,0.00,0.00,0.00,0,False,471,8,2025-26,Mark Gillespie,15,6,False
0,0,0,0,0,0,0,0,0,0,0,0,0,0.0,0.0,0.0,0.0,0,0,0,0,0,0.00,0.00,0.00,0.00,0,False,472,8,2025-26,Odysseas Vlachodimos,15,6,False
0,0,0,0,0,0,0,0,0,0,0,0,0,0.0,0.0,0.0,0.0,0,0,0,0,0,0.00,0.00,0.00,0.00,0,False,473,8,2025-26,Lewis Hall,15,6,False
0,0,0,0,0,0,0,0,0,0,0,0,0,0.0,0.0,0.0,0.0,0,0,0,0,0,0.00,0.00,0.00,0.00,0,False,474,8,2025-26,Fabian Schär,15,6,False
90,0,0,0,2,0,0,0,0,0,0,0,4,15.6,1.3,12.0,2.9,5,3,1,6,1,0.05,0.01,0.06,0.91,1,False,475,8,2025-26,Sven Botman,15,6,False
90,0,0,0,2,0,0,0,1,0,0,0,0,23.6,13.6,4.0,4.1,7,5,3,10,1,0.00,0.05,0.05,0.91,2,False,476,8,2025-26,Dan Burn,15,6,False
0,0,0,0,0,0,0,0,0,0,0,0,0,0.0,0.0,0.0,0.0,0,0,0,0,0,0.00,0.00,0.00,0.00,0,False,477,8,2025-26,Tino Livramento,15,6,False
90,0,0,0,2,0,0,0,0,0,0,0,8,15.8,20.8,0.0,3.7,2,1,2,4,1,0.00,0.12,0.12,0.91,1,False,478,8,2025-26,Kieran Trippier,15,6,False
0,0,0,0,0,0,0,0,0,0,0,0,0,0.0,0.0,0.0,0.0,0,0,0,0,0,0.00,0.00,0.00,0.00,0,False,479,8,2025-26,Emil Krafth,15,6,False
0,0,0,0,0,0,0,0,0,0,0,0,0,0.0,0.0,0.0,0.0,0,0,0,0,0,0.00,0.00,0.00,0.00,0,False,480,8,2025-26,Jamaal Lascelles,15,6,False
0,0,0,0,0,0,0,0,0,0,0,0,0,0.0,0.0,0.0,0.0,0,0,0,0,0,0.00,0.00,0.00,0.00,0,False,481,8,2025-26,Alex Murphy,15,6,False
0,0,0,0,0,0,0,0,0,0,0,0,0,0.0,0.0,0.0,0.0,0,0,0,0,0,0.00,0.00,0.00,0.00,0,False,482,8,2025-26,Harrison Ashby,15,6,False
0,0,0,0,0,0,0,0,0,0,0,0,0,0.0,0.0,0.0,0.0,0,0,0,0,0,0.00,0.00,0.00,0.00,0,False,483,8,2025-26,Miodrag Pivaš,15,6,False
0,0,0,0,0,0,0,0,0,0,0,0,0,0.0,0.0,0.0,0.0,0,0,0,0,0,0.00,0.00,0.00,0.00,0,False,484,8,2025-26,Matt Targett,15,6,False
69,0,0,0,1,0,0,0,0,0,0,0,5,10.0,28.4,7.0,4.5,0,2,1,3,1,0.07,0.15,0.22,0.78,2,False,485,8,2025-26,Anthony Gordon,15,6,False
45,0,0,0,1,0,0,0,0,0,0,0,5,1.6,2.0,0.0,0.4,0,1,1,2,1,0.00,0.02,0.02,0.71,1,False,486,8,2025-26,Anthony Elanga,15,6,False
20,0,0,0,1,0,0,0,0,0,0,0,6,6.0,4.3,17.0,2.7,0,2,0,2,0,0.03,0.07,0.10,0.14,1,False,487,8,2025-26,Harvey Barnes,15,6,False
85,0,0,0,2,0,0,0,0,0,0,0,14,14.8,16.5,28.0,5.9,2,4,2,8,1,0.36,0.22,0.58,0.91,2,False,488,8,2025-26,Bruno Guimarães Rodriguez Moura,15,6,False
45,0,0,0,1,0,0,0,0,0,0,0,8,7.0,20.1,8.0,3.5,0,1,1,2,0,0.15,0.10,0.25,0.21,1,False,489,8,2025-26,Jacob Murphy,15,6,False
45,0,0,0,1,0,0,0,0,0,0,0,13,10.8,3.8,2.0,1.7,5,3,3,11,1,0.00,0.01,0.01,0.71,1,False,490,8,2025-26,Joelinton Cássio Apolinário de Lira,15,6,False
69,0,0,0,1,0,0,0,0,0,0,0,16,11.0,27.5,2.0,4.1,2,2,1,5,1,0.03,0.28,0.31,0.78,2,False,491,8,2025-26,Sandro Tonali,15,6,False
0,0,0,0,0,0,0,0,0,0,0,0,0,0.0,0.0,0.0,0.0,0,0,0,0,0,0.00,0.00,0.00,0.00,0,False,492,8,2025-26,Antoñito Cordero Campillo,15,6,False
90,0,0,0,2,0,0,0,0,0,0,0,21,19.0,67.8,2.0,8.9,2,2,0,4,1,0.00,0.15,0.15,0.45,2,False,493,8,2025-26,Sean Longstaff,11,3,False
0,0,0,0,0,0,0,0,0,0,0,0,0,0.0,0.0,0.0,0.0,0,0,0,0,0,0.00,0.00,0.00,0.00,0,False,494,8,2025-26,Joe Willock,15,6,False
0,0,0,0,0,0,0,0,0,0,0,0,0,0.0,0.0,0.0,0.0,0,0,0,0,0,0.00,0.00,0.00,0.00,0,False,495,8,2025-26,Isaac Hayden,15,6,False
0,0,0,0,0,0,0,0,0,0,0,0,0,0.0,0.0,0.0,0.0,0,0,0,0,0,0.00,0.00,0.00,0.00,0,False,496,8,2025-26,Garang Kuol,15,6,False
45,0,1,0,1,0,0,0,0,0,0,0,22,23.0,22.6,2.0,4.8,0,3,0,3,0,0.00,0.27,0.27,0.21,4,False,497,8,2025-26,Lewis Miley,15,6,False
0,0,0,0,0,0,0,0,0,0,0,0,0,0.0,0.0,0.0,0.0,0,0,0,0,0,0.00,0.00,0.00,0.00,0,False,498,8,2025-26,Joe White,15,6,False
71,0,0,0,1,0,0,0,0,0,0,0,4,2.6,2.1,25.0,3.0,1,1,0,2,1,0.33,0.01,0.34,0.74,2,False,499,8,2025-26,Alexander Isak,12,14,True
4,0,0,0,0,0,0,0,0,0,0,0,2,0.0,0.0,0.0,0.0,0,0,0,0,0,0.00,0.00,0.00,0.00,1,False,500,8,2025-26,William Osula,15,6,False
0,0,0,0,0,0,0,0,0,0,0,0,0,0.0,0.0,0.0,0.0,0,0,0,0,0,0.00,0.00,0.00,0.00,0,False,501,8,2025-26,Sean Neave,15,6,False
90,0,0,0,3,0,0,0,0,0,3,0,2,17.0,0.0,0.0,1.7,2,7,0,0,1,0.00,0.00,0.00,1.67,2,False,502,8,2025-26,Matz Sels,16,7,True
0,0,0,0,0,0,0,0,0,0,0,0,0,0.0,0.0,0.0,0.0,0,0,0,0,0,0.00,0.00,0.00,0.00,0,False,503,8,2025-26,Carlos Miguel dos Santos Pereira,16,7,True
0,0,0,0,0,0,0,0,0,0,0,0,0,0.0,0.0,0.0,0.0,0,0,0,0,0,0.00,0.00,0.00,0.00,0,False,504,8,2025-26,Matt Turner,16,7,True
90,0,0,0,3,0,0,0,0,0,0,0,2,8.0,1.8,27.0,3.7,2,3,0,2,1,0.31,0.02,0.33,1.67,1,False,505,8,2025-26,Nikola Milenković,16,7,True
73,0,0,0,2,0,0,0,0,0,0,0,5,12.0,1.3,2.0,1.5,6,3,0,6,1,0.00,0.01,0.01,1.41,1,False,506,8,2025-26,Murillo Costa dos Santos,16,7,True
0,0,0,0,0,0,0,0,0,0,0,0,0,0.0,0.0,0.0,0.0,0,0,0,0,0,0.00,0.00,0.00,0.00,0,False,507,8,2025-26,Ola Aina,16,7,True
90,0,0,0,3,0,0,0,0,0,0,0,-7,9.8,2.8,10.0,2.3,3,3,2,5,1,0.53,0.01,0.54,1.67,1,False,508,8,2025-26,Neco Williams,16,7,True
0,0,0,0,0,0,0,0,0,0,0,0,0,0.0,0.0,0.0,0.0,0,0,0,0,0,0.00,0.00,0.00,0.00,0,False,509,8,2025-26,David Mota Veiga Teixeira do Carmo,16,7,True
0,0,0,0,0,0,0,0,0,0,0,0,0,0.0,0.0,0.0,0.0,0,0,0,0,0,0.00,0.00,0.00,0.00,0,False,510,8,2025-26,Jair Paula da Cunha Filho,16,7,True
90,0,0,0,3,0,0,0,1,0,0,0,3,15.6,0.5,0.0,1.6,4,1,3,7,1,0.00,0.00,0.00,1.67,0,False,511,8,2025-26,Felipe Rodrigues da Silva,16,7,True
0,0,0,0,0,0,0,0,0,0,0,0,0,0.0,0.0,0.0,0.0,0,0,0,0,0,0.00,0.00,0.00,0.00,0,False,512,8,2025-26,Omar Richards,16,7,True
0,0,0,0,0,0,0,0,0,0,0,0,0,0.0,0.0,0.0,0.0,0,0,0,0,0,0.00,0.00,0.00,0.00,0,False,513,8,2025-26,Zach Abbott,16,7,True
0,0,0,0,0,0,0,0,0,0,0,0,0,0.0,0.0,0.0,0.0,0,0,0,0,0,0.00,0.00,0.00,0.00,0,False,514,8,2025-26,Willy Boly,16,7,True
90,0,0,0,3,0,0,0,0,0,0,0,7,0.0,13.7,17.0,3.0,2,4,0,6,1,0.50,0.20,0.70,1.67,2,False,515,8,2025-26,Morgan Gibbs-White,16,7,True
37,0,0,0,1,0,0,0,0,0,0,0,9,15.2,27.5,2.0,4.5,1,2,1,4,0,0.00,0.48,0.48,0.67,1,False,516,8,2025-26,Callum Hudson-Odoi,16,7,True
90,0,0,0,3,0,0,0,0,0,0,0,17,12.4,37.2,6.0,5.6,2,9,1,12,1,0.00,0.23,0.23,1.67,4,False,517,8,2025-26,Elliot Anderson,16,7,True
0,0,0,0,0,0,0,0,0,0,0,0,0,0.0,0.0,0.0,0.0,0,0,0,0,0,0.00,0.00,0.00,0.00,0,False,518,8,2025-26,João Pedro Ferreira da Silva,16,7,True
0,0,0,0,0,0,0,0,0,0,0,0,0,0.0,0.0,0.0,0.0,0,0,0,0,0,0.00,0.00,0.00,0.00,0,False,519,8,2025-26,Nicolás Domínguez,16,7,True
0,0,0,0,0,0,0,0,0,0,0,0,0,0.0,0.0,0.0,0.0,0,0,0,0,0,0.00,0.00,0.00,0.00,0,False,520,8,2025-26,Lewis O'Brien,16,7,True
90,0,0,0,3,0,0,0,1,0,0,0,13,26.4,16.0,34.0,7.6,3,2,4,9,1,0.25,0.03,0.28,1.67,1,False,521,8,2025-26,Ibrahim Sangaré,16,7,True
0,0,0,0,0,0,0,0,0,0,0,0,0,0.0,0.0,0.0,0.0,0,0,0,0,0,0.00,0.00,0.00,0.00,0,False,522,8,2025-26,Ryan Yates,16,7,True
0,0,0,0,0,0,0,0,0,0,0,0,0,0.0,0.0,0.0,0.0,0,0,0,0,0,0.00,0.00,0.00,0.00,0,False,523,8,2025-26,Eric da Silva Moreira,16,7,True
0,0,0,0,0,0,0,0,0,0,0,0,0,0.0,0.0,0.0,0.0,0,0,0,0,0,0.00,0.00,0.00,0.00,0,False,524,8,2025-26,Marko Stamenić,16,7,True
16,0,0,0,1,0,0,0,0,0,0,0,5,2.0,0.0,0.0,0.2,0,0,1,1,0,0.00,0.00,0.00,0.27,1,False,525,8,2025-26,Chris Wood,16,7,True
45,0,0,0,3,0,0,0,0,0,0,0,-4,0.0,1.5,15.0,1.5,0,0,1,1,0,0.69,0.01,0.70,1.31,1,False,526,8,2025-26,Igor Jesus Maciel da Cruz,16,7,True
45,0,0,0,0,0,0,0,0,0,0,0,5,0.0,10.7,1.0,1.1,0,3,1,4,1,0.08,0.02,0.10,0.37,1,False,527,8,2025-26,Taiwo Awoniyi,16,7,True
0,0,0,0,0,0,0,0,0,0,0,0,0,0.0,0.0,0.0,0.0,0,0,0,0,0,0.00,0.00,0.00,0.00,0,False,528,8,2025-26,Anthony Patterson,17,20,True
0,0,0,0,0,0,0,0,0,0,0,0,0,0.0,0.0,0.0,0.0,0,0,0,0,0,0.00,0.00,0.00,0.00,0,False,529,8,2025-26,Simon Moore,17,20,True
0,0,0,0,0,0,0,0,0,0,0,0,0,0.0,0.0,0.0,0.0,0,0,0,0,0,0.00,0.00,0.00,0.00,0,False,530,8,2025-26,Blondy Nna Noukeu,17,20,True
90,0,0,1,0,0,0,0,0,0,0,2,33,31.2,21.3,31.0,8.4,9,1,1,10,1,0.06,0.13,0.19,0.83,10,False,531,8,2025-26,Daniel Ballard,17,20,True
90,0,1,1,0,0,0,0,0,0,0,2,33,26.0,20.5,9.0,5.6,4,1,0,4,1,0.24,0.12,0.36,0.83,11,False,532,8,2025-26,Trai Hume,17,20,True
0,0,0,0,0,0,0,0,0,0,0,0,0,0.0,0.0,0.0,0.0,0,0,0,0,0,0.00,0.00,0.00,0.00,0,False,533,8,2025-26,Aji Alese,17,20,True
0,0,0,0,0,0,0,0,0,0,0,0,0,0.0,0.0,0.0,0.0,0,0,0,0,0,0.00,0.00,0.00,0.00,0,False,534,8,2025-26,Joe Anderson,17,20,True
0,0,0,0,0,0,0,0,0,0,0,0,0,0.0,0.0,0.0,0.0,0,0,0,0,0,0.00,0.00,0.00,0.00,0,False,535,8,2025-26,Dennis Cirkin,17,20,True
0,0,0,0,0,0,0,0,0,0,0,0,0,0.0,0.0,0.0,0.0,0,0,0,0,0,0.00,0.00,0.00,0.00,0,False,536,8,2025-26,Leo Fuhr Hjelde,17,20,True
0,0,0,0,0,0,0,0,0,0,0,0,0,0.0,0.0,0.0,0.0,0,0,0,0,0,0.00,0.00,0.00,0.00,0,False,537,8,2025-26,Niall Huggins,17,20,True
0,0,0,0,0,0,0,0,0,0,0,0,0,0.0,0.0,0.0,0.0,0,0,0,0,0,0.00,0.00,0.00,0.00,0,False,538,8,2025-26,Zak Johnson,17,20,True
0,0,0,0,0,0,0,0,0,0,0,0,0,0.0,0.0,0.0,0.0,0,0,0,0,0,0.00,0.00,0.00,0.00,0,False,539,8,2025-26,Luke O'Nien,17,20,True
0,0,0,0,0,0,0,0,0,0,0,0,0,0.0,0.0,0.0,0.0,0,0,0,0,0,0.00,0.00,0.00,0.00,0,False,540,8,2025-26,Timothée Pembélé,17,20,True
0,0,0,0,0,0,0,0,0,0,0,0,0,0.0,0.0,0.0,0.0,0,0,0,0,0,0.00,0.00,0.00,0.00,0,False,541,8,2025-26,Reinildo Mandava,17,20,True
0,0,0,0,0,0,0,0,0,0,0,0,0,0.0,0.0,0.0,0.0,0,0,0,0,0,0.00,0.00,0.00,0.00,0,False,542,8,2025-26,Jenson Seelt,17,20,True
0,0,0,0,0,0,0,0,0,0,0,0,0,0.0,0.0,0.0,0.0,0,0,0,0,0,0.00,0.00,0.00,0.00,0,False,543,8,2025-26,Simon Adingra,17,20,True
0,0,0,0,0,0,0,0,0,0,0,0,0,0.0,0.0,0.0,0.0,0,0,0,0,0,0.00,0.00,0.00,0.00,0,False,544,8,2025-26,Habib Diarra,17,20,True
0,0,0,0,0,0,0,0,0,0,0,0,0,0.0,0.0,0.0,0.0,0,0,0,0,0,0.00,0.00,0.00,0.00,0,False,545,8,2025-26,Patrick Roberts,17,20,True
0,0,0,0,0,0,0,0,0,0,0,0,0,0.0,0.0,0.0,0.0,0,0,0,0,0,0.00,0.00,0.00,0.00,0,False,546,8,2025-26,Milan Aleksić,17,20,True
90,0,0,1,0,0,0,0,0,0,0,0,13,26.6,12.8,0.0,3.9,6,4,4,14,1,0.00,0.02,0.02,0.83,5,False,547,8,2025-26,Enzo Le Fée,17,20,True
0,0,0,0,0,0,0,0,0,0,0,0,0,0.0,0.0,0.0,0.0,0,0,0,0,0,0.00,0.00,0.00,0.00,0,False,548,8,2025-26,Romaine Mundle,17,20,True
1,0,0,0,0,0,0,0,0,0,0,0,3,1.0,0.0,0.0,0.1,1,0,0,1,0,0.00,0.00,0.00,0.10,1,False,549,8,2025-26,Dan Neil,17,20,True
0,0,0,0,0,0,0,0,0,0,0,0,0,0.0,0.0,0.0,0.0,0,0,0,0,0,0.00,0.00,0.00,0.00,0,False,550,8,2025-26,Ian Poveda-Ocampo,17,20,True
75,0,0,1,0,0,0,0,0,0,0,0,7,2.8,10.8,2.0,1.6,0,2,2,4,1,0.00,0.01,0.01,0.34,3,False,551,8,2025-26,Chris Rigg,17,20,True
90,0,0,1,0,0,0,0,0,0,0,0,15,5.8,1.6,5.0,1.2,3,5,0,8,1,0.03,0.01,0.04,0.73,3,False,552,8,2025-26,Noah Sadiki,17,20,True
27,0,1,0,0,0,0,0,0,0,0,0,13,1.2,0.1,0.0,0.1,0,1,0,1,0,0.00,0.00,0.00,0.59,4,False,553,8,2025-26,Chemsdine Talbi,17,20,True
0,0,0,0,0,0,0,0,0,0,0,0,0,0.0,0.0,0.0,0.0,0,0,0,0,0,0.00,0.00,0.00,0.00,0,False,554,8,2025-26,Abdoullah Ba,17,20,True
0,0,0,0,0,0,0,0,0,0,0,0,0,0.0,0.0,0.0,0.0,0,0,0,0,0,0.00,0.00,0.00,0.00,0,False,555,8,2025-26,Alan Browne,17,20,True
0,0,0,0,0,0,0,0,0,0,0,0,0,0.0,0.0,0.0,0.0,0,0,0,0,0,0.00,0.00,0.00,0.00,0,False,556,8,2025-26,Pierre Ekwah Elimby,17,20,True
0,0,0,0,0,0,0,0,0,0,0,0,0,0.0,0.0,0.0,0.0,0,0,0,0,0,0.00,0.00,0.00,0.00,0,False,557,8,2025-26,Harrison Jones,17,20,True
0,0,0,0,0,0,0,0,0,0,0,0,0,0.0,0.0,0.0,0.0,0,0,0,0,0,0.00,0.00,0.00,0.00,0,False,558,8,2025-26,Jay Matete,17,20,True
0,0,0,0,0,0,0,0,0,0,0,0,0,0.0,0.0,0.0,0.0,0,0,0,0,0,0.00,0.00,0.00,0.00,0,False,559,8,2025-26,Nectarios Triantis,17,20,True
75,0,0,1,0,0,0,0,0,0,0,0,5,0.0,1.2,6.0,0.6,0,1,1,2,1,0.04,0.00,0.04,0.34,2,False,560,8,2025-26,Wilson Isidor,17,20,True
14,0,0,0,0,0,0,0,0,0,0,0,2,0.2,0.0,2.0,0.2,0,1,0,1,0,0.00,0.00,0.00,0.48,1,False,561,8,2025-26,Eliezer Mayenda Dossou,17,20,True
0,0,0,0,0,0,0,0,0,0,0,0,0,0.0,0.0,0.0,0.0,0,0,0,0,0,0.00,0.00,0.00,0.00,0,False,562,8,2025-26,Ahmed Abdullahi,17,20,True
0,0,0,0,0,0,0,0,0,0,0,0,0,0.0,0.0,0.0,0.0,0,0,0,0,0,0.00,0.00,0.00,0.00,0,False,563,8,2025-26,Luís Hemir Silva Semedo,17,20,True
0,0,0,0,0,0,0,0,0,0,0,0,0,0.0,0.0,0.0,0.0,0,0,0,0,0,0.00,0.00,0.00,0.00,0,False,564,8,2025-26,Nazarii Rusyn,17,20,True
90,0,0,0,2,0,0,0,0,0,0,0,1,5.0,0.0,0.0,0.5,2,7,0,0,1,0.00,0.00,0.00,0.32,1,False,565,8,2025-26,Guglielmo Vicario,18,2,True
0,0,0,0,0,0,0,0,0,0,0,0,0,0.0,0.0,0.0,0.0,0,0,0,0,0,0.00,0.00,0.00,0.00,0,False,566,8,2025-26,Brandon Austin,18,2,True
0,0,0,0,0,0,0,0,0,0,0,0,0,0.0,0.0,0.0,0.0,0,0,0,0,0,0.00,0.00,0.00,0.00,0,False,567,8,2025-26,Antonín Kinský,18,2,True
90,0,0,0,2,0,0,0,0,0,0,0,10,14.6,24.1,2.0,4.1,2,6,1,3,1,0.00,0.02,0.02,0.32,1,False,568,8,2025-26,Pedro Porro Sauceda,18,2,True
0,0,0,0,0,0,0,0,0,0,0,0,0,0.0,0.0,0.0,0.0,0,0,0,0,0,0.00,0.00,0.00,0.00,0,False,569,8,2025-26,Cristian Romero,18,2,True
90,0,0,0,2,0,0,0,1,0,0,0,7,18.8,1.8,0.0,2.1,9,3,0,9,1,0.00,0.02,0.02,0.32,0,False,570,8,2025-26,Kevin Danso,18,2,True
0,0,0,0,0,0,0,0,0,0,0,0,0,0.0,0.0,0.0,0.0,0,0,0,0,0,0.00,0.00,0.00,0.00,0,False,571,8,2025-26,Ben Davies,18,2,True
0,0,0,0,0,0,0,0,0,0,0,0,0,0.0,0.0,0.0,0.0,0,0,0,0,0,0.00,0.00,0.00,0.00,0,False,572,8,2025-26,Radu Drăgușin,18,2,True
85,0,0,0,2,0,0,0,0,0,0,0,-1,10.0,2.8,2.0,1.5,3,2,2,5,1,0.00,0.02,0.02,0.19,1,False,573,8,2025-26,Djed Spence,18,2,True
0,0,0,0,0,0,0,0,0,0,0,0,0,0.0,0.0,0.0,0.0,0,0,0,0,0,0.00,0.00,0.00,0.00,0,False,574,8,2025-26,Destiny Udogie,18,2,True
90,0,0,0,2,0,0,0,1,0,0,0,3,11.0,1.3,4.0,1.6,4,5,0,4,1,0.10,0.01,0.11,0.32,0,False,575,8,2025-26,Micky van de Ven,18,2,True
0,0,0,0,0,0,0,0,0,0,0,0,0,0.0,0.0,0.0,0.0,0,0,0,0,0,0.00,0.00,0.00,0.00,0,False,576,8,2025-26,Ashley Phillips,18,2,True
0,0,0,0,0,0,0,0,0,0,0,0,0,0.0,0.0,0.0,0.0,0,0,0,0,0,0.00,0.00,0.00,0.00,0,False,577,8,2025-26,Takai Kōta,18,2,True
0,0,0,0,0,0,0,0,0,0,0,0,0,0.0,0.0,0.0,0.0,0,0,0,0,0,0.00,0.00,0.00,0.00,0,False,578,8,2025-26,Luka Vušković,18,2,True
0,0,0,0,0,0,0,0,0,0,0,0,0,0.0,0.0,0.0,0.0,0,0,0,0,0,0.00,0.00,0.00,0.00,0,False,579,8,2025-26,Son Heung-min,18,2,True
4,0,0,0,0,0,0,0,0,0,0,0,2,0.0,0.1,4.0,0.4,1,0,0,1,0,0.06,0.00,0.06,0.12,1,False,580,8,2025-26,Brennan Johnson,8,4,True
0,0,0,0,0,0,0,0,0,0,0,0,0,0.0,0.0,0.0,0.0,0,0,0,0,0,0.00,0.00,0.00,0.00,0,False,581,8,2025-26,James Maddison,18,2,True
90,0,0,0,2,0,0,0,0,0,0,0,6,11.2,40.1,8.0,5.9,1,6,2,9,1,0.00,0.07,0.07,0.32,2,False,582,8,2025-26,Mohammed Kudus,18,2,True
0,0,0,0,0,0,0,0,0,0,0,0,0,0.0,0.0,0.0,0.0,0,0,0,0,0,0.00,0.00,0.00,0.00,0,False,583,8,2025-26,Dejan Kulusevski,18,2,True
59,0,0,0,1,0,0,0,0,0,0,0,-2,0.0,0.8,8.0,0.8,0,4,1,5,1,0.00,0.01,0.01,0.12,1,False,584,8,2025-26,Mathys Tel,18,2,True
85,1,0,0,2,0,0,0,0,0,0,3,36,55.2,12.6,19.0,8.7,6,3,3,12,1,0.12,0.01,0.13,0.19,12,True,585,8,2025-26,Rodrigo Bentancur,18,2,True
11,0,0,0,0,0,0,0,0,0,0,0,3,4.2,1.4,0.0,0.6,1,0,2,3,0,0.00,0.00,0.00,0.12,1,False,586,8,2025-26,Lucas Bergvall,18,2,True
0,0,0,0,0,0,0,0,0,0,0,0,0,0.0,0.0,0.0,0.0,0,0,0,0,0,0.00,0.00,0.00,0.00,0,False,587,8,2025-26,Yves Bissouma,18,2,True
78,0,0,0,2,0,0,0,0,0,0,0,7,8.0,16.5,41.0,6.6,1,3,0,4,1,0.26,0.16,0.42,0.19,2,False,588,8,2025-26,Wilson Odobert,18,2,True
0,0,0,0,0,0,0,0,0,0,0,0,0,0.0,0.0,0.0,0.0,0,0,0,0,0,0.00,0.00,0.00,0.00,0,False,589,8,2025-26,Manor Solomon,18,2,True
0,0,0,0,0,0,0,0,0,0,0,0,0,0.0,0.0,0.0,0.0,0,0,0,0,0,0.00,0.00,0.00,0.00,0,False,590,8,2025-26,Bryan Gil Salvatierra,18,2,True
0,0,0,0,0,0,0,0,0,0,0,0,0,0.0,0.0,0.0,0.0,0,0,0,0,0,0.00,0.00,0.00,0.00,0,False,591,8,2025-26,Archie Gray,18,2,True
0,0,0,0,0,0,0,0,0,0,0,0,0,0.0,0.0,0.0,0.0,0,0,0,0,0,0.00,0.00,0.00,0.00,0,False,592,8,2025-26,Mikey Moore,18,2,True
4,0,0,0,0,0,0,0,0,0,0,0,1,0.0,0.0,0.0,0.0,0,1,0,1,0,0.00,0.00,0.00,0.12,1,False,593,8,2025-26,Pape Matar Sarr,18,2,True
0,0,0,0,0,0,0,0,0,0,0,0,0,0.0,0.0,0.0,0.0,0,0,0,0,0,0.00,0.00,0.00,0.00,0,False,594,8,2025-26,Yang Min-hyeok,18,2,True
0,0,0,0,0,0,0,0,0,0,0,0,0,0.0,0.0,0.0,0.0,0,0,0,0,0,0.00,0.00,0.00,0.00,0,False,595,8,2025-26,Callum Olusesi,18,2,True
0,0,0,0,0,0,0,0,0,0,0,0,0,0.0,0.0,0.0,0.0,0,0,0,0,0,0.00,0.00,0.00,0.00,0,False,596,8,2025-26,Dominic Solanke-Mitchell,18,2,True
30,0,0,0,1,0,0,0,0,0,0,0,4,4.2,10.6,4.0,1.9,1,1,0,2,0,0.00,0.11,0.11,0.19,1,False,597,8,2025-26,Richarlison de Andrade,18,2,True
0,0,0,0,0,0,0,0,0,0,0,0,0,0.0,0.0,0.0,0.0,0,0,0,0,0,0.00,0.00,0.00,0.00,0,False,598,8,2025-26,Will Lankshear,18,2,True
0,0,0,0,0,0,0,0,0,0,0,0,0,0.0,0.0,0.0,0.0,0,0,0,0,0,0.00,0.00,0.00,0.00,0,False,599,8,2025-26,Dane Scarlett,18,2,True
90,0,0,0,2,0,0,0,0,0,4,0,14,34.6,0.0,0.0,3.5,0,12,0,0,1,0.00,0.00,0.00,2.31,2,False,600,8,2025-26,Alphonse Areola,19,5,True
0,0,0,0,0,0,0,0,0,0,0,0,0,0.0,0.0,0.0,0.0,0,0,0,0,0,0.00,0.00,0.00,0.00,0,False,601,8,2025-26,Wes Foderingham,19,5,True
0,0,0,0,0,0,0,0,0,0,0,0,0,0.0,0.0,0.0,0.0,0,0,0,0,0,0.00,0.00,0.00,0.00,0,False,602,8,2025-26,Krisztián Hegyi,19,5,True
45,0,0,0,1,0,0,0,0,0,0,0,1,6.6,1.8,0.0,0.8,2,0,2,4,0,0.00,0.01,0.01,0.84,1,False,603,8,2025-26,El Hadji Malick Diouf,19,5,True
0,0,0,0,0,0,0,0,0,0,0,0,0,0.0,0.0,0.0,0.0,0,0,0,0,0,0.00,0.00,0.00,0.00,0,False,604,8,2025-26,Emerson Palmieri dos Santos,19,5,True
90,0,0,0,2,0,0,0,0,0,0,0,9,34.0,0.7,0.0,3.5,14,2,0,14,1,0.00,0.00,0.00,2.31,3,False,605,8,2025-26,Maximilian Kilman,19,5,True
45,0,0,0,1,0,0,0,0,0,0,0,2,10.8,0.0,0.0,1.1,4,4,0,4,0,0.00,0.00,0.00,0.50,1,False,606,8,2025-26,Konstantinos Mavropanos,19,5,True
0,0,0,0,0,0,0,0,0,0,0,0,0,0.0,0.0,0.0,0.0,0,0,0,0,0,0.00,0.00,0.00,0.00,0,False,607,8,2025-26,Nayef Aguerd,19,5,True
45,0,0,0,1,0,0,0,0,0,0,0,4,8.0,1.0,0.0,0.9,4,0,1,5,1,0.00,0.01,0.01,1.46,1,False,608,8,2025-26,Ollie Scarles,19,5,True
90,0,0,0,2,0,0,0,0,0,0,0,11,18.4,0.7,2.0,2.1,5,4,3,8,1,0.00,0.00,0.00,2.31,1,False,609,8,2025-26,Jean-Clair Todibo,19,5,True
45,0,0,0,1,0,0,0,0,0,0,0,3,7.6,5.6,2.0,1.5,2,2,2,4,0,0.00,0.01,0.01,0.84,1,False,610,8,2025-26,Aaron Wan-Bissaka,19,5,True
0,0,0,0,0,0,0,0,0,0,0,0,0,0.0,0.0,0.0,0.0,0,0,0,0,0,0.00,0.00,0.00,0.00,0,False,611,8,2025-26,Kaelan Casey,19,5,True
90,0,0,0,2,0,0,0,0,0,0,0,6,8.0,6.6,3.0,1.8,3,4,2,9,1,0.04,0.08,0.12,2.31,2,False,612,8,2025-26,Lucas Tolentino Coelho de Lima,19,5,True
70,0,0,0,1,0,0,0,0,0,0,0,11,15.2,10.9,5.0,3.1,7,2,1,10,1,0.11,0.01,0.12,1.93,2,False,613,8,2025-26,Tomáš Souček,19,5,True
0,0,0,0,0,0,0,0,0,0,0,0,0,0.0,0.0,0.0,0.0,0,0,0,0,0,0.00,0.00,0.00,0.00,0,False,614,8,2025-26,James Ward-Prowse,3,11,True
90,0,0,0,2,0,0,0,1,0,0,0,6,2.4,13.3,11.0,2.7,0,3,1,4,1,0.06,0.04,0.10,2.31,1,False,615,8,2025-26,Crysencio Summerville,19,5,True
0,0,0,0,0,0,0,0,0,0,0,0,0,0.0,0.0,0.0,0.0,0,0,0,0,0,0.00,0.00,0.00,0.00,0,False,616,8,2025-26,Edson Álvarez Velázquez,19,5,True
0,0,0,0,0,0,0,0,0,0,0,0,0,0.0,0.0,0.0,0.0,0,0,0,0,0,0.00,0.00,0.00,0.00,0,False,617,8,2025-26,Maxwel Cornet,19,5,True
19,0,0,0,1,0,0,0,0,0,0,0,3,1.2,0.2,0.0,0.1,1,0,0,1,0,0.00,0.00,0.00,0.37,1,False,618,8,2025-26,Guido Rodríguez,19,5,True
0,0,0,0,0,0,0,0,0,0,0,0,0,0.0,0.0,0.0,0.0,0,0,0,0,0,0.00,0.00,0.00,0.00,0,False,619,8,2025-26,Luis Guilherme Lira dos Santos,19,5,True
0,0,0,0,0,0,0,0,0,0,0,0,0,0.0,0.0,0.0,0.0,0,0,0,0,0,0.00,0.00,0.00,0.00,0,False,620,8,2025-26,George Earthy,19,5,True
60,0,0,0,1,0,0,0,0,0,0,0,15,10.6,16.8,2.0,2.9,0,7,2,9,1,0.00,0.02,0.02,1.71,2,False,621,8,2025-26,Andy Irving,19,5,True
0,0,0,0,0,0,0,0,0,0,0,0,0,0.0,0.0,0.0,0.0,0,0,0,0,0,0.00,0.00,0.00,0.00,0,False,622,8,2025-26,Lewis Orford,19,5,True
0,0,0,0,0,0,0,0,0,0,0,0,0,0.0,0.0,0.0,0.0,0,0,0,0,0,0.00,0.00,0.00,0.00,0,False,623,8,2025-26,Freddie Potts,19,5,True
90,0,0,0,2,0,0,0,0,0,0,0,19,14.0,15.3,19.0,4.8,3,3,1,7,1,0.08,0.01,0.09,2.31,2,False,624,8,2025-26,Jarrod Bowen,19,5,True
0,0,0,0,0,0,0,0,0,0,0,0,0,0.0,0.0,0.0,0.0,0,0,0,0,0,0.00,0.00,0.00,0.00,0,False,625,8,2025-26,Niclas Füllkrug,19,5,True
29,0,0,0,1,0,0,0,0,0,0,0,2,0.0,0.1,0.0,0.0,0,0,0,0,0,0.00,0.00,0.00,0.59,1,False,626,8,2025-26,Callum Marshall,19,5,True
90,0,0,0,2,0,0,0,0,0,1,0,3,12.8,0.1,0.0,1.3,1,7,0,0,1,0.00,0.01,0.01,0.65,1,False,627,8,2025-26,Sam Johnstone,20,17,False
0,0,0,0,0,0,0,0,0,0,0,0,0,0.0,0.0,0.0,0.0,0,0,0,0,0,0.00,0.00,0.00,0.00,0,False,628,8,2025-26,José Malheiro de Sá,20,17,False
0,0,0,0,0,0,0,0,0,0,0,0,0,0.0,0.0,0.0,0.0,0,0,0,0,0,0.00,0.00,0.00,0.00,0,False,629,8,2025-26,Daniel Bentley,20,17,False
0,0,0,0,0,0,0,0,0,0,0,0,0,0.0,0.0,0.0,0.0,0,0,0,0,0,0.00,0.00,0.00,0.00,0,False,630,8,2025-26,Tom King,9,13,False
0,0,0,0,0,0,0,0,0,0,0,0,0,0.0,0.0,0.0,0.0,0,0,0,0,0,0.00,0.00,0.00,0.00,0,False,631,8,2025-26,Emmanuel Agbadou,20,17,False
66,0,0,0,1,0,0,0,0,0,0,0,13,19.2,12.7,0.0,3.2,8,2,1,9,1,0.00,0.01,0.01,0.65,2,False,632,8,2025-26,Matt Doherty,20,17,False
90,0,0,0,2,0,0,0,0,0,0,0,9,20.8,38.0,4.0,6.3,3,3,1,4,1,0.00,0.30,0.30,0.65,1,False,633,8,2025-26,Hugo Bueno López,20,17,False
0,0,0,0,0,0,0,0,0,0,0,0,0,0.0,0.0,0.0,0.0,0,0,0,0,0,0.00,0.00,0.00,0.00,0,False,634,8,2025-26,Yerson Mosquera Valdelamar,20,17,False
76,0,0,0,1,0,0,0,0,0,0,0,1,1.4,4.1,10.0,1.6,2,3,0,2,1,0.06,0.05,0.11,0.65,2,False,635,8,2025-26,Rodrigo Martins Gomes,20,17,False
90,0,0,0,2,0,0,0,0,0,0,0,9,21.4,12.3,8.0,4.2,4,0,4,8,1,0.00,0.36,0.36,0.65,1,False,636,8,2025-26,Santiago Ignacio Bueno,20,17,False
0,0,0,0,0,0,0,0,0,0,0,0,0,0.0,0.0,0.0,0.0,0,0,0,0,0,0.00,0.00,0.00,0.00,0,False,637,8,2025-26,Toti Gomes,20,17,False
23,0,0,0,1,0,0,0,0,0,0,0,3,10.0,4.6,7.0,2.2,3,2,0,3,0,0.02,0.01,0.03,0.00,1,False,638,8,2025-26,Ki-Jana Hoever,20,17,False
0,0,0,0,0,0,0,0,0,0,0,0,0,0.0,0.0,0.0,0.0,0,0,0,0,0,0.00,0.00,0.00,0.00,0,False,639,8,2025-26,Bastien Meupiyou Menadjou,20,17,False
0,0,0,0,0,0,0,0,0,0,0,0,0,0.0,0.0,0.0,0.0,0,0,0,0,0,0.00,0.00,0.00,0.00,0,False,640,8,2025-26,Pedro Cardoso de Lima,20,17,False
0,0,0,0,0,0,0,0,0,0,0,0,0,0.0,0.0,0.0,0.0,0,0,0,0,0,0.00,0.00,0.00,0.00,0,False,641,8,2025-26,Alfie Pond,20,17,False
0,0,0,0,0,0,0,0,0,0,0,0,0,0.0,0.0,0.0,0.0,0,0,0,0,0,0.00,0.00,0.00,0.00,0,False,642,8,2025-26,Hwang Hee-chan,20,17,False
90,0,0,0,2,0,0,0,0,0,0,0,16,18.0,6.2,1.0,2.5,5,8,1,14,1,0.02,0.02,0.04,0.65,4,False,643,8,2025-26,André Trindade da Costa Neto,20,17,False
0,0,0,0,0,0,0,0,0,0,0,0,0,0.0,0.0,0.0,0.0,0,0,0,0,0,0.00,0.00,0.00,0.00,0,False,644,8,2025-26,Jean-Ricner Bellegarde,20,17,False
14,0,0,0,1,0,0,0,0,0,0,0,1,0.0,1.3,7.0,0.8,0,0,0,0,0,0.03,0.02,0.05,0.00,1,False,645,8,2025-26,Fer López González,20,17,False
75,0,0,0,1,0,0,0,0,0,0,0,18,14.2,22.7,9.0,4.6,5,2,3,10,1,0.10,0.12,0.22,0.65,2,False,646,8,2025-26,João Victor Gomes da Silva,20,17,False
0,0,0,0,0,0,0,0,0,0,0,0,0,0.0,0.0,0.0,0.0,0,0,0,0,0,0.00,0.00,0.00,0.00,0,False,647,8,2025-26,Gonçalo Manuel Ganchinho Guedes,20,17,False
90,0,0,0,2,0,0,0,0,0,0,0,14,18.6,15.1,30.0,6.4,7,2,3,12,1,0.13,0.18,0.31,0.65,4,False,648,8,2025-26,Marshall Munetsi,20,17,False
0,0,0,0,0,0,0,0,0,0,0,0,0,0.0,0.0,0.0,0.0,0,0,0,0,0,0.00,0.00,0.00,0.00,0,False,649,8,2025-26,Boubacar Traoré,20,17,False
0,0,0,0,0,0,0,0,0,0,0,0,0,0.0,0.0,0.0,0.0,0,0,0,0,0,0.00,0.00,0.00,0.00,0,False,650,8,2025-26,Tawanda Chirewa,20,17,False
0,0,0,0,0,0,0,0,0,0,0,0,0,0.0,0.0,0.0,0.0,0,0,0,0,0,0.00,0.00,0.00,0.00,0,False,651,8,2025-26,Tom Edozie,20,17,False
0,0,0,0,0,0,0,0,0,0,0,0,0,0.0,0.0,0.0,0.0,0,0,0,0,0,0.00,0.00,0.00,0.00,0,False,652,8,2025-26,Enso González Medina,20,17,False
0,0,0,0,0,0,0,0,0,0,0,0,0,0.0,0.0,0.0,0.0,0,0,0,0,0,0.00,0.00,0.00,0.00,0,False,653,8,2025-26,Joe Hodge,20,17,False
90,0,0,0,2,0,0,0,0,0,0,0,5,3.6,22.1,10.0,3.6,1,1,0,2,1,0.04,0.07,0.11,0.65,2,False,654,8,2025-26,Jørgen Strand Larsen,8,4,True
0,0,0,0,0,0,0,0,0,0,0,0,0,0.0,0.0,0.0,0.0,0,0,0,0,0,0.00,0.00,0.00,0.00,0,False,655,8,2025-26,Fábio Soares Silva,20,17,False
0,0,0,0,0,0,0,0,0,0,0,0,0,0.0,0.0,0.0,0.0,0,0,0,0,0,0.00,0.00,0.00,0.00,0,False,656,8,2025-26,Saša Kalajdžić,20,17,False
0,0,0,0,0,0,0,0,0,0,0,0,0,0.0,0.0,0.0,0.0,0,0,0,0,0,0.00,0.00,0.00,0.00,0,False,657,8,2025-26,Leon Chiwome,20,17,False
0,0,0,0,0,0,0,0,0,0,0,0,0,0.0,0.0,0.0,0.0,0,0,0,0,0,0.00,0.00,0.00,0.00,0,False,658,8,2025-26,Nathan Fraser,20,17,False
45,0,0,0,1,0,0,0,0,0,0,0,0,4.0,0.8,0.0,0.5,4,1,0,4,1,0.00,0.00,0.00,1.46,1,False,659,8,2025-26,Kyle Walker-Peters,19,5,True
72,0,0,0,2,0,0,0,0,0,0,0,9,2.6,5.8,11.0,1.9,1,2,0,3,1,0.15,0.04,0.19,0.45,2,False,660,8,2025-26,Anton Stach,11,3,False
28,0,0,0,1,0,0,0,0,0,0,0,-1,0.0,1.9,11.0,0.9,0,0,0,0,0,0.07,0.00,0.07,0.64,1,False,661,8,2025-26,Hugo Ekitiké,12,14,True
0,0,0,0,0,0,0,0,0,0,0,0,0,0.0,0.0,0.0,0.0,0,0,0,0,0,0.00,0.00,0.00,0.00,0,False,662,8,2025-26,Cristhian Mosquera,1,10,False
76,0,0,0,1,0,0,0,0,0,0,0,17,9.8,15.9,8.0,3.4,2,5,2,9,1,0.04,0.04,0.08,0.65,2,False,663,8,2025-26,Jhon Arias,20,17,False
0,0,0,0,0,0,0,0,0,0,0,0,0,0.0,0.0,0.0,0.0,0,0,0,0,0,0.00,0.00,0.00,0.00,0,False,664,8,2025-26,Benjamin Lecomte,10,1,True
0,0,0,0,0,0,0,0,0,0,0,0,0,0.0,0.0,0.0,0.0,0,0,0,0,0,0.00,0.00,0.00,0.00,0,False,665,8,2025-26,Lucas Estella Perri,11,3,False
90,0,0,1,0,0,0,0,0,0,0,0,11,3.4,0.9,48.0,5.2,0,2,0,2,1,0.40,0.02,0.42,0.44,2,False,666,8,2025-26,Viktor Gyökeres,1,10,False
0,0,0,0,0,0,0,0,0,0,0,0,0,0.0,0.0,0.0,0.0,0,0,0,0,0,0.00,0.00,0.00,0.00,0,False,667,8,2025-26,Adam Aznou,9,13,False
90,0,0,1,0,0,0,0,0,0,0,0,15,16.2,19.7,2.0,3.8,6,5,1,12,1,0.03,0.06,0.09,0.83,5,False,668,8,2025-26,Granit Xhaka,17,20,True
0,0,0,0,0,0,0,0,0,0,0,0,0,0.0,0.0,0.0,0.0,0,0,0,0,0,0.00,0.00,0.00,0.00,0,False,669,8,2025-26,Dan Ndoye,16,7,True
90,0,0,1,0,0,0,0,0,0,3,0,28,23.4,0.0,0.0,2.3,0,6,0,0,1,0.00,0.00,0.00,0.83,7,False,670,8,2025-26,Robin Roefs,17,20,True
0,0,0,0,0,0,0,0,0,0,0,0,0,0.0,0.0,0.0,0.0,0,0,0,0,0,0.00,0.00,0.00,0.00,0,False,671,8,2025-26,Callum Wilson,19,5,True
0,0,0,0,0,0,0,0,0,0,0,0,0,0.0,0.0,0.0,0.0,0,0,0,0,0,0.00,0.00,0.00,0.00,0,False,672,8,2025-26,Jorrel Hato,7,16,False
90,0,1,0,2,0,0,0,0,0,0,2,35,43.8,11.8,14.0,7.0,3,3,10,16,1,0.07,0.22,0.29,0.32,9,False,673,8,2025-26,João Maria Lobo Alves Palhares Costa Palhinha Gonçalves,18,2,True
0,0,0,0,0,0,0,0,0,0,0,0,0,0.0,0.0,0.0,0.0,0,0,0,0,0,0.00,0.00,0.00,0.00,0,False,674,8,2025-26,Aaron Ramsdale,15,6,False
0,0,0,0,0,0,0,0,0,0,0,0,0,0.0,0.0,0.0,0.0,0,0,0,0,0,0.00,0.00,0.00,0.00,0,False,675,8,2025-26,Angus Gunn,16,7,True
82,1,0,1,0,0,0,0,0,0,0,2,32,43.2,2.2,17.0,6.2,5,1,0,6,1,0.38,0.02,0.40,2.29,10,False,676,8,2025-26,Lesley Ugochukwu,3,11,True
60,0,0,0,1,0,0,0,0,0,0,0,10,7.4,12.3,0.0,2.0,2,2,2,6,1,0.00,0.01,0.01,0.51,2,False,677,8,2025-26,Evann Guessand,8,4,True
0,0,0,0,0,0,0,0,0,0,0,0,0,0.0,0.0,0.0,0.0,0,0,0,0,0,0.00,0.00,0.00,0.00,0,False,678,8,2025-26,Arthur Masuaku,17,20,True
0,0,0,0,0,0,0,0,0,0,0,0,0,0.0,0.0,0.0,0.0,0,0,0,0,0,0.00,0.00,0.00,0.00,0,False,679,8,2025-26,Mads Hermansen,19,5,True
0,0,0,0,0,0,0,0,0,0,0,0,0,0.0,0.0,0.0,0.0,0,0,0,0,0,0.00,0.00,0.00,0.00,0,False,680,8,2025-26,Armando Broja,3,11,True
29,0,0,0,1,0,0,0,0,0,0,0,4,9.6,12.8,4.0,2.6,3,3,0,6,0,0.01,0.02,0.03,1.74,1,False,681,8,2025-26,Benjamin Sesko,14,12,False
0,0,0,0,0,0,0,0,0,0,0,0,0,0.0,0.0,0.0,0.0,0,0,0,0,0,0.00,0.00,0.00,0.00,0,False,682,8,2025-26,David Møller Wolfe,20,17,False
90,0,0,1,0,0,0,0,0,0,0,0,20,17.6,11.0,0.0,2.9,7,1,1,8,1,0.00,0.01,0.01,0.83,6,False,683,8,2025-26,Omar Alderete,17,20,True
90,0,0,0,2,0,0,0,0,0,0,0,6,14.2,1.5,4.0,2.0,5,5,1,6,1,0.05,0.01,0.06,0.91,1,False,684,8,2025-26,Malick Thiaw,15,6,False
90,0,0,0,3,0,0,0,0,0,0,0,-1,17.2,10.5,2.0,3.0,10,4,0,10,1,0.00,0.00,0.00,4.44,3,False,685,8,2025-26,Bafodé Diakité,4,8,False
0,0,0,0,0,0,0,0,0,0,0,0,0,0.0,0.0,0.0,0.0,0,0,0,0,0,0.00,0.00,0.00,0.00,0,False,686,8,2025-26,Rio Ngumoha,12,14,True
0,0,0,0,0,0,0,0,0,0,0,0,0,0.0,0.0,0.0,0.0,0,0,0,0,0,0.00,0.00,0.00,0.00,0,False,687,8,2025-26,Remy Rees-Dottin,4,8,False
0,0,0,0,0,0,0,0,0,0,0,0,0,0.0,0.0,0.0,0.0,0,0,0,0,0,0.00,0.00,0.00,0.00,0,False,688,8,2025-26,James Wright,2,18,False
0,0,0,0,0,0,0,0,0,0,0,0,0,0.0,0.0,0.0,0.0,0,0,0,0,0,0.00,0.00,0.00,0.00,0,False,689,8,2025-26,Seung-Soo Park,15,6,False
0,0,0,0,0,0,0,0,0,0,0,0,0,0.0,0.0,0.0,0.0,0,0,0,0,0,0.00,0.00,0.00,0.00,0,False,690,8,2025-26,Rio Cardines,8,4,True
90,0,0,0,2,0,0,0,0,0,0,0,5,0.0,11.3,21.0,2.8,1,2,0,3,1,0.33,0.01,0.34,0.45,2,False,691,8,2025-26,Dominic Calvert-Lewin,11,3,False
0,0,0,0,0,0,0,0,0,0,0,0,0,0.0,0.0,0.0,0.0,0,0,0,0,0,0.00,0.00,0.00,0.00,0,False,692,8,2025-26,Giovanni Leoni,12,14,True
0,0,0,0,0,0,0,0,0,0,0,0,0,0.0,0.0,0.0,0.0,0,0,0,0,0,0.00,0.00,0.00,0.00,0,False,693,8,2025-26,Omari Hutchinson,16,7,True
90,1,0,1,0,0,0,0,0,0,0,3,47,56.2,2.2,22.0,8.0,9,7,3,12,1,0.24,0.06,0.30,0.83,17,True,694,8,2025-26,Nordi Mukiele,17,20,True
13,0,0,0,1,0,0,0,0,0,0,0,-1,0.2,12.3,4.0,1.7,0,2,0,0,0,0.26,0.00,0.26,0.00,1,False,695,8,2025-26,Jackson Tchatchoua,20,17,False
0,0,0,0,0,0,0,0,0,0,0,0,0,0.0,0.0,0.0,0.0,0,0,0,0,0,0.00,0.00,0.00,0.00,0,False,696,8,2025-26,Arnaud Kalimuendo,16,7,True
15,0,0,0,1,0,0,0,0,0,0,0,2,4.0,0.1,2.0,0.6,1,1,1,3,0,0.00,0.00,0.00,1.95,1,False,697,8,2025-26,Amine Adli,4,8,False
0,0,0,0,0,0,0,0,0,0,0,0,0,0.0,0.0,0.0,0.0,0,0,0,0,0,0.00,0.00,0.00,0.00,0,False,698,8,2025-26,Noah Okafor,11,3,False
52,0,0,0,2,0,0,0,0,0,0,0,5,2.0,12.2,2.0,1.6,0,1,0,1,1,0.00,0.22,0.22,1.00,1,False,699,8,2025-26,Douglas Luiz Soares de Paulo,2,18,False
0,0,0,0,0,0,0,0,0,0,0,0,0,0.0,0.0,0.0,0.0,0,0,0,0,0,0.00,0.00,0.00,0.00,0,False,700,8,2025-26,Max Dowman,1,10,False
0,0,0,0,0,0,0,0,0,0,0,0,0,0.0,0.0,0.0,0.0,0,0,0,0,0,0.00,0.00,0.00,0.00,0,False,701,8,2025-26,Triston Rowe,2,18,False
0,0,0,0,0,0,0,0,0,0,0,0,0,0.0,0.0,0.0,0.0,0,0,0,0,0,0.00,0.00,0.00,0.00,0,False,702,8,2025-26,Bradley Burrowes,2,18,False
0,0,0,0,0,0,0,0,0,0,0,0,0,0.0,0.0,0.0,0.0,0,0,0,0,0,0.00,0.00,0.00,0.00,0,False,703,8,2025-26,Sam Proctor,2,18,False
0,0,0,0,0,0,0,0,0,0,0,0,0,0.0,0.0,0.0,0.0,0,0,0,0,0,0.00,0.00,0.00,0.00,0,False,704,8,2025-26,Tyler Onyango,9,13,False
0,0,0,0,0,0,0,0,0,0,0,0,0,0.0,0.0,0.0,0.0,0,0,0,0,0,0.00,0.00,0.00,0.00,0,False,705,8,2025-26,Elijah Campbell,9,13,False
0,0,0,0,0,0,0,0,0,0,0,0,0,0.0,0.0,0.0,0.0,0,0,0,0,0,0.00,0.00,0.00,0.00,0,False,706,8,2025-26,James Justin,11,3,False
4,0,0,0,0,0,0,0,1,0,0,0,-1,0.0,0.0,0.0,0.0,0,1,0,1,0,0.00,0.00,0.00,0.86,0,False,707,8,2025-26,Tyler Dibling,9,13,False
45,0,0,0,1,0,0,0,0,0,0,0,5,9.0,2.3,2.0,1.3,2,2,1,5,1,0.05,0.01,0.06,1.46,1,False,708,8,2025-26,Mateus Gonçalo Espanha Fernandes,19,5,True
90,0,0,0,2,1,0,0,0,0,0,0,7,26.8,18.2,25.0,7.0,9,3,0,9,1,0.02,0.07,0.09,0.65,-1,False,709,8,2025-26,Ladislav Krejcí,20,17,False
0,0,0,0,0,0,0,0,0,0,0,0,0,0.0,0.0,0.0,0.0,0,0,0,0,0,0.00,0.00,0.00,0.00,0,False,710,8,2025-26,Travis Patterson,2,18,False
0,0,0,0,0,0,0,0,0,0,0,0,0,0.0,0.0,0.0,0.0,0,0,0,0,0,0.00,0.00,0.00,0.00,0,False,711,8,2025-26,Andre Harriman-Annous,1,10,False
63,0,0,0,2,0,0,0,1,0,0,0,8,1.8,16.0,7.0,2.5,0,2,1,3,1,0.01,0.19,0.20,1.38,1,False,712,8,2025-26,Yéremy Pino Santos,8,4,True
74,0,0,0,2,0,0,0,0,0,0,0,3,10.0,4.8,2.0,1.7,4,1,0,4,1,0.00,0.05,0.05,2.49,1,False,713,8,2025-26,Álex Jiménez Sánchez,4,8,False
90,1,0,0,2,0,0,0,0,0,0,2,29,35.0,2.5,37.0,7.5,2,2,1,5,1,0.71,0.07,0.78,0.91,8,False,714,8,2025-26,Nick Woltemade,15,6,False
0,0,0,0,0,0,0,0,0,0,0,0,0,0.0,0.0,0.0,0.0,0,0,0,0,0,0.00,0.00,0.00,0.00,0,False,715,8,2025-26,John Victor Maciel Furtado,16,7,True
16,0,0,0,1,0,0,0,0,0,0,0,0,4.2,1.2,0.0,0.5,0,1,1,1,0,0.00,0.01,0.01,0.27,1,False,716,8,2025-26,Nicolò Savona,16,7,True
78,0,0,0,2,0,0,0,0,0,0,0,10,11.8,14.3,0.0,2.6,3,3,4,10,1,0.00,0.03,0.03,0.19,2,False,717,8,2025-26,Xavi Simons,18,2,True
0,0,0,0,0,0,0,0,0,0,0,0,0,0.0,0.0,0.0,0.0,0,0,0,0,0,0.00,0.00,0.00,0.00,0,False,718,8,2025-26,Soungoutou Magassa,19,5,True
0,0,0,0,0,0,0,0,0,0,0,0,0,0.0,0.0,0.0,0.0,0,0,0,0,0,0.00,0.00,0.00,0.00,0,False,719,8,2025-26,Victor Lindelöf,2,18,False
14,0,0,0,1,0,0,0,0,0,0,0,-1,0.0,1.2,14.0,1.3,1,0,0,1,0,0.12,0.00,0.12,0.00,1,False,720,8,2025-26,Tolu Arokodare,20,17,False
0,0,0,0,0,0,0,0,0,0,0,0,0,0.0,0.0,0.0,0.0,0,0,0,0,0,0.00,0.00,0.00,0.00,0,False,721,8,2025-26,Veljko Milosavljevic,4,8,False
90,0,1,1,0,0,0,0,0,0,0,0,21,37.8,13.7,1.0,5.3,8,5,3,16,1,0.02,0.00,0.02,2.63,8,False,722,8,2025-26,Florentino Ibrain Morris Luís,3,11,True
0,0,0,0,0,0,0,0,0,0,0,0,0,0.0,0.0,0.0,0.0,0,0,0,0,0,0.00,0.00,0.00,0.00,0,False,723,8,2025-26,Jaydee Canvot,8,4,True
14,0,0,0,0,0,0,0,0,0,0,0,5,3.2,0.3,0.0,0.4,1,1,1,2,0,0.00,0.00,0.00,0.48,1,False,724,8,2025-26,Lutsharel Geertruida,17,20,True
0,0,0,0,0,0,0,0,0,0,0,0,0,0.0,0.0,0.0,0.0,0,0,0,0,0,0.00,0.00,0.00,0.00,0,False,725,8,2025-26,Piero Hincapié,1,10,False
11,0,0,0,0,0,0,0,0,0,0,0,0,0.0,0.0,4.0,0.1,0,0,0,0,0,0.13,0.00,0.13,0.12,1,False,726,8,2025-26,Randal Kolo Muani,18,2,True
0,0,0,0,0,0,0,0,0,0,0,0,0,0.0,0.0,0.0,0.0,0,0,0,0,0,0.00,0.00,0.00,0.00,0,False,727,8,2025-26,Samuel Chukwueze,10,1,True
20,0,0,0,0,0,0,0,0,0,0,0,4,2.4,1.7,6.0,1.0,1,3,1,5,0,0.03,0.00,0.03,1.09,1,False,728,8,2025-26,Merlin Röhl,9,13,False
0,0,0,0,0,0,0,0,0,0,0,0,0,0.0,0.0,0.0,0.0,0,0,0,0,0,0.00,0.00,0.00,0.00,0,False,729,8,2025-26,Luis Eduardo Soares da Silva,16,7,True
0,0,0,0,0,0,0,0,0,0,0,0,0,0.0,0.0,0.0,0.0,0,0,0,0,0,0.00,0.00,0.00,0.00,0,False,730,8,2025-26,Brian Brobbey,17,20,True
27,0,0,0,0,0,0,0,0,0,0,0,9,11.4,14.7,0.0,2.6,1,1,3,5,0,0.00,0.02,0.02,0.73,1,False,731,8,2025-26,Kevin Santos Lopes de Macedo,10,1,True
0,0,0,0,0,0,0,0,0,0,0,0,0,0.0,0.0,0.0,0.0,0,0,0,0,0,0.00,0.00,0.00,0.00,0,False,732,8,2025-26,Christantus Uche,8,4,True
90,0,0,0,1,0,0,0,0,0,5,0,19,37.8,0.0,0.0,3.8,1,11,0,0,1,0.00,0.00,0.00,2.75,3,False,733,8,2025-26,Senne Lammens,14,12,False
0,0,0,0,0,0,0,0,0,0,0,0,0,0.0,0.0,0.0,0.0,0,0,0,0,0,0.00,0.00,0.00,0.00,0,False,734,8,2025-26,Dilane Bakwa,16,7,True
62,0,0,1,0,0,0,0,0,0,0,0,7,2.0,0.7,0.0,0.3,1,3,0,4,1,0.00,0.00,0.00,0.24,3,False,735,8,2025-26,Bertrand Traoré,17,20,True
90,0,0,1,0,0,0,0,0,0,1,0,27,12.6,0.0,0.0,1.3,2,4,0,0,1,0.00,0.00,0.00,0.81,6,False,736,8,2025-26,Gianluigi Donnarumma,13,9,True
0,0,0,0,0,0,0,0,0,0,0,0,0,0.0,0.0,0.0,0.0,0,0,0,0,0,0.00,0.00,0.00,0.00,0,False,737,8,2025-26,Jonah Kusi-Asare,10,1,True
0,0,0,0,0,0,0,0,0,0,0,0,0,0.0,0.0,0.0,0.0,0,0,0,0,0,0.00,0.00,0.00,0.00,0,False,738,8,2025-26,Lukasz Fabianski,19,5,True
0,0,0,0,0,0,0,0,0,0,0,0,0,0.0,0.0,0.0,0.0,0,0,0,0,0,0.00,0.00,0.00,0.00,0,False,739,8,2025-26,Divine Mukasa,13,9,True
0,0,0,0,0,0,0,0,0,0,0,0,0,0.0,0.0,0.0,0.0,0,0,0,0,0,0.00,0.00,0.00,0.00,0,False,740,8,2025-26,Stephen Mfuni,13,9,True
0,0,0,0,0,0,0,0,0,0,0,0,0,0.0,0.0,0.0,0.0,0,0,0,0,0,0.00,0.00,0.00,0.00,0,False,741,8,2025-26,Harry Gray,11,3,False
0,0,0,0,0,0,0,0,0,0,0,0,0,0.0,0.0,0.0,0.0,0,0,0,0,0,0.00,0.00,0.00,0.00,0,False,742,8,2025-26,Ryan McAidoo,13,9,True
0,0,0,0,0,0,0,0,0,0,0,0,0,0.0,0.0,0.0,0.0,0,0,0,0,0,0.00,0.00,0.00,0.00,0,False,743,8,2025-26,Landon Emenalo,7,16,False
0,0,0,0,0,0,0,0,0,0,0,0,0,0.0,0.0,0.0,0.0,0,0,0,0,0,0.00,0.00,0.00,0.00,0,False,744,8,2025-26,Nehemiah Oriola,6,15,True
0,0,0,0,0,0,0,0,0,0,0,0,0,0.0,0.0,0.0,0.0,0,0,0,0,0,0.00,0.00,0.00,0.00,0,False,745,8,2025-26,Jun'ai Byfield,18,2,True
