Player UUID,Code,Player Name,Web Name,Player Team Name,season,Gameweek,Minutes Played,Goals Scored,Assists,Clean Sheet,Goals Conceded,Yellow Card,Red Cards,Total Points,Threat,ICT Index,Influence,Creativity,Opponent Name,Opponent Difficulty,Is Home,Position,Injury/Unavailable,Avg_Total Points_L3,Avg_Minutes Played_L3,Avg_Goals Scored_L3,Avg_Assists_L3,Avg_Goals Conceded_L3,Avg_ICT Index_L3,Avg_Threat_L3,Avg_Creativity_L3,Avg_Influence_L3,Avg_Total Points_L5,Avg_Minutes Played_L5,Avg_Goals Scored_L5,Avg_Assists_L5,Avg_Goals Conceded_L5,Avg_ICT Index_L5,Avg_Threat_L5,Avg_Creativity_L5,Avg_Influence_L5,Team_Total_Points_GW,Team_Total_Points,Player_Season_Points,Team_Points_Contribution_GW,Team_Points_Contribution_Causal,Team_Points_Contribution_GW_Pct,Team_Points_Contribution_Causal_Pct,Team_Contribution_Rank_GW,Team_Contribution_Rank_Causal,element_type
1c2cd056-ee23-405d-bb00-490a255141a1,624,Jarrod Bowen,Bowen,West Ham,2025-26,1,90,0,0,0,3,0,0,2,34.0,4.9,10.6,4.3,Sunderland,3,False,DEF,0,0.0,0.0,0.0,0.0,0.0,0.0,0.0,0.0,0.0,0.0,0.0,0.0,0.0,0.0,0.0,0.0,0.0,0.0,18,0.0,0.0,0.111111,0.0,11.11,0.0,0.032258064516129,0.032258064516129,2
1c2cd056-ee23-405d-bb00-490a255141a1,624,Jarrod Bowen,Bowen,West Ham,2025-26,2,90,0,0,0,5,0,0,2,30.0,6.1,9.8,21.2,Chelsea,3,True,DEF,0,2.0,90.0,0.0,0.0,3.0,4.9,34.0,4.3,10.6,2.0,90.0,0.0,0.0,3.0,4.9,34.0,4.3,10.6,24,18.0,2.0,0.083333,0.111111,8.33,11.11,0.0967741935483871,0.032258064516129,2
1c2cd056-ee23-405d-bb00-490a255141a1,624,Jarrod Bowen,Bowen,West Ham,2025-26,3,90,1,0,1,0,0,0,9,9.0,9.3,50.2,33.6,Nott'm Forest,3,False,DEF,0,2.0,90.0,0.0,0.0,4.0,5.5,32.0,12.75,10.2,2.0,90.0,0.0,0.0,4.0,5.5,32.0,12.75,10.2,80,42.0,4.0,0.1125,0.095238,11.25,9.52,0.09375,0.0625,2
1c2cd056-ee23-405d-bb00-490a255141a1,624,Jarrod Bowen,Bowen,West Ham,2025-26,4,90,0,0,0,3,0,0,2,39.0,5.6,12.4,4.4,Spurs,3,True,DEF,0,4.333333333333333,90.0,0.3333333333333333,0.0,2.6666666666666665,6.766666666666667,24.33333333333333,19.7,23.53333333333333,4.333333333333333,90.0,0.3333333333333333,0.0,2.6666666666666665,6.766666666666667,24.33333333333333,19.7,23.53333333333333,19,122.0,13.0,0.105263,0.106557,10.53,10.66,0.0588235294117647,0.088235294117647,2
1c2cd056-ee23-405d-bb00-490a255141a1,624,Jarrod Bowen,Bowen,West Ham,2025-26,5,90,1,0,0,2,0,0,9,23.0,8.4,40.8,20.4,Crystal Palace,3,True,DEF,0,4.333333333333333,90.0,0.3333333333333333,0.0,2.6666666666666665,7.0,26.0,19.73333333333333,24.133333333333336,3.75,90.0,0.25,0.0,2.75,6.475,28.0,15.875,20.75,30,141.0,15.0,0.3,0.106383,30.0,10.64,0.0294117647058823,0.0588235294117647,2
1c2cd056-ee23-405d-bb00-490a255141a1,624,Jarrod Bowen,Bowen,West Ham,2025-26,6,90,1,0,0,1,0,0,9,35.0,7.4,35.2,3.3,Everton,3,False,DEF,0,6.666666666666667,90.0,0.6666666666666666,0.0,1.6666666666666667,7.766666666666667,23.666666666666668,19.466666666666665,34.46666666666667,4.8,90.0,0.4,0.0,2.6,6.859999999999999,27.0,16.78,24.76,36,171.0,24.0,0.25,0.140351,25.0,14.04,0.0294117647058823,0.0294117647058823,2
1c2cd056-ee23-405d-bb00-490a255141a1,624,Jarrod Bowen,Bowen,West Ham,2025-26,7,90,0,0,0,2,0,0,2,4.0,2.1,5.8,10.8,Arsenal,5,False,DEF,0,6.666666666666667,90.0,0.6666666666666666,0.0,2.0,7.133333333333333,32.333333333333336,9.366666666666664,29.46666666666667,6.2,90.0,0.6,0.0,2.2,7.360000000000001,27.2,16.580000000000002,29.68,25,207.0,33.0,0.08,0.15942,8.0,15.94,0.1176470588235294,0.0294117647058823,2
1c2cd056-ee23-405d-bb00-490a255141a1,624,Jarrod Bowen,Bowen,West Ham,2025-26,8,90,0,0,0,2,0,0,2,19.0,4.8,14.0,15.3,Brentford,3,True,DEF,0,6.666666666666667,90.0,0.6666666666666666,0.0,1.6666666666666667,5.966666666666668,20.666666666666668,11.5,27.266666666666666,6.2,90.0,0.6,0.0,1.6,6.5600000000000005,22.0,14.5,28.880000000000003,23,232.0,35.0,0.086957,0.150862,8.7,15.09,0.0588235294117647,0.0294117647058823,2
1c2cd056-ee23-405d-bb00-490a255141a1,624,Jarrod Bowen,Bowen,West Ham,2025-26,9,90,0,1,0,2,0,0,5,22.0,9.7,26.8,48.3,Leeds,3,False,DEF,0,4.333333333333333,90.0,0.3333333333333333,0.0,1.6666666666666667,4.766666666666667,19.33333333333333,9.8,18.33333333333333,4.8,90.0,0.4,0.0,2.0,5.66,24.0,10.84,21.64,27,255.0,37.0,0.185185,0.145098,18.52,14.51,0.0588235294117647,0.0294117647058823,2
1c2cd056-ee23-405d-bb00-490a255141a1,624,Jarrod Bowen,Bowen,West Ham,2025-26,10,90,0,0,0,1,0,0,2,42.0,8.1,11.0,27.8,Newcastle,3,True,DEF,0,3.0,90.0,0.0,0.3333333333333333,2.0,5.533333333333334,15.0,24.8,15.533333333333331,5.4,90.0,0.4,0.2,1.8,6.480000000000001,20.6,19.62,24.52,50,282.0,42.0,0.04,0.148936,4.0,14.89,0.2,0.0285714285714285,2
1c2cd056-ee23-405d-bb00-490a255141a1,624,Jarrod Bowen,Bowen,West Ham,2025-26,11,90,0,0,0,2,0,0,2,17.0,3.2,8.0,6.9,Burnley,2,True,DEF,0,3.0,90.0,0.0,0.3333333333333333,1.6666666666666667,7.533333333333334,27.666666666666668,30.466666666666665,17.26666666666667,4.0,90.0,0.2,0.2,1.6,6.42,24.4,21.1,18.56,52,332.0,44.0,0.038462,0.13253,3.85,13.25,0.2222222222222222,0.0277777777777777,2
25926206-fae1-4680-a16f-a85d1bc6a5ea,16,Bukayo Saka,Saka,Arsenal,2025-26,1,90,0,0,1,0,0,0,3,7.0,3.5,12.0,16.4,Man Utd,3,False,MID,0,0.0,0.0,0.0,0.0,0.0,0.0,0.0,0.0,0.0,0.0,0.0,0.0,0.0,0.0,0.0,0.0,0.0,0.0,71,0.0,60.0,0.042254,0.0,4.23,0.0,0.28125,0.03125,3
25926206-fae1-4680-a16f-a85d1bc6a5ea,16,Bukayo Saka,Saka,Arsenal,2025-26,2,52,1,0,0,0,0,0,6,21.0,9.2,40.4,30.4,Leeds,2,True,MID,0,3.0,90.0,0.0,0.0,0.0,3.5,7.0,16.4,12.0,3.0,90.0,0.0,0.0,0.0,3.5,7.0,16.4,12.0,94,71.0,3.0,0.06383,0.042254,6.38,4.23,0.1212121212121212,0.303030303030303,3
25926206-fae1-4680-a16f-a85d1bc6a5ea,16,Bukayo Saka,Saka,Arsenal,2025-26,5,45,0,0,0,0,0,0,1,7.0,4.5,5.6,32.3,Man City,4,True,MID,0,2.0,17.333333333333332,0.3333333333333333,0.0,0.0,3.0666666666666664,7.0,10.133333333333333,13.466666666666669,2.25,35.5,0.25,0.0,0.0,3.175,7.0,11.7,13.1,34,273.0,9.0,0.029412,0.032967,2.94,3.3,0.3142857142857143,0.2857142857142857,3
25926206-fae1-4680-a16f-a85d1bc6a5ea,16,Bukayo Saka,Saka,Arsenal,2025-26,6,69,0,0,0,1,0,0,2,30.0,4.6,4.4,11.4,Newcastle,4,False,MID,0,0.3333333333333333,15.0,0.0,0.0,0.0,1.5,2.333333333333333,10.766666666666666,1.8666666666666665,2.0,37.4,0.2,0.0,0.0,3.44,7.0,15.82,11.6,51,307.0,10.0,0.039216,0.032573,3.92,3.26,0.1428571428571428,0.2857142857142857,3
25926206-fae1-4680-a16f-a85d1bc6a5ea,16,Bukayo Saka,Saka,Arsenal,2025-26,7,90,1,0,1,0,0,0,8,31.0,9.3,38.8,23.6,West Ham,2,True,MID,0,1.0,38.0,0.0,0.0,0.3333333333333333,3.033333333333333,12.333333333333334,14.566666666666665,3.333333333333333,1.8,33.2,0.2,0.0,0.2,3.6599999999999993,11.6,14.82,10.08,76,358.0,12.0,0.105263,0.03352,10.53,3.35,0.1142857142857142,0.2857142857142857,3
25926206-fae1-4680-a16f-a85d1bc6a5ea,16,Bukayo Saka,Saka,Arsenal,2025-26,8,90,0,0,1,0,0,0,7,44.0,15.3,28.8,80.3,Fulham,3,False,MID,0,3.6666666666666665,68.0,0.3333333333333333,0.0,0.3333333333333333,6.133333333333333,22.666666666666668,22.433333333333334,16.266666666666666,2.2,40.8,0.2,0.0,0.2,3.68,13.6,13.46,9.76,67,434.0,20.0,0.104478,0.046083,10.45,4.61,0.0857142857142857,0.2571428571428571,3
25926206-fae1-4680-a16f-a85d1bc6a5ea,16,Bukayo Saka,Saka,Arsenal,2025-26,9,65,0,0,1,0,0,0,3,3.0,0.7,2.2,1.9,Crystal Palace,3,True,MID,0,5.666666666666667,83.0,0.3333333333333333,0.0,0.3333333333333333,9.733333333333334,35.0,38.43333333333333,24.0,3.6,58.8,0.2,0.0,0.2,6.74,22.4,29.52,15.52,64,501.0,27.0,0.046875,0.053892,4.69,5.39,0.2285714285714285,0.2285714285714285,3
25926206-fae1-4680-a16f-a85d1bc6a5ea,16,Bukayo Saka,Saka,Arsenal,2025-26,10,90,0,0,1,0,0,0,3,40.0,7.7,12.4,24.3,Burnley,2,False,MID,0,6.0,81.66666666666667,0.3333333333333333,0.0,0.0,8.433333333333334,26.0,35.266666666666666,23.266666666666666,4.2,71.8,0.2,0.0,0.2,6.88,23.0,29.9,15.96,76,565.0,30.0,0.039474,0.053097,3.95,5.31,0.2571428571428571,0.2285714285714285,3
25926206-fae1-4680-a16f-a85d1bc6a5ea,16,Bukayo Saka,Saka,Arsenal,2025-26,11,90,1,0,0,2,0,0,12,46.0,13.2,49.6,36.7,Sunderland,3,False,MID,0,4.333333333333333,81.66666666666667,0.0,0.0,0.0,7.899999999999999,29.0,35.5,14.466666666666669,4.6,80.8,0.2,0.0,0.2,7.52,29.6,28.3,17.32,41,641.0,33.0,0.292683,0.051482,29.27,5.15,0.0285714285714285,0.2571428571428571,3
3b8f2901-f6f2-483f-bd20-8ddb408e5c63,136,Igor Thiago Nascimento Rodrigues,Thiago,Brentford,2025-26,1,90,1,0,0,3,0,0,6,22.0,6.9,36.4,10.7,Nott'm Forest,3,False,GK,0,0.0,0.0,0.0,0.0,0.0,0.0,0.0,0.0,0.0,0.0,0.0,0.0,0.0,0.0,0.0,0.0,0.0,0.0,26,0.0,3.0,0.230769,0.0,23.08,0.0,0.027027027027027,0.027027027027027,1
3b8f2901-f6f2-483f-bd20-8ddb408e5c63,136,Igor Thiago Nascimento Rodrigues,Thiago,Brentford,2025-26,2,90,0,0,1,0,0,0,2,17.0,3.8,4.6,16.3,Aston Villa,3,True,GK,0,6.0,90.0,1.0,0.0,3.0,6.9,22.0,10.7,36.4,6.0,90.0,1.0,0.0,3.0,6.9,22.0,10.7,36.4,74,26.0,6.0,0.027027,0.230769,2.7,23.08,0.2972972972972973,0.027027027027027,1
3b8f2901-f6f2-483f-bd20-8ddb408e5c63,136,Igor Thiago Nascimento Rodrigues,Thiago,Brentford,2025-26,3,90,1,0,0,2,1,0,6,19.0,8.0,43.4,17.4,Sunderland,3,False,GK,0,4.0,90.0,0.5,0.0,1.5,5.35,19.5,13.5,20.5,4.0,90.0,0.5,0.0,1.5,5.35,19.5,13.5,20.5,33,100.0,8.0,0.181818,0.08,18.18,8.0,0.027027027027027,0.1351351351351351,1
3b8f2901-f6f2-483f-bd20-8ddb408e5c63,136,Igor Thiago Nascimento Rodrigues,Thiago,Brentford,2025-26,4,71,0,0,0,1,1,0,1,0.0,2.5,10.0,14.5,Chelsea,3,True,GK,0,4.666666666666667,90.0,0.6666666666666666,0.0,1.6666666666666667,6.233333333333333,19.33333333333333,14.8,28.133333333333336,4.666666666666667,90.0,0.6666666666666666,0.0,1.6666666666666667,6.233333333333333,19.33333333333333,14.8,28.133333333333336,43,133.0,14.0,0.023256,0.105263,2.33,10.53,0.2702702702702703,0.054054054054054,1
3b8f2901-f6f2-483f-bd20-8ddb408e5c63,136,Igor Thiago Nascimento Rodrigues,Thiago,Brentford,2025-26,5,64,0,0,0,3,0,0,2,17.0,2.2,3.4,1.6,Fulham,3,False,GK,0,3.0,83.66666666666667,0.3333333333333333,0.0,1.0,4.766666666666667,12.0,16.066666666666666,19.33333333333333,3.75,85.25,0.5,0.0,1.5,5.3,14.5,14.725,23.6,24,176.0,15.0,0.083333,0.085227,8.33,8.52,0.054054054054054,0.054054054054054,1
3b8f2901-f6f2-483f-bd20-8ddb408e5c63,136,Igor Thiago Nascimento Rodrigues,Thiago,Brentford,2025-26,6,89,2,0,0,1,0,0,13,41.0,11.8,72.6,3.9,Man Utd,3,True,GK,0,3.0,75.0,0.3333333333333333,0.0,2.0,4.233333333333333,12.0,11.166666666666666,18.933333333333334,3.4,81.0,0.4,0.0,1.8,4.68,15.0,12.1,19.56,59,200.0,17.0,0.220339,0.085,22.03,8.5,0.027027027027027,0.027027027027027,1
3b8f2901-f6f2-483f-bd20-8ddb408e5c63,136,Igor Thiago Nascimento Rodrigues,Thiago,Brentford,2025-26,7,67,0,0,0,1,0,0,2,19.0,2.8,7.0,2.3,Man City,4,True,GK,0,5.333333333333333,74.66666666666667,0.6666666666666666,0.0,1.6666666666666667,5.5,19.33333333333333,6.666666666666667,28.666666666666668,4.8,80.8,0.6,0.0,1.4,5.66,18.8,10.739999999999998,26.8,25,259.0,30.0,0.08,0.11583,8.0,11.58,0.054054054054054,0.027027027027027,1
3b8f2901-f6f2-483f-bd20-8ddb408e5c63,136,Igor Thiago Nascimento Rodrigues,Thiago,Brentford,2025-26,8,90,1,0,1,0,0,0,8,92.0,14.4,43.2,8.9,West Ham,2,False,GK,0,5.666666666666667,73.33333333333333,0.6666666666666666,0.0,1.6666666666666667,5.6000000000000005,25.666666666666668,2.6,27.666666666666668,4.8,76.2,0.6,0.0,1.6,5.46,19.2,7.939999999999999,27.28,72,284.0,32.0,0.111111,0.112676,11.11,11.27,0.081081081081081,0.027027027027027,1
3b8f2901-f6f2-483f-bd20-8ddb408e5c63,136,Igor Thiago Nascimento Rodrigues,Thiago,Brentford,2025-26,9,90,1,0,0,2,1,0,5,75.0,11.8,41.0,2.4,Liverpool,4,True,GK,0,7.666666666666667,82.0,1.0,0.0,0.6666666666666666,9.666666666666666,50.66666666666666,5.033333333333333,40.93333333333333,5.2,76.2,0.6,0.0,1.2,6.74,33.8,6.24,27.24,53,356.0,40.0,0.09434,0.11236,9.43,11.24,0.1081081081081081,0.027027027027027,1
3b8f2901-f6f2-483f-bd20-8ddb408e5c63,136,Igor Thiago Nascimento Rodrigues,Thiago,Brentford,2025-26,10,90,0,0,0,2,0,0,2,4.0,2.4,7.2,13.0,Crystal Palace,3,False,GK,0,5.0,82.33333333333333,0.6666666666666666,0.0,1.0,9.666666666666666,62.0,4.533333333333333,30.4,6.0,80.0,0.8,0.0,1.4,8.6,48.8,3.82,33.44,21,409.0,45.0,0.095238,0.110024,9.52,11.0,0.054054054054054,0.027027027027027,1
3b8f2901-f6f2-483f-bd20-8ddb408e5c63,136,Igor Thiago Nascimento Rodrigues,Thiago,Brentford,2025-26,11,90,2,0,0,1,0,0,13,57.0,13.4,74.6,2.5,Newcastle,3,True,GK,0,5.0,90.0,0.6666666666666666,0.0,1.3333333333333333,9.533333333333331,57.0,8.1,30.46666666666667,6.0,85.2,0.8,0.0,1.2,8.639999999999999,46.2,6.1,34.2,49,430.0,47.0,0.265306,0.109302,26.53,10.93,0.0263157894736842,0.0526315789473684,1
40226e47-afdf-40c8-8d2f-d8d044a0e545,101,Caoimhín Kelleher,Kelleher,Brentford,2025-26,1,90,0,0,0,3,0,0,1,0.0,1.2,11.8,0.0,Nott'm Forest,3,False,MID,0,0.0,0.0,0.0,0.0,0.0,0.0,0.0,0.0,0.0,0.0,0.0,0.0,0.0,0.0,0.0,0.0,0.0,0.0,26,0.0,0.0,0.038462,0.0,3.85,0.0,0.1891891891891892,0.027027027027027,3
40226e47-afdf-40c8-8d2f-d8d044a0e545,101,Caoimhín Kelleher,Kelleher,Brentford,2025-26,2,90,0,0,1,0,1,0,5,0.0,1.0,10.0,0.0,Aston Villa,3,True,MID,0,1.0,90.0,0.0,0.0,3.0,1.2,0.0,0.0,11.8,1.0,90.0,0.0,0.0,3.0,1.2,0.0,0.0,11.8,74,26.0,1.0,0.067568,0.038462,6.76,3.85,0.1621621621621621,0.1891891891891892,3
40226e47-afdf-40c8-8d2f-d8d044a0e545,101,Caoimhín Kelleher,Kelleher,Brentford,2025-26,3,90,0,0,0,2,0,0,1,0.0,1.3,12.8,0.0,Sunderland,3,False,MID,0,3.0,90.0,0.0,0.0,1.5,1.1,0.0,0.0,10.9,3.0,90.0,0.0,0.0,1.5,1.1,0.0,0.0,10.9,33,100.0,6.0,0.030303,0.06,3.03,6.0,0.2702702702702703,0.1891891891891892,3
40226e47-afdf-40c8-8d2f-d8d044a0e545,101,Caoimhín Kelleher,Kelleher,Brentford,2025-26,4,90,0,0,0,2,0,0,2,0.0,3.3,33.0,0.0,Chelsea,3,True,MID,0,2.333333333333333,90.0,0.0,0.0,1.6666666666666667,1.1666666666666667,0.0,0.0,11.533333333333331,2.333333333333333,90.0,0.0,0.0,1.6666666666666667,1.1666666666666667,0.0,0.0,11.533333333333331,43,133.0,7.0,0.046512,0.052632,4.65,5.26,0.1891891891891892,0.2162162162162162,3
40226e47-afdf-40c8-8d2f-d8d044a0e545,101,Caoimhín Kelleher,Kelleher,Brentford,2025-26,5,90,0,0,0,3,0,0,1,0.0,1.8,17.6,0.0,Fulham,3,False,MID,0,2.6666666666666665,90.0,0.0,0.0,1.3333333333333333,1.8666666666666665,0.0,0.0,18.6,2.25,90.0,0.0,0.0,1.75,1.7,0.0,0.0,16.9,24,176.0,9.0,0.041667,0.051136,4.17,5.11,0.1621621621621621,0.2702702702702703,3
40226e47-afdf-40c8-8d2f-d8d044a0e545,101,Caoimhín Kelleher,Kelleher,Brentford,2025-26,6,90,0,0,0,1,0,0,8,0.0,6.6,56.4,10.0,Man Utd,3,True,MID,0,1.3333333333333333,90.0,0.0,0.0,2.333333333333333,2.1333333333333333,0.0,0.0,21.133333333333333,2.0,90.0,0.0,0.0,2.0,1.72,0.0,0.0,17.04,59,200.0,10.0,0.135593,0.05,13.56,5.0,0.054054054054054,0.2972972972972973,3
40226e47-afdf-40c8-8d2f-d8d044a0e545,101,Caoimhín Kelleher,Kelleher,Brentford,2025-26,7,90,0,0,0,1,0,0,3,0.0,2.3,22.6,0.0,Man City,4,True,MID,0,3.6666666666666665,90.0,0.0,0.0,2.0,3.9,0.0,3.333333333333333,35.666666666666664,3.4,90.0,0.0,0.0,1.6,2.8,0.0,2.0,25.96,25,259.0,18.0,0.12,0.069498,12.0,6.95,0.027027027027027,0.1081081081081081,3
40226e47-afdf-40c8-8d2f-d8d044a0e545,101,Caoimhín Kelleher,Kelleher,Brentford,2025-26,8,90,0,0,1,0,0,0,6,0.0,0.8,8.4,0.0,West Ham,2,False,MID,0,4.0,90.0,0.0,0.0,1.6666666666666667,3.5666666666666664,0.0,3.333333333333333,32.2,3.0,90.0,0.0,0.0,1.8,3.06,0.0,2.0,28.48,72,284.0,21.0,0.083333,0.073944,8.33,7.39,0.1081081081081081,0.081081081081081,3
40226e47-afdf-40c8-8d2f-d8d044a0e545,101,Caoimhín Kelleher,Kelleher,Brentford,2025-26,9,90,0,0,0,2,0,0,2,0.0,2.0,19.6,0.0,Liverpool,4,True,MID,0,5.666666666666667,90.0,0.0,0.0,0.6666666666666666,3.233333333333333,0.0,3.333333333333333,29.133333333333336,4.0,90.0,0.0,0.0,1.4,2.96,0.0,2.0,27.6,53,356.0,27.0,0.037736,0.075843,3.77,7.58,0.2432432432432432,0.081081081081081,3
40226e47-afdf-40c8-8d2f-d8d044a0e545,101,Caoimhín Kelleher,Kelleher,Brentford,2025-26,10,90,0,0,0,2,0,0,1,0.0,1.6,16.0,0.0,Crystal Palace,3,False,MID,0,3.6666666666666665,90.0,0.0,0.0,1.0,1.7,0.0,0.0,16.866666666666664,4.0,90.0,0.0,0.0,1.4,2.7,0.0,2.0,24.92,21,409.0,29.0,0.047619,0.070905,4.76,7.09,0.1621621621621621,0.1351351351351351,3
40226e47-afdf-40c8-8d2f-d8d044a0e545,101,Caoimhín Kelleher,Kelleher,Brentford,2025-26,11,90,0,0,0,1,0,0,2,0.0,0.3,3.0,0.0,Newcastle,3,True,MID,0,3.0,90.0,0.0,0.0,1.3333333333333333,1.4666666666666668,0.0,0.0,14.666666666666664,4.0,90.0,0.0,0.0,1.2,2.66,0.0,2.0,24.6,49,430.0,30.0,0.040816,0.069767,4.08,6.98,0.1578947368421052,0.1842105263157894,3
47cecb8e-adce-4abe-bdbe-ccc1bfd57a0f,283,Jean-Philippe Mateta,Mateta,Crystal Palace,2025-26,1,90,0,0,1,0,1,0,1,26.0,4.3,16.0,0.8,Chelsea,3,False,GK,0,0.0,0.0,0.0,0.0,0.0,0.0,0.0,0.0,0.0,0.0,0.0,0.0,0.0,0.0,0.0,0.0,0.0,0.0,51,0.0,7.0,0.019608,0.0,1.96,0.0,0.2941176470588235,0.0294117647058823,1
47cecb8e-adce-4abe-bdbe-ccc1bfd57a0f,283,Jean-Philippe Mateta,Mateta,Crystal Palace,2025-26,2,87,0,0,0,1,0,0,2,13.0,1.4,0.4,0.4,Nott'm Forest,2,True,GK,0,1.0,90.0,0.0,0.0,0.0,4.3,26.0,0.8,16.0,1.0,90.0,0.0,0.0,0.0,4.3,26.0,0.8,16.0,33,51.0,1.0,0.060606,0.019608,6.06,1.96,0.1176470588235294,0.2941176470588235,1
47cecb8e-adce-4abe-bdbe-ccc1bfd57a0f,283,Jean-Philippe Mateta,Mateta,Crystal Palace,2025-26,3,84,1,0,1,0,1,0,5,21.0,6.2,37.4,3.8,Aston Villa,3,False,GK,0,1.5,88.5,0.0,0.0,0.5,2.85,19.5,0.6000000000000001,8.2,1.5,88.5,0.0,0.0,0.5,2.85,19.5,0.6000000000000001,8.2,81,84.0,3.0,0.061728,0.035714,6.17,3.57,0.2571428571428571,0.2857142857142857,1
47cecb8e-adce-4abe-bdbe-ccc1bfd57a0f,283,Jean-Philippe Mateta,Mateta,Crystal Palace,2025-26,4,90,0,0,1,0,0,0,2,50.0,6.3,11.6,1.3,Sunderland,2,True,GK,0,2.6666666666666665,87.0,0.3333333333333333,0.0,0.3333333333333333,3.966666666666667,20.0,1.6666666666666667,17.933333333333334,2.6666666666666665,87.0,0.3333333333333333,0.0,0.3333333333333333,3.966666666666667,20.0,1.6666666666666667,17.933333333333334,51,165.0,8.0,0.039216,0.048485,3.92,4.85,0.2972972972972973,0.2432432432432432,1
47cecb8e-adce-4abe-bdbe-ccc1bfd57a0f,283,Jean-Philippe Mateta,Mateta,Crystal Palace,2025-26,5,90,1,0,0,1,0,0,6,40.0,8.1,37.2,3.3,West Ham,2,False,GK,0,3.0,87.0,0.3333333333333333,0.0,0.3333333333333333,4.633333333333334,28.0,1.8333333333333333,16.466666666666665,2.5,87.75,0.25,0.0,0.25,4.55,27.5,1.575,16.349999999999998,44,216.0,10.0,0.136364,0.046296,13.64,4.63,0.1081081081081081,0.1891891891891892,1
47cecb8e-adce-4abe-bdbe-ccc1bfd57a0f,283,Jean-Philippe Mateta,Mateta,Crystal Palace,2025-26,6,90,0,0,0,1,0,0,2,39.0,6.2,7.6,15.8,Liverpool,4,True,GK,0,4.333333333333333,88.0,0.6666666666666666,0.0,0.3333333333333333,6.866666666666667,37.0,2.7999999999999994,28.73333333333333,3.2,88.2,0.4,0.0,0.4,5.26,30.0,1.92,20.52,55,260.0,16.0,0.036364,0.061538,3.64,6.15,0.2972972972972973,0.1891891891891892,1
47cecb8e-adce-4abe-bdbe-ccc1bfd57a0f,283,Jean-Philippe Mateta,Mateta,Crystal Palace,2025-26,7,69,0,0,1,0,0,0,2,29.0,3.7,6.4,1.6,Everton,3,False,GK,0,3.333333333333333,90.0,0.3333333333333333,0.0,0.6666666666666666,6.866666666666667,43.0,6.8,18.8,3.4,88.2,0.4,0.0,0.6,5.64,32.6,4.92,18.84,41,315.0,18.0,0.04878,0.057143,4.88,5.71,0.2162162162162162,0.1891891891891892,1
47cecb8e-adce-4abe-bdbe-ccc1bfd57a0f,283,Jean-Philippe Mateta,Mateta,Crystal Palace,2025-26,8,90,3,0,0,3,0,0,17,138.0,25.1,103.8,9.1,Bournemouth,3,True,GK,0,3.333333333333333,83.0,0.3333333333333333,0.0,0.6666666666666666,6.0,36.0,6.9,17.066666666666666,3.4,84.6,0.4,0.0,0.4,6.1,35.8,5.16,20.04,45,356.0,20.0,0.377778,0.05618,37.78,5.62,0.027027027027027,0.1891891891891892,1
47cecb8e-adce-4abe-bdbe-ccc1bfd57a0f,283,Jean-Philippe Mateta,Mateta,Crystal Palace,2025-26,9,90,0,0,0,1,0,0,2,5.0,0.8,0.6,2.4,Arsenal,5,False,GK,0,7.0,83.0,1.0,0.0,1.3333333333333333,11.666666666666666,68.66666666666667,8.833333333333332,39.266666666666666,5.8,85.8,0.8,0.0,1.0,9.88,59.2,6.220000000000001,33.32000000000001,30,401.0,37.0,0.066667,0.092269,6.67,9.23,0.081081081081081,0.1081081081081081,1
47cecb8e-adce-4abe-bdbe-ccc1bfd57a0f,283,Jean-Philippe Mateta,Mateta,Crystal Palace,2025-26,10,89,1,0,1,0,0,0,9,42.0,8.4,40.4,1.8,Brentford,3,True,GK,0,7.0,83.0,1.0,0.0,1.3333333333333333,9.866666666666667,57.333333333333336,4.366666666666666,36.93333333333333,5.8,85.8,0.8,0.0,1.2,8.78,50.2,6.44,31.120000000000005,75,431.0,39.0,0.12,0.090487,12.0,9.05,0.081081081081081,0.1081081081081081,1
47cecb8e-adce-4abe-bdbe-ccc1bfd57a0f,283,Jean-Philippe Mateta,Mateta,Crystal Palace,2025-26,11,90,0,0,1,0,0,0,2,10.0,4.8,10.4,27.2,Brighton,3,True,GK,0,9.333333333333334,89.66666666666667,1.3333333333333333,0.0,1.3333333333333333,11.433333333333335,61.66666666666666,4.433333333333333,48.26666666666667,6.4,85.6,0.8,0.0,1.0,8.84,50.6,6.140000000000001,31.76,65,506.0,48.0,0.030769,0.094862,3.08,9.49,0.2702702702702703,0.081081081081081,1
57a89095-8ea0-4791-94c5-8bea1c74d447,317,Joachim Andersen,Andersen,Fulham,2025-26,1,90,0,0,0,1,0,0,2,4.0,2.1,16.4,1.0,Brighton,3,False,MID,0,0.0,0.0,0.0,0.0,0.0,0.0,0.0,0.0,0.0,0.0,0.0,0.0,0.0,0.0,0.0,0.0,0.0,0.0,35,0.0,0.0,0.057143,0.0,5.71,0.0,0.1538461538461538,0.0384615384615384,3
57a89095-8ea0-4791-94c5-8bea1c74d447,317,Joachim Andersen,Andersen,Fulham,2025-26,2,90,0,0,0,1,0,0,4,6.0,4.2,24.6,11.4,Man Utd,3,True,MID,0,2.0,90.0,0.0,0.0,1.0,2.1,4.0,1.0,16.4,2.0,90.0,0.0,0.0,1.0,2.1,4.0,1.0,16.4,38,35.0,2.0,0.105263,0.057143,10.53,5.71,0.1153846153846153,0.1538461538461538,3
57a89095-8ea0-4791-94c5-8bea1c74d447,317,Joachim Andersen,Andersen,Fulham,2025-26,3,90,0,0,0,2,0,0,3,8.0,4.0,20.8,11.2,Chelsea,3,False,MID,0,3.0,90.0,0.0,0.0,1.0,3.1500000000000004,5.0,6.2,20.5,3.0,90.0,0.0,0.0,1.0,3.1500000000000004,5.0,6.2,20.5,23,73.0,6.0,0.130435,0.082192,13.04,8.22,0.0384615384615384,0.1538461538461538,3
57a89095-8ea0-4791-94c5-8bea1c74d447,317,Joachim Andersen,Andersen,Fulham,2025-26,4,90,0,0,1,0,0,0,10,0.0,3.2,29.0,3.0,Leeds,2,True,MID,0,3.0,90.0,0.0,0.0,1.3333333333333333,3.4333333333333336,6.0,7.866666666666667,20.6,3.0,90.0,0.0,0.0,1.3333333333333333,3.4333333333333336,6.0,7.866666666666667,20.6,58,96.0,9.0,0.172414,0.09375,17.24,9.38,0.0344827586206896,0.1034482758620689,3
57a89095-8ea0-4791-94c5-8bea1c74d447,317,Joachim Andersen,Andersen,Fulham,2025-26,5,90,0,0,0,1,0,0,4,11.0,4.4,32.4,0.8,Brentford,3,True,MID,0,5.666666666666667,90.0,0.0,0.0,1.0,3.8,4.666666666666667,8.533333333333333,24.8,4.75,90.0,0.0,0.0,1.0,3.375,4.5,6.65,22.7,51,154.0,19.0,0.078431,0.123377,7.84,12.34,0.1724137931034483,0.0344827586206896,3
57a89095-8ea0-4791-94c5-8bea1c74d447,317,Joachim Andersen,Andersen,Fulham,2025-26,6,90,0,0,0,3,0,0,3,2.0,2.2,18.8,0.8,Aston Villa,3,False,MID,0,5.666666666666667,90.0,0.0,0.0,1.0,3.866666666666666,6.333333333333333,5.0,27.399999999999995,4.6,90.0,0.0,0.0,1.0,3.58,5.8,5.48,24.64,31,205.0,23.0,0.096774,0.112195,9.68,11.22,0.1034482758620689,0.0689655172413793,3
57a89095-8ea0-4791-94c5-8bea1c74d447,317,Joachim Andersen,Andersen,Fulham,2025-26,7,90,0,0,0,3,0,0,3,0.0,3.5,34.4,0.9,Bournemouth,4,False,MID,0,5.666666666666667,90.0,0.0,0.0,1.3333333333333333,3.266666666666667,4.333333333333333,1.5333333333333332,26.73333333333333,4.8,90.0,0.0,0.0,1.4,3.6,5.4,5.44,25.12,38,236.0,26.0,0.078947,0.110169,7.89,11.02,0.1034482758620689,0.0689655172413793,3
57a89095-8ea0-4791-94c5-8bea1c74d447,317,Joachim Andersen,Andersen,Fulham,2025-26,8,41,0,0,0,0,0,0,1,0.0,1.2,11.4,0.2,Arsenal,4,True,MID,0,3.333333333333333,90.0,0.0,0.0,2.333333333333333,3.3666666666666667,4.333333333333333,0.8333333333333334,28.53333333333333,4.6,90.0,0.0,0.0,1.8,3.46,4.2,3.34,27.08,31,274.0,29.0,0.032258,0.105839,3.23,10.58,0.3793103448275862,0.0689655172413793,3
57a89095-8ea0-4791-94c5-8bea1c74d447,317,Joachim Andersen,Andersen,Fulham,2025-26,10,90,0,0,1,0,0,0,6,14.0,2.8,12.2,1.5,Wolves,2,True,MID,0,1.3333333333333333,43.66666666666666,0.0,0.0,1.0,1.5666666666666664,0.0,0.3666666666666667,15.266666666666664,2.2,62.2,0.0,0.0,1.4,2.26,2.6,0.54,19.4,73,340.0,30.0,0.082192,0.088235,8.22,8.82,0.1379310344827586,0.0689655172413793,3
57a89095-8ea0-4791-94c5-8bea1c74d447,317,Joachim Andersen,Andersen,Fulham,2025-26,11,90,0,0,0,2,0,0,3,2.0,3.5,32.6,0.5,Everton,3,False,MID,0,2.333333333333333,43.66666666666666,0.0,0.0,0.0,1.333333333333333,4.666666666666667,0.5666666666666668,7.866666666666663,2.6,62.2,0.0,0.0,1.2,1.94,3.2,0.68,15.36,27,413.0,36.0,0.111111,0.087167,11.11,8.72,0.0689655172413793,0.1034482758620689,3
8baff127-2097-4ed3-a650-9482f0cb3cfa,430,Erling Haaland,Haaland,Man City,2025-26,1,72,2,0,1,0,0,0,13,71.0,12.9,58.0,0.3,Wolves,2,False,DEF,0,0.0,0.0,0.0,0.0,0.0,0.0,0.0,0.0,0.0,0.0,0.0,0.0,0.0,0.0,0.0,0.0,0.0,0.0,86,0.0,0.0,0.151163,0.0,15.12,0.0,0.032258064516129,0.032258064516129,2
8baff127-2097-4ed3-a650-9482f0cb3cfa,430,Erling Haaland,Haaland,Man City,2025-26,2,90,0,0,0,2,0,0,2,15.0,3.2,1.4,15.2,Spurs,3,True,DEF,0,13.0,72.0,2.0,0.0,0.0,12.9,71.0,0.3,58.0,13.0,72.0,2.0,0.0,0.0,12.9,71.0,0.3,58.0,20,86.0,13.0,0.1,0.151163,10.0,15.12,0.032258064516129,0.032258064516129,2
8baff127-2097-4ed3-a650-9482f0cb3cfa,430,Erling Haaland,Haaland,Man City,2025-26,3,90,1,0,0,2,0,0,9,96.0,12.7,30.4,0.4,Brighton,3,False,DEF,0,7.5,81.0,1.0,0.0,1.0,8.05,43.0,7.75,29.7,7.5,81.0,1.0,0.0,1.0,8.05,43.0,7.75,29.7,34,106.0,15.0,0.264706,0.141509,26.47,14.15,0.032258064516129,0.032258064516129,2
8baff127-2097-4ed3-a650-9482f0cb3cfa,430,Erling Haaland,Haaland,Man City,2025-26,4,86,2,0,1,0,0,0,13,70.0,16.2,78.8,12.9,Man Utd,3,True,DEF,0,8.0,84.0,1.0,0.0,1.3333333333333333,9.6,60.66666666666666,5.3,29.933333333333334,8.0,84.0,1.0,0.0,1.3333333333333333,9.6,60.66666666666666,5.3,29.933333333333334,83,140.0,24.0,0.156627,0.171429,15.66,17.14,0.0294117647058823,0.0588235294117647,2
8baff127-2097-4ed3-a650-9482f0cb3cfa,430,Erling Haaland,Haaland,Man City,2025-26,5,75,1,0,1,0,0,0,9,34.0,7.2,35.4,2.1,Arsenal,5,False,DEF,0,8.0,88.66666666666667,1.0,0.0,1.3333333333333333,10.7,60.333333333333336,9.5,36.86666666666667,9.25,84.5,1.25,0.0,1.0,11.25,63.0,7.2,42.15,48,223.0,37.0,0.1875,0.165919,18.75,16.59,0.0294117647058823,0.0294117647058823,2
8baff127-2097-4ed3-a650-9482f0cb3cfa,430,Erling Haaland,Haaland,Man City,2025-26,6,90,2,1,0,1,0,0,16,78.0,18.4,85.4,20.8,Burnley,2,True,DEF,0,10.333333333333334,83.66666666666667,1.3333333333333333,0.0,0.6666666666666666,12.033333333333331,66.66666666666667,5.133333333333334,48.2,9.2,82.6,1.2,0.0,0.8,10.44,57.2,6.180000000000001,40.8,57,271.0,46.0,0.280702,0.169742,28.07,16.97,0.0285714285714285,0.0571428571428571,2
8baff127-2097-4ed3-a650-9482f0cb3cfa,430,Erling Haaland,Haaland,Man City,2025-26,7,90,1,0,1,0,0,0,8,23.0,6.2,35.4,3.4,Brentford,3,False,DEF,0,12.666666666666666,83.66666666666667,1.6666666666666667,0.3333333333333333,0.3333333333333333,13.933333333333332,60.66666666666666,11.933333333333332,66.53333333333335,9.8,86.2,1.2,0.2,1.0,11.54,58.6,10.28,46.28,63,328.0,62.0,0.126984,0.189024,12.7,18.9,0.0857142857142857,0.0285714285714285,2
8baff127-2097-4ed3-a650-9482f0cb3cfa,430,Erling Haaland,Haaland,Man City,2025-26,8,90,2,0,1,0,0,0,13,85.0,16.4,77.4,1.9,Everton,2,True,DEF,0,11.0,85.0,1.3333333333333333,0.3333333333333333,0.3333333333333333,10.6,45.0,8.766666666666667,52.06666666666667,11.0,86.2,1.4,0.2,0.6,12.14,60.2,7.92,53.08,70,391.0,70.0,0.185714,0.179028,18.57,17.9,0.0285714285714285,0.0285714285714285,2
8baff127-2097-4ed3-a650-9482f0cb3cfa,430,Erling Haaland,Haaland,Man City,2025-26,9,90,0,0,0,1,0,0,2,53.0,7.1,15.2,2.6,Aston Villa,3,False,DEF,0,12.333333333333334,90.0,1.6666666666666667,0.3333333333333333,0.3333333333333333,13.666666666666666,62.0,8.700000000000001,66.06666666666668,11.8,86.2,1.6,0.2,0.2,12.88,58.0,8.22,62.48,25,461.0,83.0,0.08,0.180043,8.0,18.0,0.0571428571428571,0.0285714285714285,2
8baff127-2097-4ed3-a650-9482f0cb3cfa,430,Erling Haaland,Haaland,Man City,2025-26,10,81,2,0,0,1,0,0,13,82.0,15.7,71.6,3.8,Bournemouth,3,True,DEF,0,7.666666666666667,90.0,1.0,0.0,0.3333333333333333,9.9,53.66666666666666,2.6333333333333333,42.66666666666666,9.6,87.0,1.2,0.2,0.4,11.06,54.6,6.16,49.760000000000005,56,486.0,85.0,0.232143,0.174897,23.21,17.49,0.0285714285714285,0.0285714285714285,2
8baff127-2097-4ed3-a650-9482f0cb3cfa,430,Erling Haaland,Haaland,Man City,2025-26,11,90,1,0,1,0,0,0,4,42.0,8.1,37.0,1.6,Liverpool,4,True,DEF,0,9.333333333333334,87.0,1.3333333333333333,0.0,0.6666666666666666,13.066666666666665,73.33333333333333,2.766666666666666,54.73333333333333,10.4,88.2,1.4,0.2,0.6,12.759999999999998,64.2,6.5,57.0,76,542.0,98.0,0.052632,0.180812,5.26,18.08,0.2571428571428571,0.0285714285714285,2
ab65ac51-0185-4bcc-a109-602a25d2d6c0,414,Phil Foden,Foden,Man City,2025-26,2,15,0,0,0,0,0,0,1,12.0,3.2,5.6,14.3,Spurs,3,True,MID,0,0.0,0.0,0.0,0.0,0.0,0.0,0.0,0.0,0.0,0.0,0.0,0.0,0.0,0.0,0.0,0.0,0.0,0.0,20,86.0,0.0,0.05,0.0,5.0,0.0,0.1612903225806451,0.5161290322580645,3
ab65ac51-0185-4bcc-a109-602a25d2d6c0,414,Phil Foden,Foden,Man City,2025-26,4,90,1,0,1,0,0,0,12,23.0,8.0,40.6,16.5,Man Utd,3,True,MID,0,0.3333333333333333,5.0,0.0,0.0,0.0,1.0666666666666669,4.0,4.766666666666667,1.8666666666666665,0.3333333333333333,5.0,0.0,0.0,0.0,1.0666666666666669,4.0,4.766666666666667,1.8666666666666665,83,140.0,1.0,0.144578,0.007143,14.46,0.71,0.0588235294117647,0.4411764705882353,3
ab65ac51-0185-4bcc-a109-602a25d2d6c0,414,Phil Foden,Foden,Man City,2025-26,5,67,0,0,1,0,0,0,3,0.0,0.8,6.0,1.8,Arsenal,5,False,MID,0,4.333333333333333,35.0,0.3333333333333333,0.0,0.0,3.733333333333333,11.666666666666666,10.266666666666667,15.4,3.25,26.25,0.25,0.0,0.0,2.8,8.75,7.7,11.55,48,223.0,13.0,0.0625,0.058296,6.25,5.83,0.1764705882352941,0.088235294117647,3
ab65ac51-0185-4bcc-a109-602a25d2d6c0,414,Phil Foden,Foden,Man City,2025-26,6,90,0,0,0,1,1,0,1,10.0,8.0,12.4,57.8,Burnley,2,True,MID,0,5.0,52.333333333333336,0.3333333333333333,0.0,0.0,2.9333333333333336,7.666666666666667,6.1000000000000005,15.533333333333331,3.2,34.4,0.2,0.0,0.0,2.4,7.0,6.5200000000000005,10.44,57,271.0,16.0,0.017544,0.059041,1.75,5.9,0.3142857142857143,0.1142857142857142,3
ab65ac51-0185-4bcc-a109-602a25d2d6c0,414,Phil Foden,Foden,Man City,2025-26,7,90,0,0,1,0,0,0,3,20.0,7.0,12.2,38.1,Brentford,3,False,MID,0,5.333333333333333,82.33333333333333,0.3333333333333333,0.0,0.3333333333333333,5.6000000000000005,11.0,25.366666666666664,19.666666666666668,3.4,52.4,0.2,0.0,0.2,4.0,9.0,18.08,12.920000000000002,63,328.0,17.0,0.047619,0.051829,4.76,5.18,0.2,0.0857142857142857,3
ab65ac51-0185-4bcc-a109-602a25d2d6c0,414,Phil Foden,Foden,Man City,2025-26,8,90,0,0,1,0,0,0,3,7.0,8.6,13.0,65.5,Everton,2,True,MID,0,2.333333333333333,82.33333333333333,0.0,0.0,0.3333333333333333,5.266666666666667,10.0,32.56666666666666,10.2,3.8,67.4,0.2,0.0,0.2,4.76,10.6,22.84,14.24,70,391.0,20.0,0.042857,0.051151,4.29,5.12,0.2571428571428571,0.1142857142857142,3
ab65ac51-0185-4bcc-a109-602a25d2d6c0,414,Phil Foden,Foden,Man City,2025-26,9,90,0,0,0,1,1,0,1,16.0,13.8,22.8,98.9,Aston Villa,3,False,MID,0,2.333333333333333,90.0,0.0,0.0,0.3333333333333333,7.866666666666666,12.333333333333334,53.79999999999999,12.533333333333331,4.4,85.4,0.2,0.0,0.2,6.48,12.0,35.94,16.84,25,461.0,23.0,0.04,0.049892,4.0,4.99,0.2571428571428571,0.1428571428571428,3
ab65ac51-0185-4bcc-a109-602a25d2d6c0,414,Phil Foden,Foden,Man City,2025-26,10,89,0,1,0,1,1,0,4,13.0,8.3,22.2,48.1,Bournemouth,3,True,MID,0,2.333333333333333,90.0,0.0,0.0,0.3333333333333333,9.8,14.333333333333334,67.5,16.0,2.2,85.4,0.0,0.0,0.4,7.640000000000001,10.6,52.42,13.28,56,486.0,24.0,0.071429,0.049383,7.14,4.94,0.1142857142857142,0.1428571428571428,3
ab65ac51-0185-4bcc-a109-602a25d2d6c0,414,Phil Foden,Foden,Man City,2025-26,11,90,0,0,1,0,0,0,3,2.0,2.0,6.8,11.1,Liverpool,4,True,MID,0,2.6666666666666665,89.66666666666667,0.0,0.3333333333333333,0.6666666666666666,10.233333333333333,12.0,70.83333333333333,19.33333333333333,2.4,89.8,0.0,0.2,0.6,9.14,13.2,61.67999999999999,16.52,76,542.0,28.0,0.039474,0.051661,3.95,5.17,0.2857142857142857,0.1142857142857142,3
b8263edf-b9bc-4d94-83df-038cfc614178,373,Virgil van Dijk,Virgil,Liverpool,2025-26,1,90,0,0,0,2,0,0,3,25.0,7.5,49.4,0.9,Bournemouth,3,True,GK,0,0.0,0.0,0.0,0.0,0.0,0.0,0.0,0.0,0.0,0.0,0.0,0.0,0.0,0.0,0.0,0.0,0.0,0.0,53,0.0,37.0,0.056604,0.0,5.66,0.0,0.2058823529411764,0.0294117647058823,1
b8263edf-b9bc-4d94-83df-038cfc614178,373,Virgil van Dijk,Virgil,Liverpool,2025-26,2,90,0,0,0,2,0,0,3,0.0,3.9,38.6,0.3,Newcastle,4,False,GK,0,3.0,90.0,0.0,0.0,2.0,7.5,25.0,0.9,49.4,3.0,90.0,0.0,0.0,2.0,7.5,25.0,0.9,49.4,50,53.0,3.0,0.06,0.056604,6.0,5.66,0.1714285714285714,0.2285714285714285,1
b8263edf-b9bc-4d94-83df-038cfc614178,373,Virgil van Dijk,Virgil,Liverpool,2025-26,3,90,0,0,1,0,0,0,8,2.0,3.7,31.2,3.7,Arsenal,4,True,GK,0,3.0,90.0,0.0,0.0,2.0,5.7,12.5,0.6,44.0,3.0,90.0,0.0,0.0,2.0,5.7,12.5,0.6,44.0,63,103.0,6.0,0.126984,0.058252,12.7,5.83,0.0571428571428571,0.1714285714285714,1
b8263edf-b9bc-4d94-83df-038cfc614178,373,Virgil van Dijk,Virgil,Liverpool,2025-26,4,90,0,0,1,0,0,0,8,0.0,4.1,24.8,16.3,Burnley,2,False,GK,0,4.666666666666667,90.0,0.0,0.0,1.3333333333333333,5.033333333333333,9.0,1.6333333333333335,39.73333333333333,4.666666666666667,90.0,0.0,0.0,1.3333333333333333,5.033333333333333,9.0,1.6333333333333335,39.73333333333333,54,166.0,14.0,0.148148,0.084337,14.81,8.43,0.0857142857142857,0.1142857142857142,1
b8263edf-b9bc-4d94-83df-038cfc614178,373,Virgil van Dijk,Virgil,Liverpool,2025-26,5,90,0,0,0,1,0,0,4,2.0,2.6,22.6,1.2,Everton,2,True,GK,0,6.333333333333333,90.0,0.0,0.0,0.6666666666666666,3.9,0.6666666666666666,6.766666666666667,31.53333333333333,5.5,90.0,0.0,0.0,1.0,4.8,6.75,5.300000000000001,36.0,51,220.0,22.0,0.078431,0.1,7.84,10.0,0.1142857142857142,0.0857142857142857,1
b8263edf-b9bc-4d94-83df-038cfc614178,373,Virgil van Dijk,Virgil,Liverpool,2025-26,6,90,0,0,0,2,1,0,2,0.0,3.7,34.2,3.1,Crystal Palace,3,False,GK,0,6.666666666666667,90.0,0.0,0.0,0.3333333333333333,3.4666666666666663,1.3333333333333333,7.066666666666666,26.2,5.2,90.0,0.0,0.0,1.0,4.36,5.8,4.48,33.32,39,271.0,26.0,0.051282,0.095941,5.13,9.59,0.1428571428571428,0.0857142857142857,1
b8263edf-b9bc-4d94-83df-038cfc614178,373,Virgil van Dijk,Virgil,Liverpool,2025-26,7,90,0,0,0,2,0,0,1,0.0,2.0,19.0,0.9,Chelsea,3,False,GK,0,4.666666666666667,90.0,0.0,0.0,1.0,3.466666666666667,0.6666666666666666,6.866666666666667,27.2,5.0,90.0,0.0,0.0,1.0,3.6,0.8,4.92,30.28,29,310.0,28.0,0.034483,0.090323,3.45,9.03,0.2,0.0857142857142857,1
b8263edf-b9bc-4d94-83df-038cfc614178,373,Virgil van Dijk,Virgil,Liverpool,2025-26,8,90,0,0,0,2,0,0,3,23.0,6.2,36.4,3.0,Man Utd,3,True,GK,0,2.333333333333333,90.0,0.0,0.0,1.6666666666666667,2.766666666666667,0.6666666666666666,1.7333333333333334,25.26666666666667,4.6,90.0,0.0,0.0,1.0,3.22,0.8,5.04,26.360000000000003,37,339.0,29.0,0.081081,0.085546,8.11,8.55,0.1142857142857142,0.1142857142857142,1
b8263edf-b9bc-4d94-83df-038cfc614178,373,Virgil van Dijk,Virgil,Liverpool,2025-26,9,90,0,0,0,3,0,0,3,8.0,5.1,29.4,13.6,Brentford,3,False,GK,0,2.0,90.0,0.0,0.0,2.0,3.966666666666667,7.666666666666667,2.333333333333333,29.866666666666664,3.6,90.0,0.0,0.0,1.4,3.72,5.0,4.9,27.4,47,376.0,32.0,0.06383,0.085106,6.38,8.51,0.1388888888888889,0.1388888888888889,1
b8263edf-b9bc-4d94-83df-038cfc614178,373,Virgil van Dijk,Virgil,Liverpool,2025-26,10,90,0,0,1,0,1,0,5,0.0,2.4,22.6,1.8,Aston Villa,3,True,GK,0,2.333333333333333,90.0,0.0,0.0,2.333333333333333,4.433333333333333,10.333333333333334,5.833333333333333,28.266666666666666,2.6,90.0,0.0,0.0,2.0,3.92,6.6,4.359999999999999,28.32,69,423.0,35.0,0.072464,0.082742,7.25,8.27,0.2222222222222222,0.1388888888888889,1
b8263edf-b9bc-4d94-83df-038cfc614178,373,Virgil van Dijk,Virgil,Liverpool,2025-26,11,90,0,0,0,3,0,0,1,2.0,1.2,9.0,1.0,Man City,4,False,GK,0,3.6666666666666665,90.0,0.0,0.0,1.6666666666666667,4.566666666666666,10.333333333333334,6.133333333333334,29.46666666666667,2.8,90.0,0.0,0.0,1.8,3.88,6.2,4.479999999999999,28.320000000000004,22,492.0,40.0,0.045455,0.081301,4.55,8.13,0.1388888888888889,0.1388888888888889,1
b94be940-2996-467f-be3e-4e004fa9dd3c,381,Mohamed Salah,M.Salah,Liverpool,2025-26,1,90,1,0,0,2,0,0,8,51.0,13.4,49.0,33.8,Bournemouth,3,True,DEF,0,0.0,0.0,0.0,0.0,0.0,0.0,0.0,0.0,0.0,0.0,0.0,0.0,0.0,0.0,0.0,0.0,0.0,0.0,53,0.0,20.0,0.150943,0.0,15.09,0.0,0.0588235294117647,0.0294117647058823,2
b94be940-2996-467f-be3e-4e004fa9dd3c,381,Mohamed Salah,M.Salah,Liverpool,2025-26,2,90,0,1,0,2,0,0,5,6.0,5.5,21.0,28.3,Newcastle,4,False,DEF,0,8.0,90.0,1.0,0.0,2.0,13.4,51.0,33.8,49.0,8.0,90.0,1.0,0.0,2.0,13.4,51.0,33.8,49.0,50,53.0,8.0,0.1,0.150943,10.0,15.09,0.1428571428571428,0.0571428571428571,2
b94be940-2996-467f-be3e-4e004fa9dd3c,381,Mohamed Salah,M.Salah,Liverpool,2025-26,3,90,0,0,1,0,0,0,3,17.0,2.4,0.4,6.8,Arsenal,4,True,DEF,0,6.5,90.0,0.5,0.5,2.0,9.45,28.5,31.05,35.0,6.5,90.0,0.5,0.5,2.0,9.45,28.5,31.05,35.0,63,103.0,13.0,0.047619,0.126214,4.76,12.62,0.2,0.0571428571428571,2
b94be940-2996-467f-be3e-4e004fa9dd3c,381,Mohamed Salah,M.Salah,Liverpool,2025-26,4,90,1,0,1,0,0,0,9,27.0,8.3,35.0,20.6,Burnley,2,False,DEF,0,5.333333333333333,90.0,0.3333333333333333,0.3333333333333333,1.3333333333333333,7.1000000000000005,24.666666666666668,22.966666666666665,23.46666666666667,5.333333333333333,90.0,0.3333333333333333,0.3333333333333333,1.3333333333333333,7.1000000000000005,24.666666666666668,22.966666666666665,23.46666666666667,54,166.0,16.0,0.166667,0.096386,16.67,9.64,0.0285714285714285,0.0857142857142857,2
b94be940-2996-467f-be3e-4e004fa9dd3c,381,Mohamed Salah,M.Salah,Liverpool,2025-26,5,90,0,1,0,1,0,0,5,27.0,6.5,21.6,16.7,Everton,2,True,DEF,0,5.666666666666667,90.0,0.3333333333333333,0.3333333333333333,0.6666666666666666,5.400000000000001,16.666666666666668,18.566666666666663,18.8,6.25,90.0,0.5,0.25,1.0,7.4,25.25,22.375,26.35,51,220.0,25.0,0.098039,0.113636,9.8,11.36,0.0857142857142857,0.0285714285714285,2
b94be940-2996-467f-be3e-4e004fa9dd3c,381,Mohamed Salah,M.Salah,Liverpool,2025-26,6,90,0,0,0,2,0,0,2,31.0,6.4,4.6,28.4,Crystal Palace,3,False,DEF,0,5.666666666666667,90.0,0.3333333333333333,0.3333333333333333,0.3333333333333333,5.733333333333334,23.666666666666668,14.7,19.0,6.0,90.0,0.4,0.4,1.0,7.220000000000001,25.6,21.24,25.4,39,271.0,30.0,0.051282,0.110701,5.13,11.07,0.1428571428571428,0.0285714285714285,2
b94be940-2996-467f-be3e-4e004fa9dd3c,381,Mohamed Salah,M.Salah,Liverpool,2025-26,7,90,0,0,0,2,0,0,2,10.0,6.7,5.6,51.8,Chelsea,3,False,DEF,0,5.333333333333333,90.0,0.3333333333333333,0.3333333333333333,1.0,7.066666666666667,28.33333333333333,21.9,20.4,4.8,90.0,0.2,0.4,1.0,5.82,21.6,20.16,16.52,29,310.0,32.0,0.068966,0.103226,6.9,10.32,0.0857142857142857,0.0571428571428571,2
b94be940-2996-467f-be3e-4e004fa9dd3c,381,Mohamed Salah,M.Salah,Liverpool,2025-26,8,84,0,0,0,2,0,0,2,42.0,10.2,9.4,50.3,Man Utd,3,True,DEF,0,3.0,90.0,0.0,0.3333333333333333,1.6666666666666667,6.533333333333334,22.666666666666668,32.3,10.6,4.2,90.0,0.2,0.2,1.0,6.0600000000000005,22.4,24.86,13.44,37,339.0,34.0,0.054054,0.100295,5.41,10.03,0.1714285714285714,0.0571428571428571,2
b94be940-2996-467f-be3e-4e004fa9dd3c,381,Mohamed Salah,M.Salah,Liverpool,2025-26,9,90,1,0,0,3,1,0,6,57.0,10.7,34.8,15.5,Brentford,3,False,DEF,0,2.0,88.0,0.0,0.0,2.0,7.766666666666667,27.666666666666668,43.5,6.533333333333334,4.0,88.8,0.2,0.2,1.4,7.62,27.4,33.56,15.239999999999998,47,376.0,36.0,0.12766,0.095745,12.77,9.57,0.0555555555555555,0.1111111111111111,2
b94be940-2996-467f-be3e-4e004fa9dd3c,381,Mohamed Salah,M.Salah,Liverpool,2025-26,10,90,1,0,1,0,0,0,10,28.0,8.8,40.0,19.6,Aston Villa,3,True,DEF,0,3.333333333333333,88.0,0.3333333333333333,0.0,2.333333333333333,9.2,36.333333333333336,39.2,16.599999999999998,3.4,88.8,0.2,0.2,2.0,8.1,33.4,32.54,15.2,69,423.0,42.0,0.144928,0.099291,14.49,9.93,0.0555555555555555,0.0277777777777777,2
b94be940-2996-467f-be3e-4e004fa9dd3c,381,Mohamed Salah,M.Salah,Liverpool,2025-26,11,90,0,0,0,3,0,0,2,12.0,4.9,8.4,28.5,Man City,4,False,DEF,0,6.0,88.0,0.6666666666666666,0.0,1.6666666666666667,9.9,42.333333333333336,28.46666666666667,28.066666666666663,4.4,88.8,0.4,0.0,1.8,8.559999999999999,33.6,33.12,18.880000000000003,22,492.0,52.0,0.090909,0.105691,9.09,10.57,0.0555555555555555,0.0277777777777777,2
d3fecd89-0e45-4a20-baeb-6f3245a91dc7,260,Marc Guéhi,Guéhi,Crystal Palace,2025-26,1,90,0,0,1,0,0,0,6,2.0,2.6,13.8,10.0,Chelsea,3,False,GK,0,0.0,0.0,0.0,0.0,0.0,0.0,0.0,0.0,0.0,0.0,0.0,0.0,0.0,0.0,0.0,0.0,0.0,0.0,51,0.0,49.0,0.117647,0.0,11.76,0.0,0.088235294117647,0.0294117647058823,1
d3fecd89-0e45-4a20-baeb-6f3245a91dc7,260,Marc Guéhi,Guéhi,Crystal Palace,2025-26,2,90,0,0,0,1,0,0,2,4.0,1.7,11.2,1.5,Nott'm Forest,2,True,GK,0,6.0,90.0,0.0,0.0,0.0,2.6,2.0,10.0,13.8,6.0,90.0,0.0,0.0,0.0,2.6,2.0,10.0,13.8,33,51.0,6.0,0.060606,0.117647,6.06,11.76,0.1176470588235294,0.088235294117647,1
d3fecd89-0e45-4a20-baeb-6f3245a91dc7,260,Marc Guéhi,Guéhi,Crystal Palace,2025-26,3,90,1,0,1,0,0,0,15,17.0,7.3,53.8,1.8,Aston Villa,3,False,GK,0,4.0,90.0,0.0,0.0,0.5,2.15,3.0,5.75,12.5,4.0,90.0,0.0,0.0,0.5,2.15,3.0,5.75,12.5,81,84.0,8.0,0.185185,0.095238,18.52,9.52,0.0285714285714285,0.1142857142857142,1
d3fecd89-0e45-4a20-baeb-6f3245a91dc7,260,Marc Guéhi,Guéhi,Crystal Palace,2025-26,4,90,0,0,1,0,0,0,6,4.0,3.3,17.4,11.8,Sunderland,2,True,GK,0,7.666666666666667,90.0,0.3333333333333333,0.0,0.3333333333333333,3.866666666666666,7.666666666666667,4.433333333333334,26.266666666666666,7.666666666666667,90.0,0.3333333333333333,0.0,0.3333333333333333,3.866666666666666,7.666666666666667,4.433333333333334,26.266666666666666,51,165.0,23.0,0.117647,0.139394,11.76,13.94,0.027027027027027,0.054054054054054,1
d3fecd89-0e45-4a20-baeb-6f3245a91dc7,260,Marc Guéhi,Guéhi,Crystal Palace,2025-26,5,90,0,1,0,1,0,0,7,8.0,3.1,22.0,1.4,West Ham,2,False,GK,0,7.666666666666667,90.0,0.3333333333333333,0.0,0.3333333333333333,4.1000000000000005,8.333333333333334,5.033333333333334,27.46666666666667,7.25,90.0,0.25,0.0,0.25,3.725,6.75,6.275,24.05,44,216.0,29.0,0.159091,0.134259,15.91,13.43,0.054054054054054,0.027027027027027,1
d3fecd89-0e45-4a20-baeb-6f3245a91dc7,260,Marc Guéhi,Guéhi,Crystal Palace,2025-26,6,90,0,1,0,1,0,0,7,4.0,5.1,35.4,11.1,Liverpool,4,True,GK,0,9.333333333333334,90.0,0.3333333333333333,0.3333333333333333,0.3333333333333333,4.566666666666666,9.666666666666666,5.000000000000001,31.066666666666663,7.2,90.0,0.2,0.2,0.4,3.6,7.0,5.3,23.64,55,260.0,36.0,0.127273,0.138462,12.73,13.85,0.054054054054054,0.027027027027027,1
d3fecd89-0e45-4a20-baeb-6f3245a91dc7,260,Marc Guéhi,Guéhi,Crystal Palace,2025-26,7,90,0,0,0,2,0,0,3,37.0,6.7,26.8,3.6,Everton,3,False,GK,0,6.666666666666667,90.0,0.0,0.6666666666666666,0.6666666666666666,3.8333333333333335,5.333333333333333,8.1,24.933333333333334,7.4,90.0,0.2,0.4,0.6,4.1,7.4,5.5200000000000005,27.96,41,315.0,43.0,0.073171,0.136508,7.32,13.65,0.1081081081081081,0.027027027027027,1
d3fecd89-0e45-4a20-baeb-6f3245a91dc7,260,Marc Guéhi,Guéhi,Crystal Palace,2025-26,8,90,0,1,0,3,0,0,4,16.0,6.7,15.8,35.3,Bournemouth,3,True,GK,0,5.666666666666667,90.0,0.0,0.6666666666666666,1.3333333333333333,4.966666666666666,16.333333333333332,5.366666666666667,28.066666666666663,7.6,90.0,0.2,0.4,0.8,5.1,14.0,5.94,31.08,45,356.0,46.0,0.088889,0.129213,8.89,12.92,0.081081081081081,0.027027027027027,1
d3fecd89-0e45-4a20-baeb-6f3245a91dc7,260,Marc Guéhi,Guéhi,Crystal Palace,2025-26,9,90,0,0,0,1,0,0,4,9.0,3.3,23.2,0.8,Arsenal,5,False,GK,0,4.666666666666667,90.0,0.0,0.6666666666666666,2.0,6.166666666666667,19.0,16.666666666666668,26.0,5.4,90.0,0.0,0.6,1.4,4.98,13.8,12.64,23.48,30,401.0,50.0,0.133333,0.124688,13.33,12.47,0.027027027027027,0.027027027027027,1
d3fecd89-0e45-4a20-baeb-6f3245a91dc7,260,Marc Guéhi,Guéhi,Crystal Palace,2025-26,10,90,0,0,1,0,0,0,10,2.0,3.7,24.6,10.8,Brentford,3,True,GK,0,3.6666666666666665,90.0,0.0,0.3333333333333333,2.0,5.566666666666666,20.666666666666668,13.233333333333333,21.933333333333334,5.0,90.0,0.0,0.6,1.6,4.98,14.8,10.44,24.64,75,431.0,54.0,0.133333,0.12529,13.33,12.53,0.027027027027027,0.027027027027027,1
de140f2e-12d6-477e-ae47-5ca22283bdf3,8,Jurriën Timber,J.Timber,Arsenal,2025-26,1,19,0,0,0,0,1,0,0,0.0,0.3,3.0,0.3,Man Utd,3,False,DEF,0,0.0,0.0,0.0,0.0,0.0,0.0,0.0,0.0,0.0,0.0,0.0,0.0,0.0,0.0,0.0,0.0,0.0,0.0,71,0.0,1.0,0.0,0.0,0.0,0.0,0.5,0.03125,2
de140f2e-12d6-477e-ae47-5ca22283bdf3,8,Jurriën Timber,J.Timber,Arsenal,2025-26,2,63,2,1,1,0,0,0,24,75.0,19.9,95.0,28.5,Leeds,2,True,DEF,0,0.0,19.0,0.0,0.0,0.0,0.3,0.0,0.3,3.0,0.0,19.0,0.0,0.0,0.0,0.3,0.0,0.3,3.0,94,71.0,0.0,0.255319,0.0,25.53,0.0,0.0303030303030303,0.5151515151515151,2
de140f2e-12d6-477e-ae47-5ca22283bdf3,8,Jurriën Timber,J.Timber,Arsenal,2025-26,3,90,0,0,0,1,0,0,2,11.0,3.5,11.4,12.4,Liverpool,4,False,DEF,0,12.0,41.0,1.0,0.5,0.0,10.1,37.5,14.4,49.0,12.0,41.0,1.0,0.5,0.0,10.1,37.5,14.4,49.0,28,165.0,24.0,0.071429,0.145455,7.14,14.55,0.1176470588235294,0.0588235294117647,2
de140f2e-12d6-477e-ae47-5ca22283bdf3,8,Jurriën Timber,J.Timber,Arsenal,2025-26,4,90,0,0,1,0,0,0,8,35.0,6.8,19.8,13.0,Nott'm Forest,2,True,DEF,0,8.666666666666666,57.333333333333336,0.6666666666666666,0.3333333333333333,0.3333333333333333,7.899999999999999,28.666666666666668,13.733333333333334,36.46666666666667,8.666666666666666,57.333333333333336,0.6666666666666666,0.3333333333333333,0.3333333333333333,7.899999999999999,28.666666666666668,13.733333333333334,36.46666666666667,80,193.0,26.0,0.1,0.134715,10.0,13.47,0.0857142857142857,0.0571428571428571,2
de140f2e-12d6-477e-ae47-5ca22283bdf3,8,Jurriën Timber,J.Timber,Arsenal,2025-26,5,79,0,0,0,1,1,0,1,8.0,3.9,17.0,13.9,Man City,4,True,DEF,0,11.333333333333334,81.0,0.6666666666666666,0.3333333333333333,0.3333333333333333,10.066666666666666,40.333333333333336,17.96666666666667,42.06666666666667,8.5,65.5,0.5,0.25,0.25,7.625,30.25,13.55,32.3,34,273.0,34.0,0.029412,0.124542,2.94,12.45,0.3142857142857143,0.0285714285714285,2
de140f2e-12d6-477e-ae47-5ca22283bdf3,8,Jurriën Timber,J.Timber,Arsenal,2025-26,6,90,0,0,0,1,0,0,2,25.0,8.8,24.6,38.2,Newcastle,4,False,DEF,0,3.6666666666666665,86.33333333333333,0.0,0.0,0.6666666666666666,4.733333333333333,18.0,13.1,16.066666666666666,7.0,68.2,0.4,0.2,0.4,6.88,25.8,13.62,29.24,51,307.0,35.0,0.039216,0.114007,3.92,11.4,0.1428571428571428,0.0285714285714285,2
de140f2e-12d6-477e-ae47-5ca22283bdf3,8,Jurriën Timber,J.Timber,Arsenal,2025-26,7,90,0,1,1,0,0,0,11,29.0,6.6,20.2,16.8,West Ham,2,True,DEF,0,3.6666666666666665,86.33333333333333,0.0,0.0,0.6666666666666666,6.5,22.666666666666668,21.7,20.46666666666667,7.4,82.4,0.4,0.2,0.6,8.580000000000002,30.8,21.2,33.56,76,358.0,37.0,0.144737,0.103352,14.47,10.34,0.0285714285714285,0.0571428571428571,2
de140f2e-12d6-477e-ae47-5ca22283bdf3,8,Jurriën Timber,J.Timber,Arsenal,2025-26,8,90,0,0,1,0,0,0,6,6.0,5.5,16.8,31.8,Fulham,3,False,DEF,0,4.666666666666667,86.33333333333333,0.0,0.3333333333333333,0.6666666666666666,6.433333333333333,20.666666666666668,22.96666666666667,20.6,4.8,87.8,0.0,0.2,0.6,5.92,21.6,18.860000000000003,18.6,67,434.0,48.0,0.089552,0.110599,8.96,11.06,0.1142857142857142,0.0285714285714285,2
de140f2e-12d6-477e-ae47-5ca22283bdf3,8,Jurriën Timber,J.Timber,Arsenal,2025-26,9,90,0,0,1,0,0,0,6,2.0,3.1,11.8,16.7,Crystal Palace,3,True,DEF,0,6.333333333333333,90.0,0.0,0.3333333333333333,0.3333333333333333,6.966666666666666,20.0,28.933333333333334,20.53333333333333,5.6,87.8,0.0,0.2,0.4,6.32,20.6,22.74,19.68,64,501.0,54.0,0.09375,0.107784,9.38,10.78,0.1142857142857142,0.0571428571428571,2
de140f2e-12d6-477e-ae47-5ca22283bdf3,8,Jurriën Timber,J.Timber,Arsenal,2025-26,10,90,0,0,1,0,0,0,6,17.0,2.4,5.4,1.2,Burnley,2,False,DEF,0,7.666666666666667,90.0,0.0,0.3333333333333333,0.0,5.066666666666666,12.333333333333334,21.766666666666666,16.266666666666666,5.2,87.8,0.0,0.2,0.4,5.58,14.0,23.48,18.08,76,565.0,60.0,0.078947,0.106195,7.89,10.62,0.1142857142857142,0.0571428571428571,2
de140f2e-12d6-477e-ae47-5ca22283bdf3,8,Jurriën Timber,J.Timber,Arsenal,2025-26,11,90,0,0,0,2,0,0,1,8.0,2.7,13.0,6.3,Sunderland,3,False,DEF,0,6.0,90.0,0.0,0.0,0.0,3.6666666666666665,8.333333333333334,16.566666666666666,11.333333333333334,6.2,90.0,0.0,0.2,0.2,5.279999999999999,15.8,20.94,15.76,41,641.0,66.0,0.02439,0.102964,2.44,10.3,0.2,0.0571428571428571,2
