Player Name Norm,Player UUID
aaron anselmino,7f3011c1-41ad-4500-9044-496af3ea357f
aaron hickey,2c7bedb8-1515-4ecf-96e4-cea0729177df
aaron ramsdale,b2bd1c5a-d793-4922-bf49-918b26048699
aaron ramsey,796f7aae-9c00-4748-ad4e-cd4fd238fb0a
aaron wanbissaka,39feb778-e1fd-40d0-9787-d183e4c2debe
abdallah sima,38e529e1-af02-460d-b110-48d010def84e
abdoullah ba,e95470ac-0ae5-44b5-af75-8f9b1ac8165b
abdukodir khusanov,9f256d7b-a4a7-48cd-9b8b-a4a5359dfdb9
adam armstrong,b857e589-781c-4866-b0fc-a2de83b8af9c
adam aznou,c282678a-ce63-406a-9e48-74f420ffae9d
adam smith,ed1dbe02-9b98-4936-b671-b8c12d212cf0
adam webster,bc812990-777b-4216-aaa7-cfd4262dbe3a
adam wharton,8582a398-f371-4073-b437-ab69372c1d57
adama traore diarra,6193c2d1-2720-4e16-98f8-bbbb771b4d19
adrian mazilu,dca3aed6-419e-47bd-a3ea-543039fa531d
adrien truffert,e664da6f-ee9b-4de1-8aa0-ade3b234539c
ahmed abdullahi,ac6f9c0b-55a8-46f8-829e-87e0538eb475
airidas golambeckis,449dfb7a-b333-48ff-8ce7-ecdf068c364c
aji alese,0ebece6c-edf4-495f-98b7-eff7f8582c8e
alan browne,fd379cd1-6b5b-4514-8bee-2d053e82bc7a
albert sambi lokonga,61997424-9ce2-4558-a1c9-a0726a978024
alejandro garnacho ferreyra,02aef1a7-4b72-43f4-8e28-77dc9428fa62
alex cairns,424280e8-904c-4318-abf7-331a5810c064
alex iwobi,ead1fd09-56fe-4b8a-ae27-0977a6b4bf4d
alex jimenez sanchez,571e40f4-8017-4299-9df2-2b058604d931
alex moreno lopera,34dff112-0e06-46a7-9014-1d388618bfa0
alex murphy,c0444a0e-3a09-4b5e-8b66-2be8ccd153a5
alex paulsen,55c69508-83f7-4fff-9d9a-28083149f14e
alex scott,e6acc925-b42c-41a2-b88b-24235bdfbe88
alex toth,f283d054-20f9-4c63-acc0-d4f75812d941
alexander isak,17ed4e46-b917-48fd-a734-fa0f2245ada8
alexis mac allister,665033f1-36f5-445e-a1f9-13ff1ed76d23
alfie mcnally,40cd828c-800e-4405-b5f0-f9ce745b2ea0
alfie pond,5b59519a-1a29-4871-bc5a-d784f5c24488
alisson becker,e7eb9fdb-0676-4fc5-97a8-765337b438ce
alphonse areola,2d1a2fae-d74b-4bde-9a4a-100c7df74d54
altay bayindir,878c0bf7-403f-4728-a902-97e784cece13
alysson edward franco da rocha dos santos,b3be2d80-24b4-4572-931a-ba5fee0ca028
amad diallo,4ea7564b-23cc-48e3-94e0-8524c92076a5
amadou onana,9e346c2c-7eec-4d26-9cf4-f27c7439295b
amara nallo,f27a1c33-b3ef-4b4a-805b-47b976a3eb13
amine adli,a68149f2-0934-49b6-aafc-189de7d35049
andre harrimanannous,9aef02ba-f6dc-4029-ace3-d0ec82d818a7
andre onana,73fafd31-cf6a-4a7d-9e12-ae31abdbee46
andre trindade da costa neto,e5a04b35-795e-4e36-a92a-1987cb46bd8a
andreas hoelgebaum pereira,ca2cf98e-7791-4507-a637-970618e10dce
andres garcia,726da096-2501-477a-83ab-f24eb875269c
andrew moran,4fa00508-e66a-46cb-a2da-92d013672fea
andrew robertson,8ec7e62a-3aed-47c0-9504-648e833cc3ec
andrey nascimento dos santos,25b08a7a-825c-4975-87a9-3b6a9ccaf6be
andy irving,a2f86082-ebcc-4abc-ad1f-02ea61a4aaa2
angel gomes,761befa6-fd83-49c7-b5a7-6de6766b0722
angus gunn,035cb245-dec4-4c6b-afb3-e9eaf3447eec
anthony elanga,4b968651-462a-44e9-8919-702fa5ad7c0e
anthony gordon,e8d2444c-761c-407e-bf75-02e88437b58f
anthony patterson,450d2398-65c7-40f8-aa88-aebed56a74bb
antoine semenyo,a43513e4-b04b-46d3-9e23-e478f29cb4be
anton stach,2d42afda-4a65-4660-bd1c-ce9396ea07b4
antonee robinson,941ce2a9-b692-4adc-befd-abdc5fa7e9cd
antoni milambo,c71038bc-a2a0-4a63-a24b-617a439633e1
antonin kinsky,5f549012-66f6-437b-a8ee-3ad000cc3f84
antonito cordero campillo,5e15f9eb-6648-4a55-bb5d-45d22318c2f1
antony dos santos,561c66e7-5a9e-4524-8777-759d40ec4ffd
archie gray,f5c334b9-673a-4acc-ac10-09c210a18fdb
armando broja,ac0abf27-4577-4e0b-809b-8520e3ca9a3e
armin pecsi,03bbf31d-e4d8-48cb-aeda-d2af1f297c3f
arnaud kalimuendo,5a87a41d-5ca0-4577-9a15-7ecafb3f34f3
arthur masuaku,fdac537f-b097-4298-aca4-ca0459fb164b
asher agbinone,fd969105-e01c-493d-b295-e323e040ac68
ashley barnes,0eb2cb1d-5811-4747-8ecf-2a751c81bb8a
ashley phillips,abacd8bc-78bc-47f2-b424-772365bab4e4
axel disasi,3d084508-cefe-46c4-b52a-5db10deeb84e
axel tuanzebe,cb689675-3052-4077-8bf3-2c84eb93a97b
ayden heaven,23db9bf0-30ac-4951-b23a-c09ca6e643cf
bafode diakite,d7be0a43-8562-4ff1-abc2-8a1ca10c2fe7
bart verbruggen,fedb21e1-832a-46e2-ace6-2dc3cacedf22
bashir humphreys,93629f80-86db-4454-b31c-4cd105d9cc51
bastien meupiyou menadjou,9e2cf5ab-0eeb-491c-aa92-a175c0c960a2
ben broggio,bcabc350-521b-42b8-b724-4baafbbaa7ad
ben casey,0a32ccc0-1cf8-4a15-a9bf-778f2715224e
ben davies,6994ec46-5af4-4ebf-8d39-a000d9b4b5d2
ben gannondoak,0dcb1839-12a7-43a9-9d56-cc9329c6d3d3
ben winterburn,e97aa802-32da-47b1-813d-7023bbfbf4ba
bendito mantato,ed32115a-562b-4fdd-9666-4d9c0955041d
benjamin arthur,8d8c6433-2c3c-4584-ba22-77381bdb6ffd
benjamin fredrick,b6b4557a-3859-4234-9632-5064101461ee
benjamin lecomte,40db1703-ea38-44b3-b16e-e078a74bb1fd
benjamin sesko,1c26534b-abed-492d-8c95-9f946dcf1e6d
benjamin white,1d70123b-873d-458e-b043-f273ac824515
benoit badiashile mukinayi,f3133eec-6857-4c71-926a-093e40c7283f
bernardo mota veiga de carvalho e silva,46097040-3f5f-42be-bd47-b94adfa0e712
bernd leno,ee1f617e-848a-4685-8547-25406b946d9d
bertrand traore,a0bbd557-40b3-4669-b660-089781e70651
blondy nna noukeu,7a2fae27-0a75-4c9d-b560-97f766d08e01
borna sosa,50a349b5-c720-4aa4-bebc-2491208947f5
boubacar kamara,99220b29-82b3-40c6-b5bc-89a55396dc1e
boubacar traore,63c45b60-144b-4e90-aab6-6c9e18b458e2
bradley burrowes,c1e9c94f-4366-4eb3-8992-f1f07b8dacdc
braiden graham,31913904-fac1-4847-936c-8a63339de969
brajan gruda,f107ef9d-f3cc-4c7a-a2d5-07e98d942126
brandon austin,06d59c34-8064-4b0a-b444-96f1cdde688a
brayden clarke,40355604-2888-490f-9bf2-30d014c9eb5a
brenden aaronson,ae414e45-a2da-4422-8432-075ed7e4dc46
brennan johnson,c813a0f3-596a-49a9-9874-62b021fdff0b
brian brobbey,d68f34b1-b2c4-4aa0-bda1-c7ec460d4bee
bruno borges fernandes,07ab991e-f4a7-47f8-9041-e2a6f988b4bc
bruno guimaraes rodriguez moura,b3f63514-0861-4c8c-8910-57bfd370165d
bryan gil salvatierra,998f7c70-ee5e-4102-aee8-fcc447e5cbf5
bryan mbeumo,0b532466-f3da-4668-a1dc-091637ed78a6
bukayo saka,23f9d6c3-77bf-4d81-b632-147e04c3826b
caleb kporha,83779400-be95-4d87-800a-e2a84188ae7b
callan mckenna,8843caf5-763e-4612-bf0d-203832b8ee2a
callum bates,7b6159cb-0ce6-4f8c-b78c-d2680b65f8c0
callum hudsonodoi,780a6442-3c3c-4e77-9509-1aa7d5a5967e
callum marshall,be28ad96-d892-4682-ac29-ed9c10fe7d93
callum olusesi,41ade795-4d25-4c1b-87d2-440afc3e3a84
callum wilson,6c952b42-f79f-4af7-b05e-cafdc52b16d7
calvin bassey,a5a48d9a-3f31-47cc-b372-993893f4c4e6
calvin ramsay,55cf3ed0-1b92-4d09-9eaf-942734716f8f
caoimhin kelleher,c44cca5f-d057-40aa-b57e-cfaae9d7e779
carl rushworth,82a27b1f-064a-4e36-bcd6-264cb483ec00
carlos alcaraz duran,9d08e5ea-a59b-4a63-8531-507c1f8c6bbc
carlos baleba,94c74dd4-1ee7-4b59-9fa3-f66754a7b03e
carlos henrique casimiro,a33e8076-a8e3-4dcc-93f6-5a3ce6a8ef1f
carlos miguel dos santos pereira,5754f52f-72f2-47f0-8733-66c09c268ff3
chadi riad dnanou,58b91ee6-a762-421c-b00b-33356459887a
charalampos kostoulas,6dde02b9-66e3-43f7-bd25-a841fbbe7517
charlie crew,4e282276-5892-4c3e-a5cc-9160030c69ef
charlie gray,3b112101-902e-4677-8342-c2a554726210
charlie stevens,98230672-5f84-444f-a68a-56c16455e09b
charlie tasker,5065f2ea-4e3e-49fa-b1c5-24dc6ed55527
cheick doucoure,111080cd-bb21-4a28-8750-a1f21cfb9080
chemsdine talbi,0ccc08df-d899-4640-bf86-f57097043e12
chido obi,fea69f7f-57d0-42ae-b774-ded8d2fea6fb
chris mepham,e9f6adbd-942b-492a-9ab4-5f01b6ca7d16
chris richards,23beaf8e-0eac-45b0-b42a-628039a9f7a7
chris rigg,117ad0c7-7379-4400-99aa-6504b2321823
chris wood,6f547eeb-3086-4dbe-8f68-6939e6618b21
christantus uche,c4d20c17-162e-4930-85ad-3aa1bf855fb2
christian norgaard,6ff2c47e-cc8c-4910-9ef7-24204b443d9d
christopher nkunku,46c80de4-f840-4c86-b0ad-623f75f16f99
christos mandas,23dc232f-58d9-4ac1-94f8-60f145371045
claudio echeverri,23d033f8-b7e6-4301-9dc1-6e30e19494eb
coby ebere,bf3dc3c0-292e-4826-b1d2-e536700a9d0c
cody gakpo,acd40413-86dc-40c4-989e-af293cfe0e66
cole palmer,de2a8afe-388b-4cb9-a6c8-8d0651e59f77
connor roberts,463fb244-1eb4-4004-b6b5-f39183d2e554
conor bradley,24c426c1-c18b-4714-89c3-ada8d1458a1b
conor gallagher,a5ebac1d-ad25-4f75-b190-f0858cb8a0be
cristhian mosquera,eca1a501-5014-4bf9-9fc7-5ab7ca304d6e
cristian romero,6a090352-a6e4-4171-8832-094f4d0c26e0
crysencio summerville,4d39d748-2828-4275-9bf4-5cba260c8d2f
curtis jones,139ebdec-a092-4197-a7a2-614bbae6436d
daichi kamada,086ced69-291d-4666-950b-a4d001e13d1b
dan burn,2f3b1bba-26e3-46e9-8437-3b3e0952ae26
dan ndoye,40b367b5-8fba-4ac6-bc11-661f79b40c40
dan neil,f4a61f23-5d76-46a6-b3b9-46aceb81137a
dane scarlett,21324fee-fba8-4928-b090-e4e91369bba0
dango ouattara,36cca4f3-63d3-4743-a01f-1fd939413217
daniel aduadjei,df43a6aa-9f0f-4fc9-898d-c7460ab17dd7
daniel ballard,fc387425-9f53-4c35-bea8-4bc8dfd79ef7
daniel bentley,2099de5b-70a0-4ae3-a440-b6f2897a0bf7
daniel james,34804165-86b0-40bf-a843-144cea434285
daniel munoz mejia,442041fc-0d2f-4205-8c6d-642689056069
danny imray,32156c01-05e3-4dbc-b38a-df91aa2f7e8b
danny welbeck,199b1954-9fe2-43d7-884a-60ab8e223502
dario luis essugo,3aa0cb8f-3201-409e-a58f-3219697879f4
darko churlinov,b615473d-ae77-4ee2-92fe-ae9074f9b8aa
darko gyabi,91fbe371-5d14-4dcb-b87e-cfb837dd5e10
darwin nunez ribeiro,fca4e0ee-b3c2-4f84-b0f8-1ce31fd1130f
david brooks,b7e5f1dc-38c9-4d6b-bb0a-a281a8912a95
david moller wolfe,9fc00e27-66ed-4002-a065-5b48c5ff7e4e
david mota veiga teixeira do carmo,de5970db-1e00-4a50-9179-c49fb01c15f5
david ozoh,4dac1f05-b226-4810-8798-c2978ae5f2b4
david raya martin,0417805f-ea10-4299-a33d-6548d507ad42
dean benamar,f23bf64d-c2d4-4e29-8039-430d7d01b933
dean henderson,5c75c7bb-c263-4794-ac0f-e2d1ff774413
declan rice,dc5efc1f-5646-48f1-a6ba-39532e97cc8f
dejan kulusevski,df18e1f0-baa9-4de1-89e2-95e4a8edee69
dennis cirkin,c6a4d9a0-7e4f-450c-bb98-1a3dfa0dbec5
dermot mee,70f397eb-6b36-43ab-add1-863d48c7decf
destiny udogie,9d2b7873-6ed9-4871-9b36-9e1294a570b2
diego coppola,93ce70c8-2e89-4ad5-b41c-91849b1a3f2f
diego gomez amarilla,ee6aec57-b23f-4858-bd6f-e37f1cef0e19
diego leon blanco,33fa7ed4-1f92-4a7d-a683-a3a92c7b6df8
dilane bakwa,c3ba61f5-f92d-4673-ba81-123449524380
diogo dalot teixeira,32b64a6b-d050-4a36-af88-c58da3b69c95
divine mukasa,819da16e-0c11-4c84-a872-9b241de22484
djed spence,a75fc531-afea-4eee-b793-ff4dc0c9527d
djiamgone jocelin ta bi,f0bd7144-7cc0-4e06-9540-e713d8e394d1
dominic calvertlewin,e6134a65-9e41-49f7-b77b-87c8a3faf36b
dominic sadi,21054067-61c8-4e8d-8ae0-2c6853601e1b
dominic solankemitchell,da547ec8-2ea0-44dd-925c-5c2ca3d1ac78
dominik szoboszlai,fd2b3be3-1c55-4d55-a730-2880a39e2370
donyell malen,d04bbaff-bc51-4fc8-8acb-6557bdc2eecc
dorde petrovic,5496985a-9194-4123-862a-88e6a4efa7c0
douglas luiz soares de paulo,c0c3c868-1d27-4d44-adb1-67b526d8c289
dwight mcneil,a29c3e47-4700-4ec8-9306-e3eecb231f02
eberechi eze,e4a6cbd8-a2fb-46df-b686-e5cf822f8c9f
eddie nketiah,9b403faa-5b46-4081-8620-f7fa98798c6d
ederson santana de moraes,11d436c9-18b2-45d3-b8f5-f8e2af50ab36
edson alvarez velazquez,3a70fae5-0eeb-422e-bb2e-b741d52d5d4e
eiran cashin,52a4e507-fea0-44f2-b69c-bc65138fa0e8
el hadji malick diouf,2803f6e4-3faa-4341-87dd-b4fa90a3cfb1
eliezer mayenda dossou,784e44b9-d298-4b6d-bde3-81515a5c0758
elijah campbell,2da3c576-9b80-4a3c-b065-0994f331110f
ellery balcombe,2029260f-2320-4291-8d83-bfc6214ae4e4
elliot anderson,f533e1f6-2a4a-484e-83e1-99e95bc3ac06
elyh harrison,a4b8807c-7a53-4350-bfca-565eabc9491e
emerson palmieri dos santos,a148ae6d-7121-4662-af53-133c706d4439
emil krafth,114c5e9c-2469-4ab2-aa50-4cd6a9e14e91
emile smith rowe,d5560e30-b7d5-4ff8-bd11-daae1025a266
emiliano buendia stati,5f495983-fd04-4f98-be8b-a75e617811b4
emiliano martinez romero,c8fc0d0d-9188-48ed-8f6a-cf1114bac38d
emmanuel agbadou,c16b2531-0559-4f21-99f9-bc60a7a4197d
endo wataru,94b57bed-e539-43e0-a69a-a2b06ac5de4d
enes unal,004ef2ee-339f-4ee0-9778-c4b06981196d
enock agyei,d33aa16e-baeb-46ec-bac7-508a64a52261
enso gonzalez medina,53e22d14-0dca-482a-8dc0-aa1e1978cc05
enzo barrenechea,d2e34a48-c318-4890-8299-afde6fa0fb1b
enzo fernandez,3a8e571c-f5af-492b-b074-b80f8fbfcef4
enzo le fee,6eb3b13f-aa9b-4bbe-bf13-5cfceb582ed7
eric da silva moreira,1afe3343-af73-4ed3-aa65-445b8e19db3f
erling haaland,cfa1f204-b651-4544-a97f-abaa3bb5a85d
estevao almeida de oliveira goncalves,8cebd1b1-03ec-4837-a10f-1ce9f935e2c2
ethan ampadu,670adcf7-1a00-4833-a96c-08b38bc0e701
ethan nwaneri,d135927e-9f0a-4055-ba0a-1ae937410b8b
ethan pinnock,360d5dc5-cb35-45fa-b537-323a3b40cec9
ethan sutherland,cb26d7b7-0fcb-4938-a8a0-e67f990e0f54
ethan wheatley,74ea3c35-e1c3-4ca6-9594-34bd6a5211eb
etienne green,659e7b82-e9fc-43e5-82da-2614ebae52ee
evan ferguson,07a96f8b-3a0b-4fec-a206-6d517ffc5be0
evann guessand,d3684f25-a835-460f-b335-c490e866ecd4
ezra mayers,dd381f00-e248-43bd-8d9a-5f244c3f6c8a
ezri konsa ngoyo,922bf70d-8277-4b73-b202-3a8e753d6fe3
fabian schar,beb2304a-0981-4ad0-bbf9-f82a5deac17d
fabio ferreira vieira,a31650cf-6f3e-43e3-a327-c4f35ada96ed
fabio freitas gouveia carvalho,3a4daf82-050b-4a58-a8d6-cc1525399f7b
fabio soares silva,2f31b18b-8267-48d9-92a1-cdad3ca7550d
facundo buonanotte,dcbeea1c-1207-476d-a6d7-97ab520f0980
federico chiesa,e01b47c8-b8b5-4b72-9828-3e6dc5f85dd7
felipe rodrigues da silva,d3e20985-14dc-450e-af5d-2efcbe2b4f87
fer lopez gonzalez,1b3d9c3b-193a-407d-9044-6c49199f3344
ferdi kadioglu,b0e215c0-9624-46f9-a1a6-06af76862aaf
filip jorgensen,a6a8e753-a828-4184-bd1e-408593f568bd
filip marschall,620f4c2c-89d6-4c02-bac8-3d2faea65202
florentino ibrain morris luis,48165d7b-1bc6-47d7-99a0-27222488b819
florian wirtz,5dab75f6-e220-4527-ad3f-ff3573b5758c
francisco evanilson de lima barbosa,e7452f41-8b9e-4470-acd5-8ee000d30120
franco umehchibueze,9cb034ea-a2ae-4451-b3e2-f9fe4933635d
frank onyeka,a16f9d5e-9132-4f8a-96d2-83d9cba8de6f
fraser forster,9aeca05b-265f-4d46-9b9f-4a816267936d
freddie potts,e7c84f01-7984-4a7c-91d7-e09cc7e3479a
freddie simmonds,79c813d8-f7b9-449c-8196-94ea18b25f71
freddie woodman,1b480fc5-389e-4810-bb9b-45fad8d46474
gabriel dos santos magalhaes,3683a215-ba5a-4a09-85b5-059873e3293f
gabriel fernando de jesus,9406b5f1-a69c-498d-bb49-5485aede2ee2
gabriel gudmundsson,c84ff48b-ac67-471f-99db-c2cb56bcb100
gabriel martinelli silva,7cd4cd2e-2dc4-487c-87e5-5e2c97b09914
gabriel slonina,59ebcfe3-d75e-401c-a595-d3019f66b272
garang kuol,837d108d-2e68-4886-87b8-7154929b5aff
george brierley,8c5712de-5a9b-4442-8cf1-4f62b0daa5a6
george earthy,d94d82dd-8825-4662-aca8-ccd3628192ff
george hemmings,ec60437d-1500-48bb-919c-c5a79e166668
george king,543ee2e3-e5fd-4a57-b6a7-4a1daecd2858
georginio rutter,01a14407-2b36-4b2d-bdd5-f2d6379bc96d
gianluigi donnarumma,40faf3f7-b4af-4d76-b119-38b7bfaa64de
giorgi mamardashvili,a296b1f1-2b77-48f0-9787-1290bc0699a7
giovanni leoni,03d6ff3e-558b-4ecb-b8a6-10fe3c3e9786
godwill kukonki,f4ef0149-f0d5-47b7-9aaf-cab3bce0c39b
goncalo manuel ganchinho guedes,22ddf3dd-2586-40f8-bbc9-c13ba598f311
granit xhaka,12d2f23f-454e-4b28-8d0e-de5838701cc2
guglielmo vicario,efd6e335-1e14-48f5-a30b-1f837c475858
guido rodriguez,4bfdc060-3249-4771-9ff2-e643bf4ab47c
gustavo nunes fernandes gomes,9d8225da-161e-41b2-b365-5c795cde884c
habib diarra,f4695013-0b19-4ea9-b9d6-3927a743a0c1
hakon rafn valdimarsson,2f7c97ca-defa-41d6-ba36-428b51eed254
hamed traore,3e2e7dbf-7765-4428-9053-cd686544e5a7
hannes delcroix,53333a5d-fbf3-407e-b992-3b5f2e5cdd73
hannibal mejbri,60db543d-1729-4549-b7a8-ed3a25d3f4c4
harrison armstrong,80e4359a-e3cf-423f-8eed-2de7160c3596
harrison ashby,7f9993c1-fc30-4117-b179-8e97bf3bac26
harrison jones,601035ed-b96f-4710-a429-c66d2b95cf41
harrison reed,9f795eb7-d89f-446f-afc6-75b03689dc0c
harry amass,21f1c25d-f5c6-4cd0-a3aa-6c38ffe60fb8
harry gray,91617b66-951b-4e00-a1cf-9d5025ab96fb
harry howell,e4c328a2-9a94-42bb-8ac2-5c80715af628
harry maguire,9da5a5f1-16f0-4f8f-9e07-26beb82d3a54
harry tyrer,da04ff81-24f0-41c1-b586-995dccfea714
harry wilson,ba0f69b4-67a7-4e70-8639-cf4c2b25434b
harvey barnes,0435fa32-b30f-41f9-a3e5-c95efd1fb1ea
harvey elliott,30640fdd-5a93-4061-9d76-6f65294f71d1
hjalmar ekdal,637b0974-128c-4861-9555-cd8e83a5d135
hugo bueno lopez,f9d2ca13-1187-4e9e-942e-833a459a7c8a
hugo ekitike,61d084ef-5090-41a8-862e-dc5ee8037cb4
hwang heechan,cb3c88de-436e-4f0a-9619-c6ade83591b7
ian maatsen,eb4fb1d8-2687-4465-97eb-5c23fd171e71
ian povedaocampo,03d74ae2-c98d-42dd-aade-e9effe9585c6
ibrahim sangare,438c6b18-8a1e-4f6f-8be8-d1c6873dcf5d
ibrahima konate,6f249bd8-c089-4f78-a083-4e70e2bb9e55
idrissa gana gueye,877257e6-027c-4a01-8c6f-dbe10c7e6aab
igor jesus maciel da cruz,2cbc0731-9bef-4ab1-90ae-7a86ae87a92c
igor julio dos santos de paulo,2c965f56-4047-420f-b76a-4daaf1333213
igor thiago nascimento rodrigues,4e0c1db3-ca6d-485b-ace8-016128b03e3b
ilia gruev,fdcc7aae-8087-4e01-a32f-d2956b5199f7
iliman ndiaye,e8fd0358-bf56-4fe3-8a1a-26336b22a63f
ilkay gundogan,aebf5ae6-30c8-4bf3-8053-e4d1fd4bde6c
illan meslier,35c00ee5-3b5a-4b90-9536-64e143d9077f
illia zabarnyi,1da2bc64-bed1-440f-95d2-99239953bc89
isaac hayden,9d60afed-7fd9-4ae2-8093-8ef202756ae6
isaac heath,f88679ff-b1d9-47a1-b8b9-315f75acc398
isaac schmidt,0028a673-0e6c-49c0-9dbf-9549cc821aef
ismaila sarr,a94cd76e-371d-42bd-910a-93708a625298
ismeal kabia,85b40e47-f24f-4a86-9d48-be111335cdc2
issa diop,b0219a6e-0d7c-4dae-9dd3-5eb5f433e70a
iwan morgan,276df59d-91b5-4888-ab7b-ba7a055b073b
jack fletcher,4f15683f-3c22-42ef-ae53-5d01912b75e6
jack grealish,e4182359-5e90-46f2-9cae-e80e359da2a3
jack harrison,ffcdd0ac-18fd-4363-9a88-4283a8b7f3b7
jack hinshelwood,75086ecb-9cb9-4986-a509-b62f89697627
jack moorhouse,a82fa7cf-08b8-4750-9d3f-80508cc8bdbb
jackson tchatchoua,1e2e34b4-cbd2-493b-bed8-f72b3f3e61c6
jacob bruun larsen,b1032d88-a98b-49fb-8f37-286b6c309f5d
jacob murphy,5ffc5da1-9b71-4950-92da-400453b51f22
jacob ramsey,60a36a7d-58d7-4dd4-ba50-86eb8cc0a71a
jacob slater,26852d55-b9f2-48a7-b3b1-05ffe24bb814
jadon sancho,65bed420-e698-4c06-b708-9ad1de104bf7
jaidon anthony,11eb6e67-8e22-4df6-88e0-f210e72e544c
jair paula da cunha filho,7dd21889-3bd4-46a2-ac1a-8c5a14ce2627
jaka bijol,56672deb-86af-464a-9ccf-55ba53d1b5af
jake obrien,08d0b3c9-1d9e-4d60-9d08-673145133da3
jakub kiwior,035b7212-209d-4165-95de-78969f73379f
jamaal lascelles,9ad1498d-936a-4dad-b7d9-6dbc11854b9f
jamaldeen jimohaloba,cfe9eb88-f46d-40bd-9ccb-876ad25c0a41
james garner,88fb1f48-4187-499b-af55-05da16f31f79
james hill,1f4810e6-d36e-41c9-8437-3561a9a11246
james justin,98ba4d98-6056-4309-bb29-e7645586ac80
james maddison,9273b66b-e28e-4218-b4c5-8d1ef08e8f9f
james mcatee,419107ff-47cf-4d22-b893-7f8aa4ec0f65
james mcconnell,5e55c4d0-6cfe-4978-8d36-02dcd04ee723
james milner,69279b6c-4067-4d6f-b1bc-bf964f9bba57
james rowswell,4743379e-c13c-43bc-9c5f-2e355d40b8c8
james tarkowski,fea100a9-2bde-42e0-816a-959ef4a97654
james trafford,3c6b304d-3256-43e7-aa47-a27e8d31bc2d
james wardprowse,d8fa064f-ca32-420d-8979-507fa18d2240
james wilson,6dc6fdce-0511-4917-95ef-ab9d6dcdee91
james wright,ec629dc4-0f8f-48b8-91db-11c09ed40143
jamie bynoegittens,77cd4f24-2198-4c7b-a237-353d1f63a29b
jan paul van hecke,cf3e2da6-3f50-400e-941e-82b2339fbfb6
jarrad branthwaite,531f578a-eaa1-4fa3-be26-f91dfbd0c188
jarrod bowen,fdf77761-3c14-4aff-b9f2-42eb74e62cfb
jason steele,762e8e12-045b-40af-8c96-e00c2026724f
jay matete,c46fe4d6-142d-49e1-bf4d-3aa9ac6c3dd0
jayce fitzgerald,59a67220-45f2-49c3-945e-4bbb46ad7ef0
jaydee canvot,4a7fa969-03b9-4422-b73e-a3a73264a9ff
jayden bogle,a8f58ea1-66d2-4e48-b2a3-af8f709f2746
jayden danns,d770a78c-b8e9-487a-a25e-fd1ec3439a0b
jayden meghoma,f8e9537e-8d40-4658-afe2-e53d2a4e9930
jaydon banel,9f52f945-b2d2-43f5-bd8a-3e571b41485f
jeanclair todibo,5df0b97a-94ca-41fa-b0dc-92bed238f339
jeanphilippe mateta,119fc0ab-e710-4fdb-870a-298064748571
jeanricner bellegarde,2888adfc-62c7-4be4-be4f-f9124b2a400b
jefferson lerma solis,82f1256a-524e-4fe4-b3bc-0f64a82e43dc
jenson jones,8eb7074c-4be5-49d7-9565-e677bb05d741
jenson metcalfe,09d73c69-95da-4934-b168-7e45ba11a540
jenson seelt,ebbf9575-651f-4e17-b2f0-ab3c4a590c03
jeremie frimpong,e7d25b03-183f-44eb-ba07-b0e731e5c6f9
jeremy doku,15362cf2-14d7-42f4-af0f-366dacad8cf8
jeremy sarmiento morante,53ac2227-0547-4d2a-a507-e0b184d6576f
jerome abbey,25f7a5f9-4631-443c-b64a-5819b6c5a4b3
jesurun raksakyi,c59ab868-6564-4cb4-b078-3933a65a5645
jhon arias,7898666c-40d3-4b97-843f-61c418398bd3
joachim andersen,0ac12745-7ffa-4881-8221-e2f9be356750
joao maria lobo alves palhares costa palhinha goncalves,10ae3347-3a02-4f2b-857f-f893d9321d9d
joao pedro ferreira da silva,bed0caab-e873-4838-936d-2b2a4ab1f12c
joao pedro junqueira de jesus,55a8465a-288a-4d50-9639-47ec4e0768d3
joao victor de souza menezes,6f4b02fa-c326-4d0f-ac71-2bfbe124134a
joao victor gomes da silva,aaedd156-22cd-4bb3-a4ad-1fc17261e87e
joe anderson,582b019b-7237-4335-b4ed-6ff79a648e4c
joe gauci,06b1ec8e-2c6b-4366-b1ee-2d645260109c
joe gelhardt,dc851289-cecf-4879-b415-d08627cc63b9
joe gomez,845b4f9c-2fc4-415a-b79c-511935f0cfc9
joe hodge,b293fda1-fbd5-4b03-b7e7-82b890afc81a
joe knight,8582ccbe-fb16-4e2a-90a5-509792098c1e
joe rodon,9e8d26f9-fcca-44d2-9939-03c86e069057
joe white,6c08aecd-7566-44d8-9013-2d1faa58cff3
joe willock,f3f91085-9596-4ac2-9f7c-89bfb9e82967
joe worrall,6c9910ae-1957-4e72-8f16-3d073e0e15dc
joel drakesthomas,92c3e136-acf5-4904-b9bb-2f2311fecf17
joel piroe,15c90ac9-3ba6-4ae7-b14e-b97f1ae06ab1
joel veltman,9395df26-8d19-488a-88ce-629897656070
joelinton cassio apolinario de lira,95ccf94a-5e34-40f9-be36-b21a4559ce72
john mcginn,56e689be-c029-4567-9c3b-537407e52daf
john ruddy,ce28c1bd-25b9-4f5b-a51e-67f8f414dddf
john stones,6fca2b13-c703-4632-8807-63211f94857e
john victor maciel furtado,c1b7ab5e-7633-4d9b-b579-6bff6fa58ff0
jonah kusiasare,650fac81-91fd-44fc-b1b0-ebea6aeda160
jordan beyer,0695c722-c974-41ff-87b1-68efe555232c
jordan henderson,96c2f9b3-f115-4c9e-a253-d71c9dd91ea5
jordan pickford,f8124b21-a5ba-494b-a4f0-3a11afd56393
jorge cuenca barreno,c19448df-4fcc-4abe-ab9b-6e4757a4353a
jorgen strand larsen,2a2d40c1-943c-4af9-9ab8-ec52581be3dd
jorrel hato,681dce34-9134-4125-8017-ab827a82d32a
jose malheiro de sa,07c8115e-378f-4468-86a7-4239ba2ea6f4
josh acheampong,deda9de1-b226-4b4f-ae96-9ab36538b14f
josh cullen,5b84d7a9-d170-444b-b43f-718ef16682ed
josh dasilva,90022dc3-ff1b-4e17-b522-c128f5f9027a
josh king,c83f8572-1006-474f-837e-f70b9d61ac71
josh laurent,d0a4b94c-1869-4bd3-809a-15a3a2324dd3
josh nichols,647c2a63-e197-4606-9bda-fdebdbff36c7
joshua zirkzee,cff7ab2a-414d-493e-a24e-beed57828227
josko gvardiol,7b1a1c4c-5a86-4544-88d0-673033d93062
julian araujo zuniga,9c112251-7b8f-4bf8-9101-2b5f1f3a1fc3
julian eyestone,c64bdccf-11ad-46d2-825b-193b4dac8a29
julio enciso espinola,98fbc16a-0597-4988-85c5-309dddd579b6
julio soler barreto,72f01a79-38a9-4c5d-b462-0b8271086ca6
junai byfield,dd1102bc-d8d7-48e8-a6df-7471dd3cc2d1
junior kroupi,5d58b962-75e0-493b-b92d-fc6028199480
jurrien timber,1f7bffdc-de9e-4877-a161-1e4ab4def0be
justin devenny,e8085c10-4d41-44ad-bc49-62f039cec583
justin kluivert,864210ce-acbf-4ada-a8be-91d8ddb0711b
kadan young,14dc94b7-d2d6-4946-baee-40b7b04e022b
kaden rodney,3de438ce-88da-4407-88a0-6b2ca2ca1e84
kaelan casey,4ee4aeb2-adea-471e-8923-966c8b4b6bc7
kai havertz,de31dc7f-3323-4f15-a928-1437d79e6ccf
kalvin phillips,4a6d52ec-01c1-4735-8fb8-7989a48e312a
karl darlow,1703a586-a104-482d-b49d-a1fcdcbdc69d
karl hein,5d6ada96-fd6b-4e24-9168-e3c7768bc36a
kaye furo,dbde5958-8255-4a4d-a908-4b4bd62c7a75
keane lewispotter,fc29811f-0362-4e88-a554-b7c8632bb6ea
keiber lamadrid,d752930e-96fc-40ed-bafe-b6bac850d7f4
kendry paez andrade,f0b5d83f-289a-43ed-a599-1330f5e509a6
kenny tete,c36e4efb-fc04-4ea2-8156-49804205b962
kepa arrizabalaga revuelta,8b9b64fa-3228-4e9b-862b-f00e4e30db79
kevin danso,7d7064ae-f47e-4e65-afb6-587b910007ae
kevin santos lopes de macedo,b3bccc3f-f8c5-492b-9770-b0e2d462081b
kevin schade,07b065ac-c887-4ca8-8dca-84aa094b059e
kieran morrison,935815bc-82a6-4ae3-ad36-d1b7546ef0b8
kieran trippier,ed6a2a16-05a5-4ce0-b8b3-8c7e90b732f9
kiernan dewsburyhall,bee903c8-542a-4c61-9ed7-e31ef54f2a67
kijana hoever,c3f408c5-ac44-47dc-8022-c6f5418ab3e0
kim jisoo,50c38c2a-b831-44e5-becc-50306ea42647
kjell scherpen,2054ce8b-3d82-4b1b-b132-91a1306ae23c
kobbie mainoo,102b6694-401c-4353-9e3b-925d0d9119d7
konstantinos mavropanos,b79177bf-a023-4bda-9374-63473777ad03
konstantinos tsimikas,e381ac0b-3bdb-47ac-92cf-c90eaa0c5f70
kristoffer ajer,be6fb579-0be0-4e9f-b6f6-d47fe6f75c2b
krisztian hegyi,b494d207-5dc4-468e-978f-3044d1e748b4
kyle walker,c4d38b56-e867-49ab-b60a-9cf853e284c1
kyle walkerpeters,dabc5c7b-1a12-4ea6-a98d-efae353f785b
ladislav krejci,da40a915-0474-4844-9d78-d4b4e8b2f727
lamare bogarde,2b8eac5e-7192-44d2-832a-73ef8e93757f
landon emenalo,c02edd45-a13e-4503-bf3f-3d5d2ff01505
largie ramazani,324015d1-c830-4d7c-bc69-ac8a7583058f
leander dendoncker,6eba8df1-d6e8-43f3-b8b7-d09a37b6043c
leandro trossard,2d413541-bbd4-4e66-b8b8-c37b78c66efa
leny yoro,9894907e-0740-41e8-affc-62182f478ffd
leo fuhr hjelde,7878ca2d-f823-4d71-aec9-0c6888372ad2
leo shahar,de22a30b-ed5f-4ab1-bf7c-000546a9082c
leon bailey,cf633b46-a744-4f98-b37d-674b6eea1b2a
leon chiwome,3c0f997a-be90-4420-a015-50e3c537a42a
leon routh,f9c4ac48-4613-4890-8de4-470a1c5a03d8
lesley ugochukwu,572f454f-d19a-4101-b669-91871e537a52
levi samuels colwill,fb3991a1-1b60-4f51-a505-9d8f05b9aad9
lewis cook,de22fe0a-8bb1-4738-b4d5-a19d6e937c5c
lewis dobbin,923028c0-b226-46d1-b92a-c21b89a9f358
lewis dunk,7cca2bf0-b852-4085-8655-2ca2e09a6fa4
lewis hall,caaaceca-d20e-4f09-8168-c52ab1ad7d38
lewis miley,4d3e4d64-f905-41b1-8842-e0aab92ced7c
lewis obrien,e459df12-d37a-4313-9099-1d298d7885d3
lewis orford,fdff97f3-c09e-4e1e-824c-4ab3853363a2
liam delap,31c5a60c-7e07-4afc-8489-2d801542f2c1
lino da cruz sousa,de27a058-184a-472b-af25-2aa19406d456
lisandro martinez,655ac6eb-a60f-43c0-8fb0-04dad7e4cbbd
lorenzo lucca,b0bfc872-ac54-476a-bb6e-3011e585de49
loum tchaouna,d9eb5308-6dd8-4343-80c2-57c0cb69136e
luca koleosho,d43899e6-6fdb-44dc-99d9-319c0e249091
luca netz,7e28b1c5-0213-4fc1-825b-471591c4512c
luca williamsbarnett,3618a6bf-f82a-4061-8dd9-3fe97faaa169
lucas bergvall,cbc3ac4b-e681-4e8b-a907-41fe3f72716e
lucas digne,1e75120b-a2a1-4a0d-aecf-36ae99b0a491
lucas estella perri,b5ec6e3b-2a58-4dd9-b61e-365ae6b1b5e0
lucas pires silva,b7e38593-a0b0-4e0e-b513-75e07679da0d
lucas tolentino coelho de lima,f0237425-ff8d-430d-8162-b17ee9aa693a
luis diaz marulanda,dc65c9f5-65df-41ff-b51c-1285855802d4
luis eduardo soares da silva,db420a31-b751-4562-9da9-e30fa0b5011b
luis guilherme lira dos santos,cdf4a6b8-26eb-479f-8e3d-fe304982b1f1
luis hemir silva semedo,97d49b94-a2d4-4f88-a23c-9d8cce65a9aa
luis sinisterra lucumi,5fdcde3c-29ad-4909-bc31-2b902b56cd45
luka bentt,b2b151df-b9db-400a-96ce-75394c73aeb2
luka vuskovic,592ad6dd-25a8-47d3-9d95-a78ade8f95ac
lukas nmecha,4f40aae4-01ce-4c64-b7fc-687aaf568ec0
lukasz fabianski,56583872-6fe4-4378-9925-6dd992e339dc
luke harris,1b0e4e8d-1cf4-4a0f-b2f8-79cae030589d
luke onien,72a275be-7f12-4999-aee0-68aab21da4ad
luke rawlings,8a3d5166-9c05-4968-a78e-32e5c2b9f883
luke shaw,54fdb9ae-c315-4e14-a841-3d110040ec20
lutsharel geertruida,2ea18dd4-064d-477d-a2a8-3fd2201aef75
lyle foster,667659f8-7f51-4a9c-aadf-1e372c15b79c
mads hermansen,f2f87c1d-29f2-4767-a200-bffca6a05a6f
mads roerslev rasmussen,d726cb09-a5b6-43c8-ab3f-3dc787fbd922
malcolm ebiowei,28511d24-02e6-49e2-90d6-6453cbc95a94
malcom dacosta,de0ffd9c-c32f-4a7e-bd75-3610270b5674
maldini kacurri,230a6c5b-3da3-4673-aaed-5179fadbd8ab
malick thiaw,bea330d5-af0c-4482-9d12-8aa3425d3d3b
malick yalcouye,775c41fd-4bb5-4271-b7c2-73523a3a9a46
malo gusto,d89e3f22-dd28-430c-81de-6509973a7b71
mamadou sarr,92d42c67-50bc-4781-8f78-485bf6f85529
manor solomon,b5d19d9f-6505-49dd-9bbe-8272f288d363
manuel akanji,79359cc5-df47-4d83-a83e-330f76688e71
manuel benson hedilazio,ab004597-aa05-4225-b8c1-c4f7454e2e08
manuel ugarte ribeiro,6b144c05-4690-40ce-8ca1-4c4d58c3faef
marc cucurella saseta,d1dd7ae2-1aa4-4fa8-b494-e3ceb559ae95
marc guehi,faac0bc3-93e4-4dd0-a114-1f6794b60aa6
marc guiu paz,2223b44a-28f8-4d5e-8149-29d98dc5d720
marco bizot,a21d7525-9b81-4a98-ae8b-29a4ca5ede4d
marcos senesi baron,041e2741-52a1-4241-98f3-1286c4496cde
marcus bettinelli,1dc77d20-9f1f-469e-af15-3be0b112fa7f
marcus edwards,772798e3-e494-4599-b34c-45ceefc54109
marcus rashford,d3527f8f-553f-4125-a2c1-ae5680145678
marcus tavernier,68eac8ab-eaec-426a-b756-c70d23412479
mark gillespie,69837aea-628a-42aa-9712-3edfccdb1b4c
mark travers,39d5765d-4efc-4581-b1e9-deff88c1b72f
marko stamenic,7c3842a9-8180-4b77-a842-c0a133278448
marli salmon,686094d2-f5f0-4f4f-9ed6-284f73a540ef
marshall munetsi,cae90bb3-2e25-4f61-9852-d15a3ecf41eb
martial godo,2e88fd38-9429-4d8d-a0cc-0070b76c5153
martin dubravka,edb6fff6-284b-4c85-addf-5038cc12e473
martin odegaard,5e206629-c793-4275-a0e0-d05efd0dc2c3
martin sherif,ceb899e2-c8f0-4ce7-8460-378301b32715
martin zubimendi ibanez,a53c2095-6e03-489b-bff0-fbfb6229e966
mason mount,e39fae5f-c5ee-4e85-8d99-f8a56e8c5637
matai akinmboni,ae1be1d7-2911-43e8-b844-7c2f998e83e2
mateo joseph fernandezregatillo,2c7d0369-d0e9-4407-b098-a7248a078b49
mateo kovacic,e161c86f-3f4f-4c98-a498-39f7a031c895
mateus goncalo espanha fernandes,3ef4ad95-64e4-4cbc-82ba-e11ce4a57a23
mateus mane,6933b346-e94b-4ab6-bbb6-2072f7afa073
matheus franca de oliveira,4e2726dd-4c15-4387-baa4-aa0f10a64380
matheus nunes,68f55284-b582-4421-bd19-17f156a4bdf4
matheus santos carneiro da cunha,e0ec2de0-5bda-4d21-949c-103a273770b1
mathias jensen,3b6d0527-3bc6-454c-b1a5-097416fa428f
mathys tel,7380374f-dd1e-4c7e-8731-516ee2188fc7
mats wieffer,68993882-5a68-46ab-af07-a38ca4adc3dd
matt doherty,98071c44-ada0-41c8-941b-16fd2378907e
matt oriley,098c490d-6e00-425f-93fa-f88ac119ed1c
matt targett,ca10c214-376d-4282-93e0-bcc04ca23362
matt turner,44bd5112-bb64-4535-bbc2-991b7d249964
matthew cox,e8f6a3ba-4dcd-4099-8600-bf6d0e43eab1
matthijs de ligt,a98534cb-f0c5-4073-8efb-647089502bdd
matty cash,3ec2f635-09ff-44e2-a400-5b8ae9113d01
matz sels,094e188a-cbab-47c9-ac38-04b8356526a0
max alleyne,73c0a7ca-7113-4a4a-9922-785e09839f16
max dowman,b5a504ab-ac25-461d-a5df-ceb484f0906c
max merrick,16993308-175d-4fc7-ba62-9ac48faaecec
max weiss,4ff504c6-14a9-403d-bbc1-bde0142b7e6a
maxence lacroix,cfef998c-05c1-4108-bf01-2a5ad3b7322f
maxim de cuyper,f6232827-13b2-4cb3-8914-ff52eb574e4a
maxime esteve,4ba9c282-57fc-40c2-9ac7-fa4402621a60
maximilian kilman,5ba2bb09-e5df-4da8-be48-5c7ed6a55c0f
maxwel cornet,1264a4d6-7f95-44ab-b957-112f1fb413f3
melker ellborg,557f66d3-f025-4326-8921-8664769e5494
merlin rohl,96ad1752-ca3c-4267-bd61-155adc774dd6
michael kayode,5fbd37b0-a2b3-42b2-b895-d326b7131dce
michael keane,bc46ba7c-61b3-405f-81f0-b3b6dbbab6c4
michael obafemi,edfe9a90-c6d1-4117-adb6-16090b8ce867
micky van de ven,6b94191c-8d7b-4bdd-98a3-63210a678a90
mike penders,45b26bfd-4736-46e3-9fe6-2b83aac910b3
mike tresor ndayishimiye,baf32199-e44b-4357-9646-673049032841
mikel merino zazon,244ab0fa-3ddf-40ab-9b78-1047b1ac56d7
mikey moore,b2cf7cfc-c7a0-49e8-b758-d5295b186231
mikkel damsgaard,3cd8d095-cf35-4824-8158-3b8cb2dde687
milan aleksic,d854ae71-d617-43ab-a4e4-d22de4cc7677
milos kerkez,afbe1a7f-3abd-4329-89fd-1249971979fa
miodrag pivas,1aa9dd24-013b-4874-b66f-03b589141100
mitoma kaoru,87ab6558-d4ca-4c5b-95a8-0c77656afaa4
mohamadou kante,2d46c2b4-58e4-4048-a738-5b74b9b9e906
mohamed salah,120ecf9c-6abf-4c08-a685-10dda4728471
mohammed kudus,172669aa-08e2-4acf-8458-efee0453a36d
moises caicedo corozo,8fd50fee-b45b-4b24-864e-f77177c5e2a3
morgan gibbswhite,a5fa44e2-f1a6-4b06-9027-ba3c18cee7af
morgan rogers,b2a0231a-ce97-4598-ba78-465a78beb693
murillo costa dos santos,f3cd8851-cf0e-4b2c-b140-ed6b2cd5641f
mykhailo mudryk,64552807-6b78-48a6-8993-79d54af66846
myles lewisskelly,71f88309-9b2a-425f-b8ca-0239240433ac
myles peartharris,465f776c-ea4f-4b9c-8f8d-c05e87b4c9c7
naouirou ahamada,c7088a1d-ae88-49ef-a569-c413842d95a8
nathan ake,26548593-f283-4408-92c9-3d1b2737f0f4
nathan collins,619a1ecb-3cbb-45dd-879b-77819d8450ec
nathan fraser,00489f0d-9660-4d53-8cb5-cdac30c6de1a
nathan patterson,5139b417-c421-43f5-993b-7f7c8e092879
nathaniel clyne,82e590d3-981b-47d7-8c2d-92ca503658c5
nayef aguerd,599e30d4-e5cf-428e-ad38-46026a2a42c9
nazarii rusyn,7da9be40-3886-4774-a3a2-470a98708756
neco williams,6d67308c-72ce-4fb5-bb37-faa24613fb03
nectarios triantis,09564bee-d85a-4257-97ad-218a4441f686
nehemiah oriola,4b0f5678-394b-47e4-bd00-ddf91c431746
niall huggins,174925af-9cbc-476b-8e79-2334153409ce
nick pope,42dfb332-95c0-499b-be8e-19aca34c288f
nick woltemade,6c0a6fad-ffaa-4c46-8d80-50025059d371
niclas fullkrug,488c4f7e-d74d-4e7d-a5ad-401484e1d4be
nico gonzalez iglesias,8aeb7679-31f1-4400-a884-74c830077fdd
nico oreilly,7ef1d9c7-40de-4f2a-9ecd-9abaaac1fd5a
nicolas dominguez,13dbc7c0-ca8e-4dff-92e3-9b1f3dc4a254
nicolas jackson,2858d437-ce50-4f67-b300-b2bc7bc71e75
nicolo savona,da186be9-c6b9-4adc-8c10-163e736d5c22
nikola milenkovic,0a9ff1d8-57ab-4ba0-9b64-14d57f71f05f
nilson angulo,3a64eb7c-8286-4550-b7f0-c405bb40aa90
noah okafor,1c50e958-4d91-479f-9a6c-cad60cf3966b
noah sadiki,a3b765ab-c83f-4c51-ac37-bb91c240a642
noni madueke,ec9078b1-f4fa-442d-a391-c745021167e2
norberto bercique gomes betuncal,9303ccbf-67e9-43be-875a-1088bd70f6f7
norberto murara neto,8b26a008-d81d-4f28-b98d-88ffd1e1c981
nordi mukiele,b9d4268e-6578-4844-8cab-7ce24568b241
noussair mazraoui,fe109972-372e-4ff6-8d18-efc0b2bf4302
odsonne edouard,cc1c6719-5a03-4f9d-abac-58c3102cd7fb
odysseas vlachodimos,2f6169dc-a80f-4dae-8fcf-21a21eac69d1
ola aina,3d311626-8dd8-4955-95bc-721983ec02e1
oleksandr zinchenko,628c8796-5520-420f-8538-31c22c1475af
oliver pimlott,95ad2240-9cfa-473b-8ca9-9d9c87c633d7
oliver sonne,a8f33982-842e-42d0-8cf8-743771201e2f
olivier boscagli,defe43f5-1631-4eb2-9b99-203ea70ae0bf
ollie scarles,690c89f6-23dc-467a-b2e4-981f70c62f55
ollie shield,ac9fa20f-691a-444f-8794-943ecc36919c
ollie watkins,683c0184-8377-40d6-9369-7f0c3a7e82c7
oluwaseun adewumi,68887265-be5c-4be6-bd5d-82565baa02a9
omar alderete,21f39883-4dbd-4f3a-9672-246a42deb423
omar marmoush,b2cdf3ed-e6c2-46b1-8a8d-3ae9619bb5a1
omar richards,7051e6a7-e4c4-43c5-85e3-b627bffbf8cd
omari hutchinson,46acae6f-8271-4671-a0c5-5b07fbffdc30
oscar bobb,3005c4c8-9ed9-477c-be0a-300e933ebdd3
owen bevan,b1c17799-5dae-4508-b16a-8f10d29f5db1
owen dodgson,41485253-9403-470e-a84c-accaed95e8fe
pablo felipe pereira de jesus,3276cd7e-6f8c-431f-a6d4-458fca0ac606
pape matar sarr,92660e65-3b24-4e04-9300-d9515a74cb2e
paris maghoma,2fe767f0-9de0-410d-b8af-f13e7964f8b6
pascal gross,6b1f967b-8893-48e0-8d41-8d843dea3b02
pascal struijk,6bf4a31a-2cee-484e-9167-81b4e2c44359
patrick bamford,dcde13bf-7c40-482f-86cc-ac2b87f3aa1e
patrick dorgu,dba25d81-f77d-4bd0-9cf7-6fe8d7825bc6
patrick roberts,1a0d6d41-d8f6-4350-8b4f-828a2304c4d8
pau torres,95ca3244-cbe0-4b32-a71d-034a18371d6f
pedro cardoso de lima,979dfc5e-f7bf-43c9-a942-0190d60d503d
pedro lomba neto,f323967b-d41f-4771-a649-b9cc71933372
pedro porro sauceda,a04fd9aa-91f0-45eb-93c1-5e2a8ef731bd
pervis estupinan tenorio,1045084c-0713-410a-a631-b2374c843379
phil foden,66a996a8-9d58-4ef8-822f-772fbc9b95f7
philip billing,572603b2-5d4d-417a-a26f-15f3f91ecfc2
piero hincapie,63a5109d-ea4d-4a5f-a32d-d0c47937131d
pierre ekwah elimby,88869adf-880a-41ab-a231-4fd055576c3d
quilindschy hartman,fe284121-579f-4c01-8cac-5570331b351d
radu dragusin,3ec56bc0-8242-44d3-9009-05654fcb6554
randal kolo muani,52dc7a59-dc49-40b2-9350-bfd901a9f957
rasmus hojlund,e620223f-66a5-415f-953e-333fbd17de03
raul jimenez rodriguez,2beaa181-db86-4b57-81d1-f65208514793
rayan aitnouri,92013fed-14c7-4ecb-99a9-14d6c5e566ca
rayan cherki,950242b9-548f-4f54-bb80-4ee1fb450ef1
rayan vitor simplicio rocha,b7d8f9d7-edc1-47fb-bff1-5d8bf9e77546
reece james,5c98076d-b981-4365-b128-e85c3cffd3d1
reece welch,67c12285-c1b3-4c39-b606-64dc3ed59a72
reigan heskey,4199a05f-d529-4445-bd48-9625819d3543
reinildo mandava,8c04a3e4-553f-4b98-a92b-fcbe7aba845e
reiss nelson,2bb06b4b-b435-4aab-86d3-f9bbefbe6635
remi matthews,4fb6ad15-c8f0-4b1e-a29c-447232fa1b1e
remy reesdottin,253d05ec-655c-42a5-94fb-7d4c6558ba89
rhys williams,1c4082e8-4567-48fc-8bb6-d92b7d919040
riccardo calafiori,133ed505-7cd3-47a1-83ea-7e41984f7d02
richarlison de andrade,cac57442-2ada-4102-8bda-5e001b83b036
rico henry,25947a9b-cbf6-4fc2-9079-8173d93b11e1
rico lewis,b164a747-64da-4664-96e9-55bade327200
rio cardines,ab47e9fa-a449-45bf-9ec1-a469e5685785
rio kyerematen,70f58f41-ac15-41ff-a1cc-6fbf4e636266
rio ngumoha,c8956d50-949e-4ae6-a620-59d744c151e0
rob holding,96c3bae6-49ea-469f-9e41-e051ecd2c5c5
robert lynch sanchez,7c65df0f-2eb2-4f69-8572-a39eae2badc1
robin roefs,66a6eb51-fe16-4c4e-a5f4-61105b1b19d9
rodrigo bentancur,25a1cb07-d054-492c-838b-ec92f3d73928
rodrigo martins gomes,4be72804-5c36-44b1-9aa5-74e141bf8243
rodrigo muniz carvalho,826a70ce-d6f1-49ec-9930-6335ad390a71
rodrigo rodri hernandez cascante,e3916dce-8519-4e9f-a7d1-47f7d65dbb69
romain esse,abfc8f56-b3fd-4deb-96ff-a224875bb665
romain faivre,8283de20-7250-4744-85db-77769824eff2
romaine mundle,a083d585-fcab-4491-b41e-4a8f36624d1f
roman dixon,6b84f56c-5a38-415a-9a38-8316938e0536
romelle donovan,1b71ecbb-565d-4656-aa8b-c748fbf04e2e
romeo lavia,79225827-3f8e-40db-a775-856b6f9724fb
ronnie hollingshead,556b09b5-bb39-4a54-a5ca-32e230239230
ross barkley,0e62debb-e0f7-4c9e-b63f-37c8313c8b1c
ruben dos santos gato alves dias,0bbbe746-4ae0-465c-b6af-29d15fb69681
ryan christie,b4945e49-83eb-4331-b1f0-136f7b8ce975
ryan gravenberch,2063a83c-776f-424e-abae-ec0a7c52ba6c
ryan mcaidoo,96bafb5b-9c11-4f07-9a67-dcdbcdda5c15
ryan sessegnon,e0b80b20-abe0-4537-b2be-4b922da23980
ryan trevitt,bc53cb71-459d-4bd9-bb62-ba9d41fcb2de
ryan yates,544fb935-6f7f-4076-87b3-c6b9c9581ed4
saheed olagunju,7c32347e-1c2f-4037-9fa8-0d3c3c9359c0
sam alabi,c2d1236b-7d84-4aa7-87f9-445c7f875459
sam byram,03e785bd-d37e-4a2f-b12b-27892294d25b
sam chambers,c4c1e14a-71bf-48cc-98e2-66c38ece3e13
sam greenwood,722c983f-e884-48f9-8d6c-a9fb74302597
sam johnstone,9fbf937e-33c8-4214-8ed3-119215990fd8
sam proctor,92662df5-d15a-4709-b92a-cb87f82aad61
samuel amissah,0069caaa-93c1-4859-b737-ceac6760d1f9
samuel chukwueze,2cc6f00d-fc0f-4d2e-99d8-08616263ada9
samuel ilingjunior,24cb5378-243f-4ba1-ac26-d79859a3d72d
sander berge,585def21-81b3-43be-bfe1-af0c157af2d9
sandro tonali,73caf5ce-5e16-4961-8a9f-676d150d3ea2
santiago ignacio bueno,881f1a40-2837-444f-9b78-e818c59213e7
sasa kalajdzic,4d171efc-08d8-4094-804a-6bfde236c518
sasa lukic,f8a4eb74-e90b-4fca-9117-26bf90790508
savio moreira de oliveira,27fd182b-0b61-4bd1-86bd-69c41c0f388b
seamus coleman,abf0aa45-5583-44ef-83dd-b81c2f3c4e58
sean longstaff,1a91cb64-4e76-46d1-bc79-3855b8812a78
sean neave,0b4217cd-1816-4137-b9c7-2afa119fb3a3
sebastiaan bornauw,211d17ea-0b9b-41bf-abe5-c26ec181eff5
sekou kone,db6393bd-f0d8-4947-bb11-9e633365ecc5
senne lammens,85cee967-0e8b-4695-b8ba-c11fceb54ae2
sepp van den berg,76a4f15c-f263-4da3-b198-3375a58c02c5
seth ridgeon,3a80a006-9caf-4a03-ad73-aef2fe094f99
seungsoo park,ed3b6f8e-a283-4bdc-9f59-3014fc616804
shea lacey,edc43cb3-d887-48d9-a1a9-0846d998e50a
shurandy sambo,752d84a7-2cb0-48d5-a0a0-7e0d68d8757e
simon adingra,79e4c04c-7263-4532-8a6d-2af920fc0481
simon moore,e5f77066-06b2-40ff-a832-3c15eb01e93d
solly march,3db1107f-f6ce-4690-8974-28a9757db1c0
son heungmin,abf44bc4-7787-4331-ab61-ca2b25b69f09
soungoutou magassa,8a6d87e6-ad20-42df-8833-d09c4d7168bc
stefan bajcetic maquieira,f5df5ecf-c005-49cf-b2a3-31e25e1a0596
stefan ortega moreno,35a195f2-cd9b-45f4-81fe-74c29b63874d
stefanos tzimas,a51016e6-d082-496c-baad-9ecb42b1cdbb
stephen mfuni,af16b8db-bc89-42fe-9cd0-1d2758aad378
steven benda,8f105103-71ab-4482-897c-fdbc0ad527eb
sven botman,b0a877ea-e155-44ca-a802-c40a6cff2d43
sverre nypan,62462643-9e9a-4f47-aea6-ad551c086d3d
taiwo awoniyi,c8ab21f5-6a34-4604-86cf-040a03a02331
takai kota,e24fb6fe-aceb-42b2-9b4d-035a6be64f85
tammy abraham,199e4d5e-e04b-42a3-911e-a51716f163b7
tanaka ao,0d548c51-0c1e-456d-a645-0339b46e7a5e
tariq lamptey,4a6b64ad-160f-4bfe-8910-d85aa4fc73d3
tawanda chirewa,fdf22c35-437b-4d3c-9498-05ab934904d5
teddy sharmanlowe,f51faf98-f0c1-433a-a328-9db11796224a
temple ojinnaka,ba16819f-b1b6-49cb-8c1f-b474aca3ded0
thierno barry,c9dee64e-0825-4656-a094-f1bd0c0f98ea
tijjani reijnders,b8ea0c3e-aa83-41a1-8117-b1f84edf232d
tim iroegbunam,5ccf65e6-1a77-43c4-8982-df8f8fa4c4d3
timothee pembele,5d51d0c9-1ae4-4a5a-89ad-11ccdfbec0d6
timothy castagne,707df6f9-32c7-4730-b302-246598948266
tino livramento,2d08267d-a8c4-48c1-bd46-dcfe0b4a763c
tj carroll,4481f90e-407a-4fed-bfff-ac42f0f842fe
toby collyer,f34017a9-60f1-45be-8a8c-6abac35422d9
tolu arokodare,9e66b0d0-fc1a-4ef3-b218-f147fe72963a
tom cairney,8c07505d-632e-4be3-a928-e089ffcc21f0
tom edozie,36d02a0e-a804-40ca-8395-4269adbfc059
tom heaton,ae96300b-1bbc-4668-86f2-e6ca6e3fb979
tom king,e96ec1fe-601a-4206-a786-f8721a9f5e44
tom mcgill,c204324e-ee9e-4491-a5dd-f1bd5e3d6c04
tom watson,cd8423e2-c859-478e-af7b-f81832d82c1f
tomas soucek,37db7bc9-79af-4679-ae09-282cc2bb1eae
tommy setford,f141bdbb-07d8-4387-931d-5c1d689fd6bb
tosin adarabioyo,db45efc3-dd73-4a51-a1de-17c98f3ee1c4
toti gomes,aeb6d405-c68d-41cf-9532-765ebb746353
trai hume,5ce9071f-ffa1-4fbc-ad28-206ff46e521a
travis patterson,36c7c9cd-9035-4b68-b760-d3e5f4097832
trevoh chalobah,57edb292-d343-4916-85af-2692c9a26902
trey nyoni,d9b6159b-4a4e-4ba8-956e-11bac5644d66
triston rowe,b7678e26-dbaa-4823-8dd5-b1b022c48d4b
tyler adams,da940c4b-cf5e-4a32-8291-7d8e292aba44
tyler dibling,e6e2b8ce-7f85-40f2-86fb-262c975fc7fa
tyler fletcher,80499281-723f-46e1-a691-e1145cc5b2ba
tyler fredricson,acc392f0-3156-4b04-b67b-32cdda44b9a3
tyler morton,66ae59a0-06f9-4517-bd74-8b6867027f9b
tyler onyango,d3ad62a1-f6e7-445e-ac0c-45065ce278ad
tymur tutierov,d546bc65-8083-46d4-940e-ba7fe92b0520
tyrell malacia,ddc70aa7-c30e-4316-87fc-fa7dddcfb067
tyrick mitchell,6889e8af-2c6a-4cb4-adf8-50bb229957e7
tyrique george,b4bfac18-8c9e-4df0-8048-d7e93d10ce11
tyrone mings,802f49b3-0182-48f0-a206-844f41f67c8e
vaclav hladky,1814ebb0-97fe-4e3a-94b6-b93a51721861
valentin castellanos,ab29e6bf-35a9-4ded-bf59-68bac0929206
veljko milosavljevic,5a94166e-a998-4086-8b2f-e427f0a58405
victor lindelof,44113d37-ff97-4a48-9325-e2f75e011f2a
viktor gyokeres,096ccd1a-8b6d-4ed4-b400-6451d1ab698e
virgil van dijk,09519b28-aae0-484d-8165-012a27c48cf3
vitalii mykolenko,1d1af5d5-2b71-43f8-851c-2a381997deee
vitaly janelt,54633171-a9ce-445f-9081-970340ea5db8
vitor de oliveira nunes dos reis,e2027b9f-0d21-4219-8913-5676d7e97bbb
walter benitez,5defde85-5bcd-4f0a-b738-ccabdeb0678d
wellity lucky,21e64caa-e767-45ba-b639-da6d8c3c37b4
wes foderingham,47de451a-f6ea-4ea7-8ecb-56b230528ce0
wesley fofana,417559ad-831b-48c3-b394-db5ee656932b
wilfried gnonto,2c32b392-f840-4d32-8291-a9a21254b39d
will dennis,0849c24b-2bdd-4389-b174-89cce59ba7c8
will hughes,20394168-f987-4488-89fa-9e2e20a60635
will lankshear,55b9e7ce-3473-4766-804c-304e762930ed
william osula,89009151-65b8-4041-b5c4-28c110df090d
william saliba,f656f36f-6b46-4412-af47-9b2d33aec373
willy boly,8b3908ab-aca5-4067-9c89-b85336d09d9f
wilson isidor,2d4ceda3-6d79-406f-9001-1eccfc5d2006
wilson odobert,5c944f17-4829-43ad-a097-d6756416401c
xavi simons,911b82bd-ef77-4edb-9ced-8ae606a4e28f
yang minhyeok,805f305e-2a56-4ba5-942d-7fe076e92c94
yankuba minteh,24f588e3-060b-43f5-8000-670645693ec8
yasin ayari,2d892239-82d8-4654-93b3-079c94465a70
yasin ozcan,ca70d763-d068-4fda-a106-bedb0e658027
yehor yarmoliuk,7f2664ac-901c-472d-b057-c29a84ffa758
yeremy pino santos,9c7e9fbd-f210-4f99-9a38-422ee82520bc
yerson mosquera valdelamar,20cbb959-8287-4952-9709-b8794998eb03
yoane wissa,c8792c35-cb3f-44d6-aa9a-2eb213acdfc5
youri tielemans,2596fe9a-f4bd-4c86-9b90-437e492e429f
youssef ramalho chermiti,0ddc5caa-8204-4d45-b0c6-74b2650c3011
yunus emre konak,ff480ef0-e66c-46c1-9c67-8d24b55af857
yusuf akhamrich,7c6df042-8630-4ad9-8c1f-7c3f65ab3ed9
yves bissouma,42e8827a-fb2d-4b17-9930-ceba3171418e
zach abbott,3f71d8e5-f5cc-4aea-b7f5-7209b9a4a03d
zach marsh,60acb72c-d5c3-431e-924d-209c470675a2
zain silcottduberry,3645b44f-8f0a-414b-b10a-dc710bef5c93
zak johnson,e4d980fb-d7d1-4cce-bed2-b3966f6b559e
zeki amdouni,855b595d-52a4-4269-95a4-a962ee6b9e55
zepiqueno redmond,e4642c39-998a-4182-857f-857c5f3bd597
zian flemming,430efe34-708b-4afc-94b9-0df4353a1d6d
